기준년월,지자체,KTO업종중분류명,소비액(천원)
202501,서울특별시,관광총소비,5.42053166E8
202501,서울특별시,호텔,5.5653883E7
202501,서울특별시,콘도,203615.0
202501,서울특별시,캠핑장/펜션,79395.0
202501,서울특별시,기타숙박,1.0853468E7
202501,서울특별시,여행업,659409.0
202501,서울특별시,육상운송,1.0381659E7
202501,서울특별시,수상운송,14431.0
202501,서울특별시,항공운송,1743771.0
202501,서울특별시,렌터카,99604.0
202501,서울특별시,면세점,2.56372E7
202501,서울특별시,기타관광쇼핑,9.8685952E7
202501,서울특별시,레저용품쇼핑,8866235.0
202501,서울특별시,대형쇼핑몰,1.23937071E8
202501,서울특별시,카지노,2.4749021E7
202501,서울특별시,관광유원시설,10177.0
202501,서울특별시,골프장,311993.0
202501,서울특별시,기타레저,1714125.0
202501,서울특별시,문화서비스,732154.0
202501,서울특별시,의료관광,7.945163E7
202501,서울특별시,뷰티,2.5297031E7
202501,서울특별시,일반외식업,6.0219046E7
202501,서울특별시,제과음료업,1.2752295E7
202501,부산광역시,관광총소비,5.4648227E7
202501,부산광역시,호텔,2020915.0
202501,부산광역시,캠핑장/펜션,6062.0
202501,부산광역시,기타숙박,1522824.0
202501,부산광역시,여행업,2950.0
202501,부산광역시,육상운송,284475.0
202501,부산광역시,수상운송,28222.0
202501,부산광역시,항공운송,2349.0
202501,부산광역시,렌터카,12172.0
202501,부산광역시,면세점,3812205.0
202501,부산광역시,기타관광쇼핑,5540535.0
202501,부산광역시,레저용품쇼핑,319082.0
202501,부산광역시,대형쇼핑몰,2.068777E7
202501,부산광역시,카지노,7582354.0
202501,부산광역시,관광유원시설,124219.0
202501,부산광역시,골프장,20034.0
202501,부산광역시,기타레저,277179.0
202501,부산광역시,문화서비스,24995.0
202501,부산광역시,의료관광,2828531.0
202501,부산광역시,뷰티,1500368.0
202501,부산광역시,일반외식업,7150633.0
202501,부산광역시,제과음료업,900352.0
202501,대구광역시,관광총소비,4476363.0
202501,대구광역시,호텔,400702.0
202501,대구광역시,콘도,259.0
202501,대구광역시,캠핑장/펜션,275.0
202501,대구광역시,기타숙박,230242.0
202501,대구광역시,여행업,79491.0
202501,대구광역시,육상운송,83969.0
202501,대구광역시,항공운송,74790.0
202501,대구광역시,렌터카,3928.0
202501,대구광역시,기타관광쇼핑,706623.0
202501,대구광역시,레저용품쇼핑,145534.0
202501,대구광역시,대형쇼핑몰,813383.0
202501,대구광역시,관광유원시설,33047.0
202501,대구광역시,골프장,15112.0
202501,대구광역시,기타레저,53117.0
202501,대구광역시,문화서비스,4666.0
202501,대구광역시,의료관광,553758.0
202501,대구광역시,뷰티,110155.0
202501,대구광역시,일반외식업,990126.0
202501,대구광역시,제과음료업,177186.0
202501,인천광역시,관광총소비,7.3902427E7
202501,인천광역시,호텔,3.3691138E7
202501,인천광역시,캠핑장/펜션,10855.0
202501,인천광역시,기타숙박,501165.0
202501,인천광역시,여행업,8782.0
202501,인천광역시,육상운송,565498.0
202501,인천광역시,항공운송,547.0
202501,인천광역시,렌터카,421698.0
202501,인천광역시,면세점,2.2799701E7
202501,인천광역시,기타관광쇼핑,3188562.0
202501,인천광역시,레저용품쇼핑,131828.0
202501,인천광역시,대형쇼핑몰,3708961.0
202501,인천광역시,관광유원시설,7301.0
202501,인천광역시,골프장,18067.0
202501,인천광역시,기타레저,135792.0
202501,인천광역시,문화서비스,4363.0
202501,인천광역시,의료관광,1540908.0
202501,인천광역시,뷰티,330034.0
202501,인천광역시,일반외식업,4308368.0
202501,인천광역시,제과음료업,2528861.0
202501,광주광역시,관광총소비,1536205.0
202501,광주광역시,호텔,54732.0
202501,광주광역시,캠핑장/펜션,325.0
202501,광주광역시,기타숙박,222401.0
202501,광주광역시,육상운송,19945.0
202501,광주광역시,렌터카,2170.0
202501,광주광역시,기타관광쇼핑,329460.0
202501,광주광역시,레저용품쇼핑,22032.0
202501,광주광역시,대형쇼핑몰,360380.0
202501,광주광역시,관광유원시설,291.0
202501,광주광역시,골프장,1228.0
202501,광주광역시,기타레저,18196.0
202501,광주광역시,문화서비스,30157.0
202501,광주광역시,의료관광,119936.0
202501,광주광역시,뷰티,42382.0
202501,광주광역시,일반외식업,268623.0
202501,광주광역시,제과음료업,43945.0
202501,대전광역시,관광총소비,2871264.0
202501,대전광역시,호텔,150151.0
202501,대전광역시,캠핑장/펜션,16.0
202501,대전광역시,기타숙박,304562.0
202501,대전광역시,육상운송,820436.0
202501,대전광역시,렌터카,3113.0
202501,대전광역시,기타관광쇼핑,280211.0
202501,대전광역시,레저용품쇼핑,13286.0
202501,대전광역시,대형쇼핑몰,558636.0
202501,대전광역시,관광유원시설,832.0
202501,대전광역시,골프장,667.0
202501,대전광역시,기타레저,16232.0
202501,대전광역시,문화서비스,1690.0
202501,대전광역시,의료관광,151496.0
202501,대전광역시,뷰티,55663.0
202501,대전광역시,일반외식업,433226.0
202501,대전광역시,제과음료업,81047.0
202501,울산광역시,관광총소비,1411110.0
202501,울산광역시,호텔,366010.0
202501,울산광역시,캠핑장/펜션,430.0
202501,울산광역시,기타숙박,76889.0
202501,울산광역시,여행업,469.0
202501,울산광역시,육상운송,29634.0
202501,울산광역시,렌터카,3977.0
202501,울산광역시,기타관광쇼핑,166873.0
202501,울산광역시,레저용품쇼핑,5450.0
202501,울산광역시,대형쇼핑몰,290767.0
202501,울산광역시,관광유원시설,51.0
202501,울산광역시,골프장,4683.0
202501,울산광역시,기타레저,14703.0
202501,울산광역시,문화서비스,509.0
202501,울산광역시,의료관광,84361.0
202501,울산광역시,뷰티,18053.0
202501,울산광역시,일반외식업,316081.0
202501,울산광역시,제과음료업,32169.0
202501,세종특별자치시,관광총소비,298034.0
202501,세종특별자치시,기타숙박,64737.0
202501,세종특별자치시,육상운송,12114.0
202501,세종특별자치시,기타관광쇼핑,42778.0
202501,세종특별자치시,레저용품쇼핑,2386.0
202501,세종특별자치시,대형쇼핑몰,19144.0
202501,세종특별자치시,관광유원시설,10.0
202501,세종특별자치시,골프장,5658.0
202501,세종특별자치시,기타레저,5033.0
202501,세종특별자치시,문화서비스,186.0
202501,세종특별자치시,의료관광,22268.0
202501,세종특별자치시,뷰티,9042.0
202501,세종특별자치시,일반외식업,100373.0
202501,세종특별자치시,제과음료업,14305.0
202501,경기도,관광총소비,6.036017E7
202501,경기도,호텔,2488003.0
202501,경기도,콘도,29092.0
202501,경기도,캠핑장/펜션,35699.0
202501,경기도,기타숙박,5125884.0
202501,경기도,여행업,34844.0
202501,경기도,육상운송,1449562.0
202501,경기도,수상운송,5213.0
202501,경기도,렌터카,320126.0
202501,경기도,기타관광쇼핑,9973769.0
202501,경기도,레저용품쇼핑,3960114.0
202501,경기도,대형쇼핑몰,1.6755844E7
202501,경기도,관광유원시설,382495.0
202501,경기도,골프장,96035.0
202501,경기도,스키장,431.0
202501,경기도,기타레저,686431.0
202501,경기도,문화서비스,131876.0
202501,경기도,의료관광,4447539.0
202501,경기도,뷰티,1872678.0
202501,경기도,일반외식업,1.1277841E7
202501,경기도,제과음료업,1286693.0
202501,충청북도,관광총소비,1916371.0
202501,충청북도,호텔,118073.0
202501,충청북도,콘도,212.0
202501,충청북도,캠핑장/펜션,33149.0
202501,충청북도,기타숙박,240002.0
202501,충청북도,육상운송,63965.0
202501,충청북도,항공운송,5926.0
202501,충청북도,렌터카,8234.0
202501,충청북도,면세점,20432.0
202501,충청북도,기타관광쇼핑,365337.0
202501,충청북도,레저용품쇼핑,30718.0
202501,충청북도,대형쇼핑몰,314522.0
202501,충청북도,관광유원시설,3507.0
202501,충청북도,골프장,5366.0
202501,충청북도,기타레저,14375.0
202501,충청북도,문화서비스,896.0
202501,충청북도,의료관광,132193.0
202501,충청북도,뷰티,28736.0
202501,충청북도,일반외식업,476485.0
202501,충청북도,제과음료업,54243.0
202501,충청남도,관광총소비,3352624.0
202501,충청남도,호텔,44665.0
202501,충청남도,콘도,24891.0
202501,충청남도,캠핑장/펜션,3745.0
202501,충청남도,기타숙박,499854.0
202501,충청남도,여행업,700.0
202501,충청남도,육상운송,133699.0
202501,충청남도,렌터카,2422.0
202501,충청남도,기타관광쇼핑,927568.0
202501,충청남도,레저용품쇼핑,47590.0
202501,충청남도,대형쇼핑몰,457888.0
202501,충청남도,관광유원시설,1802.0
202501,충청남도,골프장,8150.0
202501,충청남도,기타레저,55811.0
202501,충청남도,문화서비스,1087.0
202501,충청남도,의료관광,202168.0
202501,충청남도,뷰티,55426.0
202501,충청남도,일반외식업,780211.0
202501,충청남도,제과음료업,104946.0
202501,전라남도,관광총소비,1404335.0
202501,전라남도,호텔,44988.0
202501,전라남도,콘도,16755.0
202501,전라남도,캠핑장/펜션,6376.0
202501,전라남도,기타숙박,270188.0
202501,전라남도,여행업,104.0
202501,전라남도,육상운송,43873.0
202501,전라남도,수상운송,148.0
202501,전라남도,렌터카,27806.0
202501,전라남도,기타관광쇼핑,277488.0
202501,전라남도,레저용품쇼핑,30174.0
202501,전라남도,대형쇼핑몰,233387.0
202501,전라남도,관광유원시설,194.0
202501,전라남도,골프장,6545.0
202501,전라남도,기타레저,18210.0
202501,전라남도,문화서비스,2450.0
202501,전라남도,의료관광,39660.0
202501,전라남도,뷰티,22646.0
202501,전라남도,일반외식업,308125.0
202501,전라남도,제과음료업,55219.0
202501,경상북도,관광총소비,3544133.0
202501,경상북도,호텔,246529.0
202501,경상북도,콘도,1774.0
202501,경상북도,캠핑장/펜션,18672.0
202501,경상북도,기타숙박,297365.0
202501,경상북도,여행업,175.0
202501,경상북도,육상운송,141725.0
202501,경상북도,렌터카,20993.0
202501,경상북도,기타관광쇼핑,828324.0
202501,경상북도,레저용품쇼핑,47240.0
202501,경상북도,대형쇼핑몰,300724.0
202501,경상북도,관광유원시설,1459.0
202501,경상북도,골프장,83105.0
202501,경상북도,기타레저,24447.0
202501,경상북도,문화서비스,2981.0
202501,경상북도,의료관광,138527.0
202501,경상북도,뷰티,90407.0
202501,경상북도,일반외식업,1157002.0
202501,경상북도,제과음료업,142684.0
202501,경상남도,관광총소비,4493942.0
202501,경상남도,호텔,375094.0
202501,경상남도,콘도,1432.0
202501,경상남도,캠핑장/펜션,1570.0
202501,경상남도,기타숙박,610255.0
202501,경상남도,여행업,5372.0
202501,경상남도,육상운송,117271.0
202501,경상남도,수상운송,4.0
202501,경상남도,렌터카,20435.0
202501,경상남도,기타관광쇼핑,482169.0
202501,경상남도,레저용품쇼핑,89271.0
202501,경상남도,대형쇼핑몰,1133105.0
202501,경상남도,관광유원시설,1904.0
202501,경상남도,골프장,43433.0
202501,경상남도,기타레저,34934.0
202501,경상남도,문화서비스,2617.0
202501,경상남도,의료관광,172272.0
202501,경상남도,뷰티,55011.0
202501,경상남도,일반외식업,1243951.0
202501,경상남도,제과음료업,103842.0
202501,제주특별자치도,관광총소비,2.2637095E7
202501,제주특별자치도,호텔,783252.0
202501,제주특별자치도,콘도,791112.0
202501,제주특별자치도,캠핑장/펜션,6684.0
202501,제주특별자치도,기타숙박,509397.0
202501,제주특별자치도,여행업,50227.0
202501,제주특별자치도,육상운송,206566.0
202501,제주특별자치도,수상운송,9716.0
202501,제주특별자치도,항공운송,8955.0
202501,제주특별자치도,렌터카,667947.0
202501,제주특별자치도,면세점,2125603.0
202501,제주특별자치도,기타관광쇼핑,5974289.0
202501,제주특별자치도,레저용품쇼핑,644054.0
202501,제주특별자치도,대형쇼핑몰,1787519.0
202501,제주특별자치도,관광유원시설,33529.0
202501,제주특별자치도,골프장,64147.0
202501,제주특별자치도,기타레저,155921.0
202501,제주특별자치도,문화서비스,151422.0
202501,제주특별자치도,의료관광,2297964.0
202501,제주특별자치도,뷰티,289912.0
202501,제주특별자치도,일반외식업,5078725.0
202501,제주특별자치도,제과음료업,1000154.0
202501,강원특별자치도,관광총소비,6694538.0
202501,강원특별자치도,호텔,1778164.0
202501,강원특별자치도,콘도,236294.0
202501,강원특별자치도,캠핑장/펜션,66084.0
202501,강원특별자치도,기타숙박,508119.0
202501,강원특별자치도,여행업,256.0
202501,강원특별자치도,육상운송,106039.0
202501,강원특별자치도,수상운송,211.0
202501,강원특별자치도,렌터카,2053.0
202501,강원특별자치도,면세점,40.0
202501,강원특별자치도,기타관광쇼핑,900463.0
202501,강원특별자치도,레저용품쇼핑,275038.0
202501,강원특별자치도,대형쇼핑몰,217376.0
202501,강원특별자치도,관광유원시설,35308.0
202501,강원특별자치도,골프장,536699.0
202501,강원특별자치도,스키장,242341.0
202501,강원특별자치도,기타레저,128043.0
202501,강원특별자치도,문화서비스,1595.0
202501,강원특별자치도,의료관광,99314.0
202501,강원특별자치도,뷰티,49779.0
202501,강원특별자치도,일반외식업,1332079.0
202501,강원특별자치도,제과음료업,179242.0
202501,전북특별자치도,관광총소비,2211252.0
202501,전북특별자치도,호텔,10320.0
202501,전북특별자치도,콘도,1185.0
202501,전북특별자치도,캠핑장/펜션,398.0
202501,전북특별자치도,기타숙박,233371.0
202501,전북특별자치도,여행업,6220.0
202501,전북특별자치도,육상운송,55948.0
202501,전북특별자치도,수상운송,2511.0
202501,전북특별자치도,렌터카,3117.0
202501,전북특별자치도,기타관광쇼핑,386618.0
202501,전북특별자치도,레저용품쇼핑,67460.0
202501,전북특별자치도,대형쇼핑몰,496296.0
202501,전북특별자치도,관광유원시설,170.0
202501,전북특별자치도,골프장,5852.0
202501,전북특별자치도,기타레저,26132.0
202501,전북특별자치도,문화서비스,1847.0
202501,전북특별자치도,의료관광,124405.0
202501,전북특별자치도,뷰티,60768.0
202501,전북특별자치도,일반외식업,629514.0
202501,전북특별자치도,제과음료업,99118.0
202501,기타(지역 미분류),관광총소비,2.41647986E8
202501,기타(지역 미분류),호텔,6.5396452E7
202501,기타(지역 미분류),콘도,2197764.0
202501,기타(지역 미분류),캠핑장/펜션,323743.0
202501,기타(지역 미분류),기타숙박,2.4425587E7
202501,기타(지역 미분류),여행업,1446349.0
202501,기타(지역 미분류),육상운송,1.1317068E7
202501,기타(지역 미분류),수상운송,3819.0
202501,기타(지역 미분류),항공운송,7.9788194E7
202501,기타(지역 미분류),렌터카,542883.0
202501,기타(지역 미분류),면세점,2.3384706E7
202501,기타(지역 미분류),기타관광쇼핑,63075.0
202501,기타(지역 미분류),레저용품쇼핑,422594.0
202501,기타(지역 미분류),관광유원시설,170703.0
202501,기타(지역 미분류),골프장,844690.0
202501,기타(지역 미분류),기타레저,216761.0
202501,기타(지역 미분류),문화서비스,725405.0
202501,기타(지역 미분류),의료관광,1.5072288E7
202501,기타(지역 미분류),뷰티,1151169.0
202501,기타(지역 미분류),일반외식업,1.1829554E7
202501,기타(지역 미분류),제과음료업,2325182.0
202502,서울특별시,관광총소비,5.06699614E8
202502,서울특별시,호텔,5.5099794E7
202502,서울특별시,콘도,59820.0
202502,서울특별시,캠핑장/펜션,61907.0
202502,서울특별시,기타숙박,1.0863552E7
202502,서울특별시,여행업,607696.0
202502,서울특별시,육상운송,9714807.0
202502,서울특별시,수상운송,7767.0
202502,서울특별시,항공운송,1372490.0
202502,서울특별시,렌터카,132652.0
202502,서울특별시,면세점,2.3827928E7
202502,서울특별시,기타관광쇼핑,9.1571521E7
202502,서울특별시,레저용품쇼핑,7767111.0
202502,서울특별시,대형쇼핑몰,1.10709704E8
202502,서울특별시,카지노,2.8157992E7
202502,서울특별시,관광유원시설,8309.0
202502,서울특별시,골프장,217947.0
202502,서울특별시,기타레저,1664729.0
202502,서울특별시,문화서비스,574855.0
202502,서울특별시,의료관광,7.6954982E7
202502,서울특별시,뷰티,2.307862E7
202502,서울특별시,일반외식업,5.2735696E7
202502,서울특별시,제과음료업,1.1509734E7
202502,부산광역시,관광총소비,5.0594422E7
202502,부산광역시,호텔,1878064.0
202502,부산광역시,캠핑장/펜션,3782.0
202502,부산광역시,기타숙박,1590459.0
202502,부산광역시,여행업,7985.0
202502,부산광역시,육상운송,265846.0
202502,부산광역시,수상운송,26372.0
202502,부산광역시,항공운송,7466.0
202502,부산광역시,렌터카,12960.0
202502,부산광역시,면세점,3570132.0
202502,부산광역시,기타관광쇼핑,4693330.0
202502,부산광역시,레저용품쇼핑,289456.0
202502,부산광역시,대형쇼핑몰,1.8859982E7
202502,부산광역시,카지노,7364607.0
202502,부산광역시,관광유원시설,108257.0
202502,부산광역시,골프장,24916.0
202502,부산광역시,기타레저,250548.0
202502,부산광역시,문화서비스,17942.0
202502,부산광역시,의료관광,2928691.0
202502,부산광역시,뷰티,1543108.0
202502,부산광역시,일반외식업,6380199.0
202502,부산광역시,제과음료업,770318.0
202502,대구광역시,관광총소비,4410252.0
202502,대구광역시,호텔,580614.0
202502,대구광역시,콘도,70.0
202502,대구광역시,캠핑장/펜션,21.0
202502,대구광역시,기타숙박,228498.0
202502,대구광역시,여행업,40147.0
202502,대구광역시,육상운송,82556.0
202502,대구광역시,항공운송,64358.0
202502,대구광역시,렌터카,10510.0
202502,대구광역시,기타관광쇼핑,597597.0
202502,대구광역시,레저용품쇼핑,92676.0
202502,대구광역시,대형쇼핑몰,751158.0
202502,대구광역시,관광유원시설,23196.0
202502,대구광역시,골프장,13564.0
202502,대구광역시,기타레저,61581.0
202502,대구광역시,문화서비스,12664.0
202502,대구광역시,의료관광,636496.0
202502,대구광역시,뷰티,95495.0
202502,대구광역시,일반외식업,957363.0
202502,대구광역시,제과음료업,161687.0
202502,인천광역시,관광총소비,6.7115431E7
202502,인천광역시,호텔,2.9231272E7
202502,인천광역시,캠핑장/펜션,7310.0
202502,인천광역시,기타숙박,566921.0
202502,인천광역시,여행업,17201.0
202502,인천광역시,육상운송,596295.0
202502,인천광역시,수상운송,228.0
202502,인천광역시,항공운송,3124.0
202502,인천광역시,렌터카,339411.0
202502,인천광역시,면세점,2.221625E7
202502,인천광역시,기타관광쇼핑,2791725.0
202502,인천광역시,레저용품쇼핑,136445.0
202502,인천광역시,대형쇼핑몰,3033788.0
202502,인천광역시,관광유원시설,5626.0
202502,인천광역시,골프장,9443.0
202502,인천광역시,기타레저,121656.0
202502,인천광역시,문화서비스,2712.0
202502,인천광역시,의료관광,1653645.0
202502,인천광역시,뷰티,287884.0
202502,인천광역시,일반외식업,4013307.0
202502,인천광역시,제과음료업,2081190.0
202502,광주광역시,관광총소비,1315005.0
202502,광주광역시,호텔,29584.0
202502,광주광역시,캠핑장/펜션,135.0
202502,광주광역시,기타숙박,179994.0
202502,광주광역시,육상운송,17136.0
202502,광주광역시,렌터카,200.0
202502,광주광역시,기타관광쇼핑,253135.0
202502,광주광역시,레저용품쇼핑,21619.0
202502,광주광역시,대형쇼핑몰,379971.0
202502,광주광역시,관광유원시설,521.0
202502,광주광역시,골프장,490.0
202502,광주광역시,기타레저,23585.0
202502,광주광역시,문화서비스,25405.0
202502,광주광역시,의료관광,79096.0
202502,광주광역시,뷰티,23821.0
202502,광주광역시,일반외식업,231185.0
202502,광주광역시,제과음료업,49129.0
202502,대전광역시,관광총소비,2853616.0
202502,대전광역시,호텔,203170.0
202502,대전광역시,캠핑장/펜션,91.0
202502,대전광역시,기타숙박,341923.0
202502,대전광역시,여행업,1000.0
202502,대전광역시,육상운송,802647.0
202502,대전광역시,렌터카,3572.0
202502,대전광역시,기타관광쇼핑,264226.0
202502,대전광역시,레저용품쇼핑,15085.0
202502,대전광역시,대형쇼핑몰,474393.0
202502,대전광역시,관광유원시설,281.0
202502,대전광역시,골프장,7134.0
202502,대전광역시,기타레저,21945.0
202502,대전광역시,문화서비스,1047.0
202502,대전광역시,의료관광,210119.0
202502,대전광역시,뷰티,40612.0
202502,대전광역시,일반외식업,385720.0
202502,대전광역시,제과음료업,80652.0
202502,울산광역시,관광총소비,1638623.0
202502,울산광역시,호텔,400988.0
202502,울산광역시,캠핑장/펜션,140.0
202502,울산광역시,기타숙박,55922.0
202502,울산광역시,여행업,526.0
202502,울산광역시,육상운송,33965.0
202502,울산광역시,렌터카,1125.0
202502,울산광역시,기타관광쇼핑,156039.0
202502,울산광역시,레저용품쇼핑,6508.0
202502,울산광역시,대형쇼핑몰,489620.0
202502,울산광역시,관광유원시설,61.0
202502,울산광역시,골프장,6832.0
202502,울산광역시,기타레저,64193.0
202502,울산광역시,문화서비스,130.0
202502,울산광역시,의료관광,68217.0
202502,울산광역시,뷰티,25230.0
202502,울산광역시,일반외식업,300637.0
202502,울산광역시,제과음료업,28490.0
202502,세종특별자치시,관광총소비,333076.0
202502,세종특별자치시,기타숙박,134517.0
202502,세종특별자치시,육상운송,9969.0
202502,세종특별자치시,기타관광쇼핑,40197.0
202502,세종특별자치시,레저용품쇼핑,593.0
202502,세종특별자치시,대형쇼핑몰,10885.0
202502,세종특별자치시,관광유원시설,70.0
202502,세종특별자치시,골프장,3041.0
202502,세종특별자치시,기타레저,4023.0
202502,세종특별자치시,문화서비스,201.0
202502,세종특별자치시,의료관광,19024.0
202502,세종특별자치시,뷰티,8253.0
202502,세종특별자치시,일반외식업,89277.0
202502,세종특별자치시,제과음료업,13025.0
202502,경기도,관광총소비,5.7978776E7
202502,경기도,호텔,3165567.0
202502,경기도,콘도,7359.0
202502,경기도,캠핑장/펜션,14502.0
202502,경기도,기타숙박,6694225.0
202502,경기도,여행업,46579.0
202502,경기도,육상운송,1516010.0
202502,경기도,수상운송,5205.0
202502,경기도,렌터카,395439.0
202502,경기도,기타관광쇼핑,9483160.0
202502,경기도,레저용품쇼핑,3565841.0
202502,경기도,대형쇼핑몰,1.3591371E7
202502,경기도,관광유원시설,346347.0
202502,경기도,골프장,138079.0
202502,경기도,스키장,330.0
202502,경기도,기타레저,672907.0
202502,경기도,문화서비스,102530.0
202502,경기도,의료관광,3918143.0
202502,경기도,뷰티,1817287.0
202502,경기도,일반외식업,1.1289432E7
202502,경기도,제과음료업,1208462.0
202502,충청북도,관광총소비,1729311.0
202502,충청북도,호텔,61165.0
202502,충청북도,콘도,55.0
202502,충청북도,캠핑장/펜션,10690.0
202502,충청북도,기타숙박,301351.0
202502,충청북도,육상운송,62766.0
202502,충청북도,수상운송,19.0
202502,충청북도,항공운송,7024.0
202502,충청북도,렌터카,6614.0
202502,충청북도,면세점,17347.0
202502,충청북도,기타관광쇼핑,329939.0
202502,충청북도,레저용품쇼핑,19868.0
202502,충청북도,대형쇼핑몰,249655.0
202502,충청북도,관광유원시설,2064.0
202502,충청북도,골프장,5507.0
202502,충청북도,기타레저,14614.0
202502,충청북도,문화서비스,171.0
202502,충청북도,의료관광,103069.0
202502,충청북도,뷰티,28848.0
202502,충청북도,일반외식업,464837.0
202502,충청북도,제과음료업,43710.0
202502,충청남도,관광총소비,3063475.0
202502,충청남도,호텔,27719.0
202502,충청남도,콘도,19722.0
202502,충청남도,캠핑장/펜션,1241.0
202502,충청남도,기타숙박,508968.0
202502,충청남도,여행업,50.0
202502,충청남도,육상운송,116534.0
202502,충청남도,렌터카,6100.0
202502,충청남도,기타관광쇼핑,761503.0
202502,충청남도,레저용품쇼핑,31416.0
202502,충청남도,대형쇼핑몰,419159.0
202502,충청남도,관광유원시설,764.0
202502,충청남도,골프장,8217.0
202502,충청남도,기타레저,53743.0
202502,충청남도,문화서비스,410.0
202502,충청남도,의료관광,209523.0
202502,충청남도,뷰티,61654.0
202502,충청남도,일반외식업,740463.0
202502,충청남도,제과음료업,96291.0
202502,전라남도,관광총소비,1290099.0
202502,전라남도,호텔,51888.0
202502,전라남도,콘도,5940.0
202502,전라남도,캠핑장/펜션,7326.0
202502,전라남도,기타숙박,215677.0
202502,전라남도,여행업,738.0
202502,전라남도,육상운송,39204.0
202502,전라남도,수상운송,385.0
202502,전라남도,렌터카,35985.0
202502,전라남도,기타관광쇼핑,229813.0
202502,전라남도,레저용품쇼핑,23030.0
202502,전라남도,대형쇼핑몰,201814.0
202502,전라남도,관광유원시설,117.0
202502,전라남도,골프장,13603.0
202502,전라남도,기타레저,22752.0
202502,전라남도,문화서비스,2301.0
202502,전라남도,의료관광,54816.0
202502,전라남도,뷰티,23361.0
202502,전라남도,일반외식업,318053.0
202502,전라남도,제과음료업,43296.0
202502,경상북도,관광총소비,4214963.0
202502,경상북도,호텔,919105.0
202502,경상북도,콘도,3473.0
202502,경상북도,캠핑장/펜션,16412.0
202502,경상북도,기타숙박,301379.0
202502,경상북도,여행업,550.0
202502,경상북도,육상운송,133733.0
202502,경상북도,렌터카,12589.0
202502,경상북도,기타관광쇼핑,782362.0
202502,경상북도,레저용품쇼핑,38037.0
202502,경상북도,대형쇼핑몰,292947.0
202502,경상북도,관광유원시설,1367.0
202502,경상북도,골프장,119155.0
202502,경상북도,기타레저,21605.0
202502,경상북도,문화서비스,2464.0
202502,경상북도,의료관광,100365.0
202502,경상북도,뷰티,83360.0
202502,경상북도,일반외식업,1249178.0
202502,경상북도,제과음료업,136882.0
202502,경상남도,관광총소비,4210098.0
202502,경상남도,호텔,369413.0
202502,경상남도,콘도,1563.0
202502,경상남도,캠핑장/펜션,744.0
202502,경상남도,기타숙박,756451.0
202502,경상남도,여행업,3205.0
202502,경상남도,육상운송,115350.0
202502,경상남도,수상운송,48.0
202502,경상남도,렌터카,13298.0
202502,경상남도,기타관광쇼핑,443056.0
202502,경상남도,레저용품쇼핑,93184.0
202502,경상남도,대형쇼핑몰,987300.0
202502,경상남도,관광유원시설,1612.0
202502,경상남도,골프장,56662.0
202502,경상남도,기타레저,30490.0
202502,경상남도,문화서비스,1284.0
202502,경상남도,의료관광,184988.0
202502,경상남도,뷰티,63639.0
202502,경상남도,일반외식업,998355.0
202502,경상남도,제과음료업,89454.0
202502,제주특별자치도,관광총소비,1.9081763E7
202502,제주특별자치도,호텔,682172.0
202502,제주특별자치도,콘도,1043720.0
202502,제주특별자치도,캠핑장/펜션,2701.0
202502,제주특별자치도,기타숙박,537584.0
202502,제주특별자치도,여행업,42787.0
202502,제주특별자치도,육상운송,178979.0
202502,제주특별자치도,수상운송,4717.0
202502,제주특별자치도,항공운송,8962.0
202502,제주특별자치도,렌터카,514538.0
202502,제주특별자치도,면세점,1963200.0
202502,제주특별자치도,기타관광쇼핑,5024080.0
202502,제주특별자치도,레저용품쇼핑,524857.0
202502,제주특별자치도,대형쇼핑몰,1716640.0
202502,제주특별자치도,관광유원시설,31791.0
202502,제주특별자치도,골프장,58834.0
202502,제주특별자치도,기타레저,133066.0
202502,제주특별자치도,문화서비스,124206.0
202502,제주특별자치도,의료관광,1577399.0
202502,제주특별자치도,뷰티,247877.0
202502,제주특별자치도,일반외식업,3845616.0
202502,제주특별자치도,제과음료업,818035.0
202502,강원특별자치도,관광총소비,5118420.0
202502,강원특별자치도,호텔,1050726.0
202502,강원특별자치도,콘도,225688.0
202502,강원특별자치도,캠핑장/펜션,223635.0
202502,강원특별자치도,기타숙박,478754.0
202502,강원특별자치도,여행업,475.0
202502,강원특별자치도,육상운송,93710.0
202502,강원특별자치도,수상운송,58.0
202502,강원특별자치도,렌터카,643.0
202502,강원특별자치도,기타관광쇼핑,699589.0
202502,강원특별자치도,레저용품쇼핑,159545.0
202502,강원특별자치도,대형쇼핑몰,221609.0
202502,강원특별자치도,관광유원시설,26916.0
202502,강원특별자치도,골프장,422933.0
202502,강원특별자치도,스키장,148128.0
202502,강원특별자치도,기타레저,162646.0
202502,강원특별자치도,문화서비스,1186.0
202502,강원특별자치도,의료관광,102454.0
202502,강원특별자치도,뷰티,43335.0
202502,강원특별자치도,일반외식업,931549.0
202502,강원특별자치도,제과음료업,124841.0
202502,전북특별자치도,관광총소비,2107902.0
202502,전북특별자치도,호텔,18168.0
202502,전북특별자치도,콘도,659.0
202502,전북특별자치도,캠핑장/펜션,402.0
202502,전북특별자치도,기타숙박,282237.0
202502,전북특별자치도,여행업,6470.0
202502,전북특별자치도,육상운송,49510.0
202502,전북특별자치도,수상운송,162.0
202502,전북특별자치도,렌터카,3443.0
202502,전북특별자치도,기타관광쇼핑,336598.0
202502,전북특별자치도,레저용품쇼핑,66317.0
202502,전북특별자치도,대형쇼핑몰,476303.0
202502,전북특별자치도,관광유원시설,560.0
202502,전북특별자치도,골프장,9738.0
202502,전북특별자치도,기타레저,18223.0
202502,전북특별자치도,문화서비스,2527.0
202502,전북특별자치도,의료관광,88167.0
202502,전북특별자치도,뷰티,59282.0
202502,전북특별자치도,일반외식업,604583.0
202502,전북특별자치도,제과음료업,84552.0
202502,기타(지역 미분류),관광총소비,2.18319657E8
202502,기타(지역 미분류),호텔,5.8910173E7
202502,기타(지역 미분류),콘도,1871502.0
202502,기타(지역 미분류),캠핑장/펜션,46044.0
202502,기타(지역 미분류),기타숙박,2.1810623E7
202502,기타(지역 미분류),여행업,979950.0
202502,기타(지역 미분류),육상운송,1.0972174E7
202502,기타(지역 미분류),수상운송,1220.0
202502,기타(지역 미분류),항공운송,6.9438568E7
202502,기타(지역 미분류),렌터카,1164746.0
202502,기타(지역 미분류),면세점,2.093373E7
202502,기타(지역 미분류),기타관광쇼핑,53968.0
202502,기타(지역 미분류),레저용품쇼핑,450660.0
202502,기타(지역 미분류),관광유원시설,150143.0
202502,기타(지역 미분류),골프장,737041.0
202502,기타(지역 미분류),기타레저,173762.0
202502,기타(지역 미분류),문화서비스,688047.0
202502,기타(지역 미분류),의료관광,1.5339823E7
202502,기타(지역 미분류),뷰티,1029809.0
202502,기타(지역 미분류),일반외식업,1.1361258E7
202502,기타(지역 미분류),제과음료업,2206414.0
202503,서울특별시,관광총소비,7.61496687E8
202503,서울특별시,호텔,8.6438229E7
202503,서울특별시,콘도,121137.0
202503,서울특별시,캠핑장/펜션,131353.0
202503,서울특별시,기타숙박,1.8651069E7
202503,서울특별시,여행업,626285.0
202503,서울특별시,육상운송,1.5609802E7
202503,서울특별시,수상운송,26494.0
202503,서울특별시,항공운송,1654041.0
202503,서울특별시,렌터카,166158.0
202503,서울특별시,면세점,3.0766521E7
202503,서울특별시,기타관광쇼핑,1.44400031E8
202503,서울특별시,레저용품쇼핑,1.4116428E7
202503,서울특별시,대형쇼핑몰,1.50630189E8
202503,서울특별시,카지노,3.3205618E7
202503,서울특별시,관광유원시설,14985.0
202503,서울특별시,골프장,228830.0
202503,서울특별시,기타레저,2755389.0
202503,서울특별시,문화서비스,1029054.0
202503,서울특별시,의료관광,1.19901154E8
202503,서울특별시,뷰티,3.35061E7
202503,서울특별시,일반외식업,8.7451875E7
202503,서울특별시,제과음료업,2.0065944E7
202503,부산광역시,관광총소비,8.1032588E7
202503,부산광역시,호텔,4310864.0
202503,부산광역시,캠핑장/펜션,11689.0
202503,부산광역시,기타숙박,2399550.0
202503,부산광역시,여행업,20029.0
202503,부산광역시,육상운송,418767.0
202503,부산광역시,수상운송,45933.0
202503,부산광역시,항공운송,2018.0
202503,부산광역시,렌터카,24664.0
202503,부산광역시,면세점,5442784.0
202503,부산광역시,기타관광쇼핑,7805595.0
202503,부산광역시,레저용품쇼핑,521983.0
202503,부산광역시,대형쇼핑몰,2.9991659E7
202503,부산광역시,카지노,8899300.0
202503,부산광역시,관광유원시설,197118.0
202503,부산광역시,골프장,31228.0
202503,부산광역시,기타레저,398894.0
202503,부산광역시,문화서비스,47657.0
202503,부산광역시,의료관광,4418676.0
202503,부산광역시,뷰티,2366113.0
202503,부산광역시,일반외식업,1.2068445E7
202503,부산광역시,제과음료업,1609624.0
202503,대구광역시,관광총소비,6917837.0
202503,대구광역시,호텔,718705.0
202503,대구광역시,콘도,30.0
202503,대구광역시,캠핑장/펜션,360.0
202503,대구광역시,기타숙박,378377.0
202503,대구광역시,여행업,2633.0
202503,대구광역시,육상운송,197415.0
202503,대구광역시,항공운송,120925.0
202503,대구광역시,렌터카,6301.0
202503,대구광역시,기타관광쇼핑,1116189.0
202503,대구광역시,레저용품쇼핑,199837.0
202503,대구광역시,대형쇼핑몰,1124559.0
202503,대구광역시,관광유원시설,56964.0
202503,대구광역시,골프장,29153.0
202503,대구광역시,기타레저,82665.0
202503,대구광역시,문화서비스,5427.0
202503,대구광역시,의료관광,892564.0
202503,대구광역시,뷰티,150167.0
202503,대구광역시,일반외식업,1545772.0
202503,대구광역시,제과음료업,289795.0
202503,인천광역시,관광총소비,9.0007124E7
202503,인천광역시,호텔,4.0616727E7
202503,인천광역시,캠핑장/펜션,10463.0
202503,인천광역시,기타숙박,822785.0
202503,인천광역시,여행업,4366.0
202503,인천광역시,육상운송,843793.0
202503,인천광역시,수상운송,500.0
202503,인천광역시,항공운송,2050.0
202503,인천광역시,렌터카,545849.0
202503,인천광역시,면세점,2.7016947E7
202503,인천광역시,기타관광쇼핑,4017666.0
202503,인천광역시,레저용품쇼핑,210913.0
202503,인천광역시,대형쇼핑몰,4377855.0
202503,인천광역시,관광유원시설,8730.0
202503,인천광역시,골프장,20531.0
202503,인천광역시,기타레저,151136.0
202503,인천광역시,문화서비스,6256.0
202503,인천광역시,의료관광,1684999.0
202503,인천광역시,뷰티,455084.0
202503,인천광역시,일반외식업,5886735.0
202503,인천광역시,제과음료업,3323739.0
202503,광주광역시,관광총소비,2613881.0
202503,광주광역시,호텔,67858.0
202503,광주광역시,캠핑장/펜션,60.0
202503,광주광역시,기타숙박,248831.0
202503,광주광역시,육상운송,18772.0
202503,광주광역시,렌터카,1182.0
202503,광주광역시,기타관광쇼핑,608266.0
202503,광주광역시,레저용품쇼핑,52824.0
202503,광주광역시,대형쇼핑몰,641721.0
202503,광주광역시,관광유원시설,101.0
202503,광주광역시,골프장,1696.0
202503,광주광역시,기타레저,44708.0
202503,광주광역시,문화서비스,35094.0
202503,광주광역시,의료관광,83448.0
202503,광주광역시,뷰티,59006.0
202503,광주광역시,일반외식업,640654.0
202503,광주광역시,제과음료업,109659.0
202503,대전광역시,관광총소비,4728965.0
202503,대전광역시,호텔,332325.0
202503,대전광역시,캠핑장/펜션,300.0
202503,대전광역시,기타숙박,402292.0
202503,대전광역시,여행업,800.0
202503,대전광역시,육상운송,1576795.0
202503,대전광역시,렌터카,6901.0
202503,대전광역시,기타관광쇼핑,496545.0
202503,대전광역시,레저용품쇼핑,20931.0
202503,대전광역시,대형쇼핑몰,721211.0
202503,대전광역시,관광유원시설,1206.0
202503,대전광역시,골프장,39649.0
202503,대전광역시,기타레저,34864.0
202503,대전광역시,문화서비스,2996.0
202503,대전광역시,의료관광,169813.0
202503,대전광역시,뷰티,86736.0
202503,대전광역시,일반외식업,694974.0
202503,대전광역시,제과음료업,140627.0
202503,울산광역시,관광총소비,1802663.0
202503,울산광역시,호텔,531586.0
202503,울산광역시,캠핑장/펜션,942.0
202503,울산광역시,기타숙박,77303.0
202503,울산광역시,여행업,546.0
202503,울산광역시,육상운송,28401.0
202503,울산광역시,렌터카,950.0
202503,울산광역시,기타관광쇼핑,248999.0
202503,울산광역시,레저용품쇼핑,4592.0
202503,울산광역시,대형쇼핑몰,280213.0
202503,울산광역시,관광유원시설,70.0
202503,울산광역시,골프장,8401.0
202503,울산광역시,기타레저,39470.0
202503,울산광역시,문화서비스,209.0
202503,울산광역시,의료관광,116692.0
202503,울산광역시,뷰티,26578.0
202503,울산광역시,일반외식업,394979.0
202503,울산광역시,제과음료업,42734.0
202503,세종특별자치시,관광총소비,545765.0
202503,세종특별자치시,기타숙박,95053.0
202503,세종특별자치시,육상운송,9951.0
202503,세종특별자치시,기타관광쇼핑,133273.0
202503,세종특별자치시,레저용품쇼핑,3825.0
202503,세종특별자치시,대형쇼핑몰,20924.0
202503,세종특별자치시,골프장,4319.0
202503,세종특별자치시,기타레저,9088.0
202503,세종특별자치시,문화서비스,998.0
202503,세종특별자치시,의료관광,39394.0
202503,세종특별자치시,뷰티,12613.0
202503,세종특별자치시,일반외식업,188005.0
202503,세종특별자치시,제과음료업,28320.0
202503,경기도,관광총소비,8.3593631E7
202503,경기도,호텔,4013514.0
202503,경기도,콘도,15156.0
202503,경기도,캠핑장/펜션,33640.0
202503,경기도,기타숙박,9690592.0
202503,경기도,여행업,54553.0
202503,경기도,육상운송,2319671.0
202503,경기도,수상운송,12875.0
202503,경기도,렌터카,485055.0
202503,경기도,기타관광쇼핑,1.5390209E7
202503,경기도,레저용품쇼핑,4174095.0
202503,경기도,대형쇼핑몰,1.906699E7
202503,경기도,관광유원시설,558071.0
202503,경기도,골프장,725323.0
202503,경기도,스키장,762.0
202503,경기도,기타레저,951920.0
202503,경기도,문화서비스,88322.0
202503,경기도,의료관광,5131164.0
202503,경기도,뷰티,2511957.0
202503,경기도,일반외식업,1.6438739E7
202503,경기도,제과음료업,1931024.0
202503,충청북도,관광총소비,3352393.0
202503,충청북도,호텔,64623.0
202503,충청북도,콘도,1062.0
202503,충청북도,캠핑장/펜션,3971.0
202503,충청북도,기타숙박,383122.0
202503,충청북도,육상운송,72517.0
202503,충청북도,수상운송,181.0
202503,충청북도,항공운송,11690.0
202503,충청북도,렌터카,10830.0
202503,충청북도,면세점,14550.0
202503,충청북도,기타관광쇼핑,792035.0
202503,충청북도,레저용품쇼핑,43932.0
202503,충청북도,대형쇼핑몰,503166.0
202503,충청북도,관광유원시설,4761.0
202503,충청북도,골프장,41209.0
202503,충청북도,기타레저,34675.0
202503,충청북도,문화서비스,1395.0
202503,충청북도,의료관광,97995.0
202503,충청북도,뷰티,59988.0
202503,충청북도,일반외식업,1079812.0
202503,충청북도,제과음료업,130880.0
202503,충청남도,관광총소비,4644571.0
202503,충청남도,호텔,81048.0
202503,충청남도,콘도,15366.0
202503,충청남도,캠핑장/펜션,1900.0
202503,충청남도,기타숙박,767207.0
202503,충청남도,여행업,746.0
202503,충청남도,육상운송,146294.0
202503,충청남도,수상운송,314.0
202503,충청남도,렌터카,14684.0
202503,충청남도,기타관광쇼핑,1176234.0
202503,충청남도,레저용품쇼핑,44370.0
202503,충청남도,대형쇼핑몰,633717.0
202503,충청남도,관광유원시설,1604.0
202503,충청남도,골프장,22098.0
202503,충청남도,기타레저,75139.0
202503,충청남도,문화서비스,1950.0
202503,충청남도,의료관광,297667.0
202503,충청남도,뷰티,85817.0
202503,충청남도,일반외식업,1125424.0
202503,충청남도,제과음료업,152992.0
202503,전라남도,관광총소비,2159884.0
202503,전라남도,호텔,114142.0
202503,전라남도,콘도,10986.0
202503,전라남도,캠핑장/펜션,2687.0
202503,전라남도,기타숙박,411041.0
202503,전라남도,여행업,753.0
202503,전라남도,육상운송,54468.0
202503,전라남도,수상운송,1191.0
202503,전라남도,렌터카,31146.0
202503,전라남도,기타관광쇼핑,396659.0
202503,전라남도,레저용품쇼핑,34118.0
202503,전라남도,대형쇼핑몰,341692.0
202503,전라남도,관광유원시설,1441.0
202503,전라남도,골프장,44154.0
202503,전라남도,기타레저,47158.0
202503,전라남도,문화서비스,1646.0
202503,전라남도,의료관광,47525.0
202503,전라남도,뷰티,25305.0
202503,전라남도,일반외식업,511208.0
202503,전라남도,제과음료업,82565.0
202503,경상북도,관광총소비,8345200.0
202503,경상북도,호텔,973970.0
202503,경상북도,콘도,5001.0
202503,경상북도,캠핑장/펜션,26177.0
202503,경상북도,기타숙박,435149.0
202503,경상북도,여행업,50916.0
202503,경상북도,육상운송,173109.0
202503,경상북도,수상운송,86.0
202503,경상북도,렌터카,24192.0
202503,경상북도,기타관광쇼핑,1954500.0
202503,경상북도,레저용품쇼핑,107509.0
202503,경상북도,대형쇼핑몰,510932.0
202503,경상북도,관광유원시설,1606.0
202503,경상북도,골프장,213766.0
202503,경상북도,기타레저,82885.0
202503,경상북도,문화서비스,4571.0
202503,경상북도,의료관광,155987.0
202503,경상북도,뷰티,160013.0
202503,경상북도,일반외식업,3077505.0
202503,경상북도,제과음료업,387327.0
202503,경상남도,관광총소비,5951841.0
202503,경상남도,호텔,606624.0
202503,경상남도,콘도,2429.0
202503,경상남도,캠핑장/펜션,1501.0
202503,경상남도,기타숙박,938657.0
202503,경상남도,여행업,5380.0
202503,경상남도,육상운송,145288.0
202503,경상남도,수상운송,946.0
202503,경상남도,렌터카,12653.0
202503,경상남도,기타관광쇼핑,645172.0
202503,경상남도,레저용품쇼핑,208210.0
202503,경상남도,대형쇼핑몰,1233704.0
202503,경상남도,관광유원시설,2332.0
202503,경상남도,골프장,93351.0
202503,경상남도,기타레저,56139.0
202503,경상남도,문화서비스,3984.0
202503,경상남도,의료관광,230138.0
202503,경상남도,뷰티,77423.0
202503,경상남도,일반외식업,1519888.0
202503,경상남도,제과음료업,168023.0
202503,제주특별자치도,관광총소비,2.5506346E7
202503,제주특별자치도,호텔,1698942.0
202503,제주특별자치도,콘도,852850.0
202503,제주특별자치도,캠핑장/펜션,5181.0
202503,제주특별자치도,기타숙박,578071.0
202503,제주특별자치도,여행업,25096.0
202503,제주특별자치도,육상운송,354018.0
202503,제주특별자치도,수상운송,12066.0
202503,제주특별자치도,항공운송,13715.0
202503,제주특별자치도,렌터카,1367765.0
202503,제주특별자치도,면세점,2486169.0
202503,제주특별자치도,기타관광쇼핑,5712028.0
202503,제주특별자치도,레저용품쇼핑,715438.0
202503,제주특별자치도,대형쇼핑몰,1803265.0
202503,제주특별자치도,관광유원시설,70602.0
202503,제주특별자치도,골프장,110606.0
202503,제주특별자치도,기타레저,157657.0
202503,제주특별자치도,문화서비스,177422.0
202503,제주특별자치도,의료관광,2387433.0
202503,제주특별자치도,뷰티,647721.0
202503,제주특별자치도,일반외식업,5066568.0
202503,제주특별자치도,제과음료업,1263734.0
202503,강원특별자치도,관광총소비,3725848.0
202503,강원특별자치도,호텔,230329.0
202503,강원특별자치도,콘도,65717.0
202503,강원특별자치도,캠핑장/펜션,42040.0
202503,강원특별자치도,기타숙박,508493.0
202503,강원특별자치도,여행업,1509.0
202503,강원특별자치도,육상운송,99053.0
202503,강원특별자치도,수상운송,615.0
202503,강원특별자치도,렌터카,2495.0
202503,강원특별자치도,면세점,18.0
202503,강원특별자치도,기타관광쇼핑,785051.0
202503,강원특별자치도,레저용품쇼핑,78045.0
202503,강원특별자치도,대형쇼핑몰,362842.0
202503,강원특별자치도,관광유원시설,9301.0
202503,강원특별자치도,골프장,128472.0
202503,강원특별자치도,스키장,3748.0
202503,강원특별자치도,기타레저,59481.0
202503,강원특별자치도,문화서비스,3601.0
202503,강원특별자치도,의료관광,114298.0
202503,강원특별자치도,뷰티,39682.0
202503,강원특별자치도,일반외식업,1036994.0
202503,강원특별자치도,제과음료업,154063.0
202503,전북특별자치도,관광총소비,3295571.0
202503,전북특별자치도,호텔,36022.0
202503,전북특별자치도,콘도,534.0
202503,전북특별자치도,캠핑장/펜션,1423.0
202503,전북특별자치도,기타숙박,371928.0
202503,전북특별자치도,육상운송,71633.0
202503,전북특별자치도,수상운송,1266.0
202503,전북특별자치도,렌터카,2194.0
202503,전북특별자치도,기타관광쇼핑,663411.0
202503,전북특별자치도,레저용품쇼핑,99129.0
202503,전북특별자치도,대형쇼핑몰,647797.0
202503,전북특별자치도,관광유원시설,477.0
202503,전북특별자치도,골프장,24991.0
202503,전북특별자치도,기타레저,39006.0
202503,전북특별자치도,문화서비스,3679.0
202503,전북특별자치도,의료관광,149308.0
202503,전북특별자치도,뷰티,79057.0
202503,전북특별자치도,일반외식업,944279.0
202503,전북특별자치도,제과음료업,159436.0
202503,기타(지역 미분류),관광총소비,2.96699821E8
202503,기타(지역 미분류),호텔,8.3893972E7
202503,기타(지역 미분류),콘도,1696061.0
202503,기타(지역 미분류),캠핑장/펜션,55421.0
202503,기타(지역 미분류),기타숙박,2.9619833E7
202503,기타(지역 미분류),여행업,1263585.0
202503,기타(지역 미분류),육상운송,1.9487118E7
202503,기타(지역 미분류),수상운송,2793.0
202503,기타(지역 미분류),항공운송,8.3062368E7
202503,기타(지역 미분류),렌터카,1029314.0
202503,기타(지역 미분류),면세점,2.9784563E7
202503,기타(지역 미분류),기타관광쇼핑,105678.0
202503,기타(지역 미분류),레저용품쇼핑,731879.0
202503,기타(지역 미분류),관광유원시설,217674.0
202503,기타(지역 미분류),골프장,946251.0
202503,기타(지역 미분류),기타레저,318921.0
202503,기타(지역 미분류),문화서비스,851922.0
202503,기타(지역 미분류),의료관광,2.1044368E7
202503,기타(지역 미분류),뷰티,1750075.0
202503,기타(지역 미분류),일반외식업,1.6992157E7
202503,기타(지역 미분류),제과음료업,3845868.0
202504,서울특별시,관광총소비,9.18324122E8
202504,서울특별시,호텔,1.06804114E8
202504,서울특별시,콘도,152619.0
202504,서울특별시,캠핑장/펜션,145390.0
202504,서울특별시,기타숙박,2.4663808E7
202504,서울특별시,여행업,715931.0
202504,서울특별시,육상운송,1.8700518E7
202504,서울특별시,수상운송,45780.0
202504,서울특별시,항공운송,1955494.0
202504,서울특별시,렌터카,224335.0
202504,서울특별시,면세점,3.4017204E7
202504,서울특별시,기타관광쇼핑,1.75282156E8
202504,서울특별시,레저용품쇼핑,1.4477171E7
202504,서울특별시,대형쇼핑몰,1.84349708E8
202504,서울특별시,카지노,3.081586E7
202504,서울특별시,관광유원시설,33173.0
202504,서울특별시,골프장,331696.0
202504,서울특별시,기타레저,2585541.0
202504,서울특별시,문화서비스,1352326.0
202504,서울특별시,의료관광,1.48527083E8
202504,서울특별시,뷰티,4.3835689E7
202504,서울특별시,일반외식업,1.05055252E8
202504,서울특별시,제과음료업,2.4253272E7
202504,부산광역시,관광총소비,9.2958477E7
202504,부산광역시,호텔,5705728.0
202504,부산광역시,캠핑장/펜션,14535.0
202504,부산광역시,기타숙박,3221299.0
202504,부산광역시,여행업,14089.0
202504,부산광역시,육상운송,526650.0
202504,부산광역시,수상운송,34329.0
202504,부산광역시,항공운송,3732.0
202504,부산광역시,렌터카,16813.0
202504,부산광역시,면세점,5800039.0
202504,부산광역시,기타관광쇼핑,9292741.0
202504,부산광역시,레저용품쇼핑,629338.0
202504,부산광역시,대형쇼핑몰,3.190242E7
202504,부산광역시,카지노,9027057.0
202504,부산광역시,관광유원시설,306650.0
202504,부산광역시,골프장,43531.0
202504,부산광역시,기타레저,630740.0
202504,부산광역시,문화서비스,74351.0
202504,부산광역시,의료관광,5361459.0
202504,부산광역시,뷰티,2599575.0
202504,부산광역시,일반외식업,1.534601E7
202504,부산광역시,제과음료업,2407392.0
202504,대구광역시,관광총소비,7247675.0
202504,대구광역시,호텔,669502.0
202504,대구광역시,콘도,132.0
202504,대구광역시,캠핑장/펜션,752.0
202504,대구광역시,기타숙박,464802.0
202504,대구광역시,여행업,16705.0
202504,대구광역시,육상운송,180813.0
202504,대구광역시,항공운송,125822.0
202504,대구광역시,렌터카,15548.0
202504,대구광역시,기타관광쇼핑,1166106.0
202504,대구광역시,레저용품쇼핑,217019.0
202504,대구광역시,대형쇼핑몰,1178821.0
202504,대구광역시,관광유원시설,71874.0
202504,대구광역시,골프장,30031.0
202504,대구광역시,기타레저,74912.0
202504,대구광역시,문화서비스,5623.0
202504,대구광역시,의료관광,943177.0
202504,대구광역시,뷰티,157659.0
202504,대구광역시,일반외식업,1617289.0
202504,대구광역시,제과음료업,311088.0
202504,인천광역시,관광총소비,9.2545016E7
202504,인천광역시,호텔,4.0967028E7
202504,인천광역시,캠핑장/펜션,15362.0
202504,인천광역시,기타숙박,881827.0
202504,인천광역시,여행업,7619.0
202504,인천광역시,육상운송,975041.0
202504,인천광역시,수상운송,749.0
202504,인천광역시,항공운송,269.0
202504,인천광역시,렌터카,628864.0
202504,인천광역시,면세점,2.6922776E7
202504,인천광역시,기타관광쇼핑,4338912.0
202504,인천광역시,레저용품쇼핑,290315.0
202504,인천광역시,대형쇼핑몰,4832476.0
202504,인천광역시,관광유원시설,12399.0
202504,인천광역시,골프장,47038.0
202504,인천광역시,기타레저,168619.0
202504,인천광역시,문화서비스,5664.0
202504,인천광역시,의료관광,2145836.0
202504,인천광역시,뷰티,484584.0
202504,인천광역시,일반외식업,6180360.0
202504,인천광역시,제과음료업,3639278.0
202504,광주광역시,관광총소비,3946351.0
202504,광주광역시,호텔,74460.0
202504,광주광역시,캠핑장/펜션,965.0
202504,광주광역시,기타숙박,265185.0
202504,광주광역시,여행업,200.0
202504,광주광역시,육상운송,23952.0
202504,광주광역시,렌터카,208.0
202504,광주광역시,기타관광쇼핑,1519431.0
202504,광주광역시,레저용품쇼핑,88417.0
202504,광주광역시,대형쇼핑몰,666374.0
202504,광주광역시,관광유원시설,550.0
202504,광주광역시,골프장,4389.0
202504,광주광역시,기타레저,32072.0
202504,광주광역시,문화서비스,30442.0
202504,광주광역시,의료관광,175154.0
202504,광주광역시,뷰티,54733.0
202504,광주광역시,일반외식업,859661.0
202504,광주광역시,제과음료업,150159.0
202504,대전광역시,관광총소비,5337558.0
202504,대전광역시,호텔,407521.0
202504,대전광역시,캠핑장/펜션,960.0
202504,대전광역시,기타숙박,389692.0
202504,대전광역시,육상운송,1922838.0
202504,대전광역시,렌터카,5436.0
202504,대전광역시,기타관광쇼핑,488294.0
202504,대전광역시,레저용품쇼핑,26674.0
202504,대전광역시,대형쇼핑몰,732122.0
202504,대전광역시,관광유원시설,1787.0
202504,대전광역시,골프장,30216.0
202504,대전광역시,기타레저,29326.0
202504,대전광역시,문화서비스,2221.0
202504,대전광역시,의료관광,350458.0
202504,대전광역시,뷰티,76841.0
202504,대전광역시,일반외식업,707747.0
202504,대전광역시,제과음료업,165426.0
202504,울산광역시,관광총소비,1974797.0
202504,울산광역시,호텔,500950.0
202504,울산광역시,캠핑장/펜션,18063.0
202504,울산광역시,기타숙박,94437.0
202504,울산광역시,여행업,699.0
202504,울산광역시,육상운송,37856.0
202504,울산광역시,렌터카,1065.0
202504,울산광역시,기타관광쇼핑,245480.0
202504,울산광역시,레저용품쇼핑,11164.0
202504,울산광역시,대형쇼핑몰,364731.0
202504,울산광역시,골프장,9816.0
202504,울산광역시,기타레저,45337.0
202504,울산광역시,문화서비스,542.0
202504,울산광역시,의료관광,140043.0
202504,울산광역시,뷰티,35291.0
202504,울산광역시,일반외식업,420916.0
202504,울산광역시,제과음료업,48406.0
202504,세종특별자치시,관광총소비,638422.0
202504,세종특별자치시,기타숙박,185856.0
202504,세종특별자치시,육상운송,9975.0
202504,세종특별자치시,렌터카,396.0
202504,세종특별자치시,기타관광쇼핑,105319.0
202504,세종특별자치시,레저용품쇼핑,1823.0
202504,세종특별자치시,대형쇼핑몰,20067.0
202504,세종특별자치시,골프장,7571.0
202504,세종특별자치시,기타레저,8173.0
202504,세종특별자치시,문화서비스,616.0
202504,세종특별자치시,의료관광,49238.0
202504,세종특별자치시,뷰티,9329.0
202504,세종특별자치시,일반외식업,207901.0
202504,세종특별자치시,제과음료업,32156.0
202504,경기도,관광총소비,8.7177477E7
202504,경기도,호텔,4052094.0
202504,경기도,콘도,40227.0
202504,경기도,캠핑장/펜션,13785.0
202504,경기도,기타숙박,8303574.0
202504,경기도,여행업,41266.0
202504,경기도,육상운송,2375463.0
202504,경기도,수상운송,37059.0
202504,경기도,렌터카,565484.0
202504,경기도,기타관광쇼핑,1.5720425E7
202504,경기도,레저용품쇼핑,3793944.0
202504,경기도,대형쇼핑몰,2.1293738E7
202504,경기도,관광유원시설,1013028.0
202504,경기도,골프장,1233678.0
202504,경기도,기타레저,926365.0
202504,경기도,문화서비스,79976.0
202504,경기도,의료관광,6061188.0
202504,경기도,뷰티,2650926.0
202504,경기도,일반외식업,1.67328E7
202504,경기도,제과음료업,2242457.0
202504,충청북도,관광총소비,3419072.0
202504,충청북도,호텔,51538.0
202504,충청북도,콘도,6477.0
202504,충청북도,캠핑장/펜션,65746.0
202504,충청북도,기타숙박,376688.0
202504,충청북도,육상운송,92363.0
202504,충청북도,수상운송,471.0
202504,충청북도,항공운송,17862.0
202504,충청북도,렌터카,5056.0
202504,충청북도,면세점,13359.0
202504,충청북도,기타관광쇼핑,753595.0
202504,충청북도,레저용품쇼핑,32067.0
202504,충청북도,대형쇼핑몰,467135.0
202504,충청북도,관광유원시설,4262.0
202504,충청북도,골프장,79536.0
202504,충청북도,기타레저,31457.0
202504,충청북도,문화서비스,461.0
202504,충청북도,의료관광,158232.0
202504,충청북도,뷰티,58128.0
202504,충청북도,일반외식업,1070443.0
202504,충청북도,제과음료업,134197.0
202504,충청남도,관광총소비,4511567.0
202504,충청남도,호텔,39797.0
202504,충청남도,콘도,37323.0
202504,충청남도,캠핑장/펜션,2572.0
202504,충청남도,기타숙박,725338.0
202504,충청남도,여행업,255.0
202504,충청남도,육상운송,181725.0
202504,충청남도,수상운송,88.0
202504,충청남도,렌터카,88629.0
202504,충청남도,기타관광쇼핑,1069467.0
202504,충청남도,레저용품쇼핑,53583.0
202504,충청남도,대형쇼핑몰,548116.0
202504,충청남도,관광유원시설,1172.0
202504,충청남도,골프장,45001.0
202504,충청남도,기타레저,64730.0
202504,충청남도,문화서비스,1886.0
202504,충청남도,의료관광,316912.0
202504,충청남도,뷰티,74491.0
202504,충청남도,일반외식업,1092228.0
202504,충청남도,제과음료업,168256.0
202504,전라남도,관광총소비,2290428.0
202504,전라남도,호텔,77051.0
202504,전라남도,콘도,11189.0
202504,전라남도,캠핑장/펜션,2984.0
202504,전라남도,기타숙박,239099.0
202504,전라남도,여행업,2506.0
202504,전라남도,육상운송,77889.0
202504,전라남도,수상운송,1114.0
202504,전라남도,렌터카,45239.0
202504,전라남도,기타관광쇼핑,457564.0
202504,전라남도,레저용품쇼핑,58222.0
202504,전라남도,대형쇼핑몰,321991.0
202504,전라남도,관광유원시설,3211.0
202504,전라남도,골프장,60751.0
202504,전라남도,기타레저,52404.0
202504,전라남도,문화서비스,3857.0
202504,전라남도,의료관광,70619.0
202504,전라남도,뷰티,35678.0
202504,전라남도,일반외식업,653642.0
202504,전라남도,제과음료업,115419.0
202504,경상북도,관광총소비,8026232.0
202504,경상북도,호텔,607337.0
202504,경상북도,콘도,5698.0
202504,경상북도,캠핑장/펜션,37107.0
202504,경상북도,기타숙박,474905.0
202504,경상북도,여행업,4778.0
202504,경상북도,육상운송,210239.0
202504,경상북도,수상운송,180.0
202504,경상북도,렌터카,33623.0
202504,경상북도,기타관광쇼핑,1901057.0
202504,경상북도,레저용품쇼핑,127038.0
202504,경상북도,대형쇼핑몰,341921.0
202504,경상북도,관광유원시설,3781.0
202504,경상북도,골프장,308282.0
202504,경상북도,기타레저,76014.0
202504,경상북도,문화서비스,6353.0
202504,경상북도,의료관광,168197.0
202504,경상북도,뷰티,164083.0
202504,경상북도,일반외식업,3053783.0
202504,경상북도,제과음료업,501855.0
202504,경상남도,관광총소비,6376144.0
202504,경상남도,호텔,501105.0
202504,경상남도,콘도,3175.0
202504,경상남도,캠핑장/펜션,3550.0
202504,경상남도,기타숙박,803598.0
202504,경상남도,여행업,8129.0
202504,경상남도,육상운송,155005.0
202504,경상남도,수상운송,693.0
202504,경상남도,렌터카,12589.0
202504,경상남도,기타관광쇼핑,777039.0
202504,경상남도,레저용품쇼핑,185586.0
202504,경상남도,대형쇼핑몰,1382085.0
202504,경상남도,관광유원시설,3693.0
202504,경상남도,골프장,146472.0
202504,경상남도,기타레저,50729.0
202504,경상남도,문화서비스,3195.0
202504,경상남도,의료관광,238605.0
202504,경상남도,뷰티,89556.0
202504,경상남도,일반외식업,1800443.0
202504,경상남도,제과음료업,210896.0
202504,제주특별자치도,관광총소비,3.823739E7
202504,제주특별자치도,호텔,2197925.0
202504,제주특별자치도,콘도,1809342.0
202504,제주특별자치도,캠핑장/펜션,19570.0
202504,제주특별자치도,기타숙박,1009864.0
202504,제주특별자치도,여행업,10819.0
202504,제주특별자치도,육상운송,500897.0
202504,제주특별자치도,수상운송,20957.0
202504,제주특별자치도,항공운송,36911.0
202504,제주특별자치도,렌터카,2057868.0
202504,제주특별자치도,면세점,3296197.0
202504,제주특별자치도,기타관광쇼핑,8592096.0
202504,제주특별자치도,레저용품쇼핑,878040.0
202504,제주특별자치도,대형쇼핑몰,2221789.0
202504,제주특별자치도,관광유원시설,143146.0
202504,제주특별자치도,골프장,259858.0
202504,제주특별자치도,기타레저,320465.0
202504,제주특별자치도,문화서비스,337058.0
202504,제주특별자치도,의료관광,2905149.0
202504,제주특별자치도,뷰티,868509.0
202504,제주특별자치도,일반외식업,8646643.0
202504,제주특별자치도,제과음료업,2104286.0
202504,강원특별자치도,관광총소비,4634741.0
202504,강원특별자치도,호텔,138511.0
202504,강원특별자치도,콘도,77452.0
202504,강원특별자치도,캠핑장/펜션,59864.0
202504,강원특별자치도,기타숙박,478102.0
202504,강원특별자치도,여행업,1680.0
202504,강원특별자치도,육상운송,128404.0
202504,강원특별자치도,수상운송,1423.0
202504,강원특별자치도,렌터카,14858.0
202504,강원특별자치도,면세점,163.0
202504,강원특별자치도,기타관광쇼핑,1082739.0
202504,강원특별자치도,레저용품쇼핑,51001.0
202504,강원특별자치도,대형쇼핑몰,360795.0
202504,강원특별자치도,관광유원시설,20622.0
202504,강원특별자치도,골프장,281181.0
202504,강원특별자치도,스키장,28.0
202504,강원특별자치도,기타레저,64059.0
202504,강원특별자치도,문화서비스,4606.0
202504,강원특별자치도,의료관광,127324.0
202504,강원특별자치도,뷰티,44204.0
202504,강원특별자치도,일반외식업,1466216.0
202504,강원특별자치도,제과음료업,231509.0
202504,전북특별자치도,관광총소비,3935692.0
202504,전북특별자치도,호텔,113164.0
202504,전북특별자치도,콘도,2692.0
202504,전북특별자치도,캠핑장/펜션,4544.0
202504,전북특별자치도,기타숙박,346886.0
202504,전북특별자치도,여행업,4.0
202504,전북특별자치도,육상운송,89993.0
202504,전북특별자치도,수상운송,1422.0
202504,전북특별자치도,렌터카,10140.0
202504,전북특별자치도,기타관광쇼핑,805776.0
202504,전북특별자치도,레저용품쇼핑,145382.0
202504,전북특별자치도,대형쇼핑몰,609505.0
202504,전북특별자치도,관광유원시설,662.0
202504,전북특별자치도,골프장,27228.0
202504,전북특별자치도,기타레저,45097.0
202504,전북특별자치도,문화서비스,41586.0
202504,전북특별자치도,의료관광,215313.0
202504,전북특별자치도,뷰티,91036.0
202504,전북특별자치도,일반외식업,1152096.0
202504,전북특별자치도,제과음료업,233168.0
202504,기타(지역 미분류),관광총소비,3.25061848E8
202504,기타(지역 미분류),호텔,1.0016228E8
202504,기타(지역 미분류),콘도,1974078.0
202504,기타(지역 미분류),캠핑장/펜션,66102.0
202504,기타(지역 미분류),기타숙박,3.4428202E7
202504,기타(지역 미분류),여행업,1350373.0
202504,기타(지역 미분류),육상운송,2.2400323E7
202504,기타(지역 미분류),수상운송,10452.0
202504,기타(지역 미분류),항공운송,7.4097608E7
202504,기타(지역 미분류),렌터카,929122.0
202504,기타(지역 미분류),면세점,3.4432091E7
202504,기타(지역 미분류),기타관광쇼핑,157900.0
202504,기타(지역 미분류),레저용품쇼핑,1101009.0
202504,기타(지역 미분류),관광유원시설,406426.0
202504,기타(지역 미분류),골프장,1393181.0
202504,기타(지역 미분류),기타레저,274878.0
202504,기타(지역 미분류),문화서비스,896704.0
202504,기타(지역 미분류),의료관광,2.5428303E7
202504,기타(지역 미분류),뷰티,1834721.0
202504,기타(지역 미분류),일반외식업,1.8907095E7
202504,기타(지역 미분류),제과음료업,4810998.0
202505,서울특별시,관광총소비,8.46132469E8
202505,서울특별시,호텔,8.98269E7
202505,서울특별시,콘도,124386.0
202505,서울특별시,캠핑장/펜션,131963.0
202505,서울특별시,기타숙박,2.1022294E7
202505,서울특별시,여행업,673744.0
202505,서울특별시,육상운송,1.6796328E7
202505,서울특별시,수상운송,48118.0
202505,서울특별시,항공운송,1790138.0
202505,서울특별시,렌터카,197768.0
202505,서울특별시,면세점,3.5244718E7
202505,서울특별시,기타관광쇼핑,1.68803448E8
202505,서울특별시,레저용품쇼핑,1.4794593E7
202505,서울특별시,대형쇼핑몰,1.6552262E8
202505,서울특별시,카지노,3.0293368E7
202505,서울특별시,관광유원시설,25115.0
202505,서울특별시,골프장,302781.0
202505,서울특별시,기타레저,2663446.0
202505,서울특별시,문화서비스,1390518.0
202505,서울특별시,의료관광,1.32811401E8
202505,서울특별시,뷰티,4.0045561E7
202505,서울특별시,일반외식업,1.01169282E8
202505,서울특별시,제과음료업,2.2453978E7
202505,부산광역시,관광총소비,9.2583543E7
202505,부산광역시,호텔,4901353.0
202505,부산광역시,캠핑장/펜션,11765.0
202505,부산광역시,기타숙박,3155963.0
202505,부산광역시,여행업,11835.0
202505,부산광역시,육상운송,508761.0
202505,부산광역시,수상운송,29549.0
202505,부산광역시,항공운송,7910.0
202505,부산광역시,렌터카,15052.0
202505,부산광역시,면세점,5666536.0
202505,부산광역시,기타관광쇼핑,9321755.0
202505,부산광역시,레저용품쇼핑,602042.0
202505,부산광역시,대형쇼핑몰,3.3325234E7
202505,부산광역시,카지노,7852100.0
202505,부산광역시,관광유원시설,273621.0
202505,부산광역시,골프장,44344.0
202505,부산광역시,기타레저,618409.0
202505,부산광역시,문화서비스,57508.0
202505,부산광역시,의료관광,5968490.0
202505,부산광역시,뷰티,2104856.0
202505,부산광역시,일반외식업,1.5638335E7
202505,부산광역시,제과음료업,2468124.0
202505,대구광역시,관광총소비,7286060.0
202505,대구광역시,호텔,514341.0
202505,대구광역시,콘도,108.0
202505,대구광역시,캠핑장/펜션,1526.0
202505,대구광역시,기타숙박,455330.0
202505,대구광역시,여행업,13252.0
202505,대구광역시,육상운송,100925.0
202505,대구광역시,항공운송,126082.0
202505,대구광역시,렌터카,9749.0
202505,대구광역시,기타관광쇼핑,1199461.0
202505,대구광역시,레저용품쇼핑,187519.0
202505,대구광역시,대형쇼핑몰,1402532.0
202505,대구광역시,관광유원시설,63450.0
202505,대구광역시,골프장,35314.0
202505,대구광역시,기타레저,100660.0
202505,대구광역시,문화서비스,10746.0
202505,대구광역시,의료관광,879491.0
202505,대구광역시,뷰티,186311.0
202505,대구광역시,일반외식업,1696244.0
202505,대구광역시,제과음료업,303018.0
202505,인천광역시,관광총소비,9.2180808E7
202505,인천광역시,호텔,4.1323099E7
202505,인천광역시,캠핑장/펜션,14130.0
202505,인천광역시,기타숙박,902939.0
202505,인천광역시,여행업,11429.0
202505,인천광역시,육상운송,864040.0
202505,인천광역시,수상운송,2031.0
202505,인천광역시,항공운송,172.0
202505,인천광역시,렌터카,548069.0
202505,인천광역시,면세점,2.7297556E7
202505,인천광역시,기타관광쇼핑,4254391.0
202505,인천광역시,레저용품쇼핑,295564.0
202505,인천광역시,대형쇼핑몰,4729851.0
202505,인천광역시,관광유원시설,15004.0
202505,인천광역시,골프장,38978.0
202505,인천광역시,기타레저,154609.0
202505,인천광역시,문화서비스,10139.0
202505,인천광역시,의료관광,1937938.0
202505,인천광역시,뷰티,493437.0
202505,인천광역시,일반외식업,5894365.0
202505,인천광역시,제과음료업,3393066.0
202505,광주광역시,관광총소비,3556868.0
202505,광주광역시,호텔,69113.0
202505,광주광역시,캠핑장/펜션,313.0
202505,광주광역시,기타숙박,211765.0
202505,광주광역시,여행업,9.0
202505,광주광역시,육상운송,27368.0
202505,광주광역시,렌터카,980.0
202505,광주광역시,기타관광쇼핑,1188448.0
202505,광주광역시,레저용품쇼핑,85538.0
202505,광주광역시,대형쇼핑몰,656195.0
202505,광주광역시,관광유원시설,524.0
202505,광주광역시,골프장,6440.0
202505,광주광역시,기타레저,40580.0
202505,광주광역시,문화서비스,55183.0
202505,광주광역시,의료관광,126800.0
202505,광주광역시,뷰티,78720.0
202505,광주광역시,일반외식업,854729.0
202505,광주광역시,제과음료업,154162.0
202505,대전광역시,관광총소비,5111170.0
202505,대전광역시,호텔,353085.0
202505,대전광역시,캠핑장/펜션,130.0
202505,대전광역시,기타숙박,393940.0
202505,대전광역시,여행업,1542.0
202505,대전광역시,육상운송,1674097.0
202505,대전광역시,렌터카,1853.0
202505,대전광역시,기타관광쇼핑,517491.0
202505,대전광역시,레저용품쇼핑,29468.0
202505,대전광역시,대형쇼핑몰,801620.0
202505,대전광역시,관광유원시설,2663.0
202505,대전광역시,골프장,39014.0
202505,대전광역시,기타레저,27387.0
202505,대전광역시,문화서비스,3632.0
202505,대전광역시,의료관광,214728.0
202505,대전광역시,뷰티,66123.0
202505,대전광역시,일반외식업,815283.0
202505,대전광역시,제과음료업,169114.0
202505,울산광역시,관광총소비,2093162.0
202505,울산광역시,호텔,524548.0
202505,울산광역시,캠핑장/펜션,76.0
202505,울산광역시,기타숙박,201691.0
202505,울산광역시,여행업,726.0
202505,울산광역시,육상운송,36557.0
202505,울산광역시,렌터카,4702.0
202505,울산광역시,기타관광쇼핑,261429.0
202505,울산광역시,레저용품쇼핑,32467.0
202505,울산광역시,대형쇼핑몰,355944.0
202505,울산광역시,관광유원시설,122.0
202505,울산광역시,골프장,10157.0
202505,울산광역시,기타레저,54925.0
202505,울산광역시,문화서비스,639.0
202505,울산광역시,의료관광,104220.0
202505,울산광역시,뷰티,32186.0
202505,울산광역시,일반외식업,417454.0
202505,울산광역시,제과음료업,55319.0
202505,세종특별자치시,관광총소비,613138.0
202505,세종특별자치시,기타숙박,158829.0
202505,세종특별자치시,육상운송,8877.0
202505,세종특별자치시,기타관광쇼핑,98067.0
202505,세종특별자치시,레저용품쇼핑,3192.0
202505,세종특별자치시,대형쇼핑몰,22035.0
202505,세종특별자치시,골프장,13147.0
202505,세종특별자치시,기타레저,7433.0
202505,세종특별자치시,문화서비스,649.0
202505,세종특별자치시,의료관광,54681.0
202505,세종특별자치시,뷰티,16002.0
202505,세종특별자치시,일반외식업,199935.0
202505,세종특별자치시,제과음료업,30291.0
202505,경기도,관광총소비,8.780459E7
202505,경기도,호텔,4334039.0
202505,경기도,콘도,13427.0
202505,경기도,캠핑장/펜션,26359.0
202505,경기도,기타숙박,8625687.0
202505,경기도,여행업,47120.0
202505,경기도,육상운송,2425963.0
202505,경기도,수상운송,25815.0
202505,경기도,렌터카,482716.0
202505,경기도,면세점,411.0
202505,경기도,기타관광쇼핑,1.5659734E7
202505,경기도,레저용품쇼핑,3847909.0
202505,경기도,대형쇼핑몰,2.1748756E7
202505,경기도,관광유원시설,836467.0
202505,경기도,골프장,1351123.0
202505,경기도,기타레저,964660.0
202505,경기도,문화서비스,178477.0
202505,경기도,의료관광,5161387.0
202505,경기도,뷰티,2527375.0
202505,경기도,일반외식업,1.7286039E7
202505,경기도,제과음료업,2261129.0
202505,충청북도,관광총소비,3620214.0
202505,충청북도,호텔,66789.0
202505,충청북도,콘도,1149.0
202505,충청북도,캠핑장/펜션,52721.0
202505,충청북도,기타숙박,497362.0
202505,충청북도,육상운송,89746.0
202505,충청북도,수상운송,128.0
202505,충청북도,항공운송,20812.0
202505,충청북도,렌터카,10484.0
202505,충청북도,면세점,31697.0
202505,충청북도,기타관광쇼핑,767503.0
202505,충청북도,레저용품쇼핑,40735.0
202505,충청북도,대형쇼핑몰,443862.0
202505,충청북도,관광유원시설,13387.0
202505,충청북도,골프장,93407.0
202505,충청북도,기타레저,32500.0
202505,충청북도,문화서비스,767.0
202505,충청북도,의료관광,147176.0
202505,충청북도,뷰티,62080.0
202505,충청북도,일반외식업,1110431.0
202505,충청북도,제과음료업,137477.0
202505,충청남도,관광총소비,4425614.0
202505,충청남도,호텔,27727.0
202505,충청남도,콘도,35040.0
202505,충청남도,캠핑장/펜션,2638.0
202505,충청남도,기타숙박,527316.0
202505,충청남도,여행업,1752.0
202505,충청남도,육상운송,182157.0
202505,충청남도,수상운송,110.0
202505,충청남도,렌터카,93640.0
202505,충청남도,기타관광쇼핑,1188620.0
202505,충청남도,레저용품쇼핑,64309.0
202505,충청남도,대형쇼핑몰,503940.0
202505,충청남도,관광유원시설,1579.0
202505,충청남도,골프장,47615.0
202505,충청남도,기타레저,71234.0
202505,충청남도,문화서비스,3203.0
202505,충청남도,의료관광,307319.0
202505,충청남도,뷰티,82365.0
202505,충청남도,일반외식업,1107899.0
202505,충청남도,제과음료업,177151.0
202505,전라남도,관광총소비,2350707.0
202505,전라남도,호텔,147753.0
202505,전라남도,콘도,12890.0
202505,전라남도,캠핑장/펜션,4601.0
202505,전라남도,기타숙박,252485.0
202505,전라남도,여행업,1037.0
202505,전라남도,육상운송,85459.0
202505,전라남도,수상운송,2138.0
202505,전라남도,렌터카,51475.0
202505,전라남도,기타관광쇼핑,440448.0
202505,전라남도,레저용품쇼핑,36996.0
202505,전라남도,대형쇼핑몰,317131.0
202505,전라남도,관광유원시설,2148.0
202505,전라남도,골프장,67678.0
202505,전라남도,기타레저,50363.0
202505,전라남도,문화서비스,4068.0
202505,전라남도,의료관광,88123.0
202505,전라남도,뷰티,46591.0
202505,전라남도,일반외식업,605364.0
202505,전라남도,제과음료업,133960.0
202505,경상북도,관광총소비,7841945.0
202505,경상북도,호텔,581730.0
202505,경상북도,콘도,10789.0
202505,경상북도,캠핑장/펜션,34796.0
202505,경상북도,기타숙박,404481.0
202505,경상북도,여행업,1686.0
202505,경상북도,육상운송,210156.0
202505,경상북도,수상운송,200.0
202505,경상북도,렌터카,28795.0
202505,경상북도,기타관광쇼핑,1874458.0
202505,경상북도,레저용품쇼핑,137457.0
202505,경상북도,대형쇼핑몰,310460.0
202505,경상북도,관광유원시설,2221.0
202505,경상북도,골프장,332500.0
202505,경상북도,기타레저,68808.0
202505,경상북도,문화서비스,7274.0
202505,경상북도,의료관광,189204.0
202505,경상북도,뷰티,167459.0
202505,경상북도,일반외식업,3010546.0
202505,경상북도,제과음료업,468925.0
202505,경상남도,관광총소비,6213571.0
202505,경상남도,호텔,605318.0
202505,경상남도,콘도,6741.0
202505,경상남도,캠핑장/펜션,3020.0
202505,경상남도,기타숙박,890673.0
202505,경상남도,여행업,4699.0
202505,경상남도,육상운송,154758.0
202505,경상남도,수상운송,739.0
202505,경상남도,렌터카,22043.0
202505,경상남도,기타관광쇼핑,759311.0
202505,경상남도,레저용품쇼핑,171931.0
202505,경상남도,대형쇼핑몰,1218498.0
202505,경상남도,관광유원시설,2935.0
202505,경상남도,골프장,199028.0
202505,경상남도,기타레저,59258.0
202505,경상남도,문화서비스,7602.0
202505,경상남도,의료관광,217890.0
202505,경상남도,뷰티,79515.0
202505,경상남도,일반외식업,1612381.0
202505,경상남도,제과음료업,197232.0
202505,제주특별자치도,관광총소비,4.3399565E7
202505,제주특별자치도,호텔,2234237.0
202505,제주특별자치도,콘도,2142786.0
202505,제주특별자치도,캠핑장/펜션,12224.0
202505,제주특별자치도,기타숙박,850224.0
202505,제주특별자치도,여행업,18363.0
202505,제주특별자치도,육상운송,510159.0
202505,제주특별자치도,수상운송,33656.0
202505,제주특별자치도,항공운송,133649.0
202505,제주특별자치도,렌터카,1847882.0
202505,제주특별자치도,면세점,4472465.0
202505,제주특별자치도,기타관광쇼핑,9309310.0
202505,제주특별자치도,레저용품쇼핑,1022154.0
202505,제주특별자치도,대형쇼핑몰,2534168.0
202505,제주특별자치도,관광유원시설,163793.0
202505,제주특별자치도,골프장,320021.0
202505,제주특별자치도,기타레저,424204.0
202505,제주특별자치도,문화서비스,367155.0
202505,제주특별자치도,의료관광,3088528.0
202505,제주특별자치도,뷰티,1020392.0
202505,제주특별자치도,일반외식업,1.0500598E7
202505,제주특별자치도,제과음료업,2393598.0
202505,강원특별자치도,관광총소비,5541900.0
202505,강원특별자치도,호텔,181179.0
202505,강원특별자치도,콘도,570119.0
202505,강원특별자치도,캠핑장/펜션,37987.0
202505,강원특별자치도,기타숙박,778002.0
202505,강원특별자치도,여행업,2575.0
202505,강원특별자치도,육상운송,129661.0
202505,강원특별자치도,수상운송,2923.0
202505,강원특별자치도,렌터카,15660.0
202505,강원특별자치도,면세점,40.0
202505,강원특별자치도,기타관광쇼핑,1029180.0
202505,강원특별자치도,레저용품쇼핑,53537.0
202505,강원특별자치도,대형쇼핑몰,320587.0
202505,강원특별자치도,관광유원시설,42501.0
202505,강원특별자치도,골프장,285628.0
202505,강원특별자치도,스키장,80.0
202505,강원특별자치도,기타레저,99646.0
202505,강원특별자치도,문화서비스,7460.0
202505,강원특별자치도,의료관광,122641.0
202505,강원특별자치도,뷰티,54340.0
202505,강원특별자치도,일반외식업,1546741.0
202505,강원특별자치도,제과음료업,261414.0
202505,전북특별자치도,관광총소비,3811034.0
202505,전북특별자치도,호텔,108148.0
202505,전북특별자치도,콘도,2256.0
202505,전북특별자치도,캠핑장/펜션,1521.0
202505,전북특별자치도,기타숙박,378083.0
202505,전북특별자치도,여행업,2754.0
202505,전북특별자치도,육상운송,94037.0
202505,전북특별자치도,수상운송,1770.0
202505,전북특별자치도,렌터카,5583.0
202505,전북특별자치도,기타관광쇼핑,699698.0
202505,전북특별자치도,레저용품쇼핑,150877.0
202505,전북특별자치도,대형쇼핑몰,589107.0
202505,전북특별자치도,관광유원시설,340.0
202505,전북특별자치도,골프장,36522.0
202505,전북특별자치도,기타레저,40009.0
202505,전북특별자치도,문화서비스,64635.0
202505,전북특별자치도,의료관광,193809.0
202505,전북특별자치도,뷰티,98244.0
202505,전북특별자치도,일반외식업,1125255.0
202505,전북특별자치도,제과음료업,218386.0
202505,기타(지역 미분류),관광총소비,3.07912047E8
202505,기타(지역 미분류),호텔,9.6820557E7
202505,기타(지역 미분류),콘도,3136837.0
202505,기타(지역 미분류),캠핑장/펜션,79031.0
202505,기타(지역 미분류),기타숙박,3.6204263E7
202505,기타(지역 미분류),여행업,1331852.0
202505,기타(지역 미분류),육상운송,2.1105339E7
202505,기타(지역 미분류),수상운송,11764.0
202505,기타(지역 미분류),항공운송,6.3333757E7
202505,기타(지역 미분류),렌터카,830349.0
202505,기타(지역 미분류),면세점,3.1936155E7
202505,기타(지역 미분류),기타관광쇼핑,157963.0
202505,기타(지역 미분류),레저용품쇼핑,1277055.0
202505,기타(지역 미분류),관광유원시설,423869.0
202505,기타(지역 미분류),골프장,1347277.0
202505,기타(지역 미분류),기타레저,347538.0
202505,기타(지역 미분류),문화서비스,1012299.0
202505,기타(지역 미분류),의료관광,2.2744411E7
202505,기타(지역 미분류),뷰티,1827984.0
202505,기타(지역 미분류),일반외식업,1.9708323E7
202505,기타(지역 미분류),제과음료업,4275425.0
202506,서울특별시,관광총소비,8.24941397E8
202506,서울특별시,호텔,9.0588314E7
202506,서울특별시,콘도,166067.0
202506,서울특별시,캠핑장/펜션,123483.0
202506,서울특별시,기타숙박,2.0449415E7
202506,서울특별시,여행업,715857.0
202506,서울특별시,육상운송,1.6344102E7
202506,서울특별시,수상운송,44326.0
202506,서울특별시,항공운송,1949988.0
202506,서울특별시,렌터카,198946.0
202506,서울특별시,면세점,3.2792562E7
202506,서울특별시,기타관광쇼핑,1.62917702E8
202506,서울특별시,레저용품쇼핑,1.5734331E7
202506,서울특별시,대형쇼핑몰,1.51327597E8
202506,서울특별시,카지노,3.1413219E7
202506,서울특별시,관광유원시설,34261.0
202506,서울특별시,골프장,314053.0
202506,서울특별시,기타레저,2789689.0
202506,서울특별시,문화서비스,1435276.0
202506,서울특별시,의료관광,1.33307831E8
202506,서울특별시,뷰티,4.0511977E7
202506,서울특별시,일반외식업,9.8643813E7
202506,서울특별시,제과음료업,2.3138585E7
202506,부산광역시,관광총소비,8.9973295E7
202506,부산광역시,호텔,4956944.0
202506,부산광역시,캠핑장/펜션,13687.0
202506,부산광역시,기타숙박,3021766.0
202506,부산광역시,여행업,25885.0
202506,부산광역시,육상운송,487206.0
202506,부산광역시,수상운송,31362.0
202506,부산광역시,항공운송,3760.0
202506,부산광역시,렌터카,20182.0
202506,부산광역시,면세점,5223153.0
202506,부산광역시,기타관광쇼핑,9134090.0
202506,부산광역시,레저용품쇼핑,570730.0
202506,부산광역시,대형쇼핑몰,3.0642793E7
202506,부산광역시,카지노,8910005.0
202506,부산광역시,관광유원시설,339126.0
202506,부산광역시,골프장,39010.0
202506,부산광역시,기타레저,641837.0
202506,부산광역시,문화서비스,104099.0
202506,부산광역시,의료관광,5577615.0
202506,부산광역시,뷰티,3288405.0
202506,부산광역시,일반외식업,1.4508823E7
202506,부산광역시,제과음료업,2432818.0
202506,대구광역시,관광총소비,6663854.0
202506,대구광역시,호텔,601202.0
202506,대구광역시,캠핑장/펜션,589.0
202506,대구광역시,기타숙박,324673.0
202506,대구광역시,여행업,4800.0
202506,대구광역시,육상운송,102983.0
202506,대구광역시,항공운송,111799.0
202506,대구광역시,렌터카,7137.0
202506,대구광역시,기타관광쇼핑,1086164.0
202506,대구광역시,레저용품쇼핑,213716.0
202506,대구광역시,대형쇼핑몰,1050946.0
202506,대구광역시,관광유원시설,43697.0
202506,대구광역시,골프장,28045.0
202506,대구광역시,기타레저,85639.0
202506,대구광역시,문화서비스,9367.0
202506,대구광역시,의료관광,901663.0
202506,대구광역시,뷰티,182606.0
202506,대구광역시,일반외식업,1635253.0
202506,대구광역시,제과음료업,273577.0
202506,인천광역시,관광총소비,8.7965288E7
202506,인천광역시,호텔,3.6722339E7
202506,인천광역시,캠핑장/펜션,16983.0
202506,인천광역시,기타숙박,884627.0
202506,인천광역시,여행업,56625.0
202506,인천광역시,육상운송,886572.0
202506,인천광역시,수상운송,958.0
202506,인천광역시,항공운송,742.0
202506,인천광역시,렌터카,587111.0
202506,인천광역시,면세점,2.7399428E7
202506,인천광역시,기타관광쇼핑,4334386.0
202506,인천광역시,레저용품쇼핑,246912.0
202506,인천광역시,대형쇼핑몰,4163671.0
202506,인천광역시,관광유원시설,15897.0
202506,인천광역시,골프장,56595.0
202506,인천광역시,기타레저,176041.0
202506,인천광역시,문화서비스,12898.0
202506,인천광역시,의료관광,2037878.0
202506,인천광역시,뷰티,515277.0
202506,인천광역시,일반외식업,6225842.0
202506,인천광역시,제과음료업,3624506.0
202506,광주광역시,관광총소비,2651128.0
202506,광주광역시,호텔,29491.0
202506,광주광역시,캠핑장/펜션,140.0
202506,광주광역시,기타숙박,240080.0
202506,광주광역시,육상운송,23409.0
202506,광주광역시,렌터카,1943.0
202506,광주광역시,기타관광쇼핑,537225.0
202506,광주광역시,레저용품쇼핑,65685.0
202506,광주광역시,대형쇼핑몰,549571.0
202506,광주광역시,관광유원시설,928.0
202506,광주광역시,골프장,3847.0
202506,광주광역시,기타레저,32973.0
202506,광주광역시,문화서비스,90943.0
202506,광주광역시,의료관광,159516.0
202506,광주광역시,뷰티,46538.0
202506,광주광역시,일반외식업,723788.0
202506,광주광역시,제과음료업,145049.0
202506,대전광역시,관광총소비,5809007.0
202506,대전광역시,호텔,1066304.0
202506,대전광역시,캠핑장/펜션,165.0
202506,대전광역시,기타숙박,466494.0
202506,대전광역시,육상운송,1616378.0
202506,대전광역시,렌터카,3480.0
202506,대전광역시,기타관광쇼핑,484363.0
202506,대전광역시,레저용품쇼핑,32021.0
202506,대전광역시,대형쇼핑몰,733057.0
202506,대전광역시,관광유원시설,2079.0
202506,대전광역시,골프장,26354.0
202506,대전광역시,기타레저,37704.0
202506,대전광역시,문화서비스,3784.0
202506,대전광역시,의료관광,304806.0
202506,대전광역시,뷰티,74213.0
202506,대전광역시,일반외식업,795143.0
202506,대전광역시,제과음료업,162660.0
202506,울산광역시,관광총소비,1995103.0
202506,울산광역시,호텔,636013.0
202506,울산광역시,기타숙박,126419.0
202506,울산광역시,여행업,988.0
202506,울산광역시,육상운송,34526.0
202506,울산광역시,렌터카,5200.0
202506,울산광역시,기타관광쇼핑,220800.0
202506,울산광역시,레저용품쇼핑,16035.0
202506,울산광역시,대형쇼핑몰,322799.0
202506,울산광역시,관광유원시설,106.0
202506,울산광역시,골프장,9454.0
202506,울산광역시,기타레저,22938.0
202506,울산광역시,문화서비스,1050.0
202506,울산광역시,의료관광,102600.0
202506,울산광역시,뷰티,39268.0
202506,울산광역시,일반외식업,403620.0
202506,울산광역시,제과음료업,53288.0
202506,세종특별자치시,관광총소비,639306.0
202506,세종특별자치시,기타숙박,148694.0
202506,세종특별자치시,육상운송,11201.0
202506,세종특별자치시,기타관광쇼핑,110590.0
202506,세종특별자치시,레저용품쇼핑,4231.0
202506,세종특별자치시,대형쇼핑몰,37381.0
202506,세종특별자치시,관광유원시설,94.0
202506,세종특별자치시,골프장,7577.0
202506,세종특별자치시,기타레저,9855.0
202506,세종특별자치시,문화서비스,1978.0
202506,세종특별자치시,의료관광,53604.0
202506,세종특별자치시,뷰티,14248.0
202506,세종특별자치시,일반외식업,208820.0
202506,세종특별자치시,제과음료업,31032.0
202506,경기도,관광총소비,8.4568914E7
202506,경기도,호텔,4254046.0
202506,경기도,콘도,47014.0
202506,경기도,캠핑장/펜션,19025.0
202506,경기도,기타숙박,8738121.0
202506,경기도,여행업,80430.0
202506,경기도,육상운송,2372202.0
202506,경기도,수상운송,22833.0
202506,경기도,렌터카,447626.0
202506,경기도,면세점,138.0
202506,경기도,기타관광쇼핑,1.4667654E7
202506,경기도,레저용품쇼핑,3080442.0
202506,경기도,대형쇼핑몰,2.0354542E7
202506,경기도,관광유원시설,858256.0
202506,경기도,골프장,1264077.0
202506,경기도,스키장,120.0
202506,경기도,기타레저,1141027.0
202506,경기도,문화서비스,173078.0
202506,경기도,의료관광,5690942.0
202506,경기도,뷰티,2369699.0
202506,경기도,일반외식업,1.6721691E7
202506,경기도,제과음료업,2265950.0
202506,충청북도,관광총소비,3208027.0
202506,충청북도,호텔,61978.0
202506,충청북도,콘도,8594.0
202506,충청북도,캠핑장/펜션,25705.0
202506,충청북도,기타숙박,370778.0
202506,충청북도,육상운송,91851.0
202506,충청북도,수상운송,1912.0
202506,충청북도,항공운송,31063.0
202506,충청북도,렌터카,7511.0
202506,충청북도,면세점,36403.0
202506,충청북도,기타관광쇼핑,641269.0
202506,충청북도,레저용품쇼핑,53354.0
202506,충청북도,대형쇼핑몰,432735.0
202506,충청북도,관광유원시설,9607.0
202506,충청북도,골프장,89268.0
202506,충청북도,기타레저,32449.0
202506,충청북도,문화서비스,739.0
202506,충청북도,의료관광,145290.0
202506,충청북도,뷰티,53044.0
202506,충청북도,일반외식업,990486.0
202506,충청북도,제과음료업,123991.0
202506,충청남도,관광총소비,4289138.0
202506,충청남도,호텔,23599.0
202506,충청남도,콘도,89248.0
202506,충청남도,캠핑장/펜션,3660.0
202506,충청남도,기타숙박,506298.0
202506,충청남도,여행업,358.0
202506,충청남도,육상운송,174049.0
202506,충청남도,수상운송,7.0
202506,충청남도,렌터카,68733.0
202506,충청남도,기타관광쇼핑,1125102.0
202506,충청남도,레저용품쇼핑,59202.0
202506,충청남도,대형쇼핑몰,519727.0
202506,충청남도,관광유원시설,1476.0
202506,충청남도,골프장,49683.0
202506,충청남도,기타레저,102129.0
202506,충청남도,문화서비스,2462.0
202506,충청남도,의료관광,311845.0
202506,충청남도,뷰티,91098.0
202506,충청남도,일반외식업,989499.0
202506,충청남도,제과음료업,170963.0
202506,전라남도,관광총소비,2227376.0
202506,전라남도,호텔,90388.0
202506,전라남도,콘도,15291.0
202506,전라남도,캠핑장/펜션,1283.0
202506,전라남도,기타숙박,241863.0
202506,전라남도,여행업,6970.0
202506,전라남도,육상운송,72091.0
202506,전라남도,수상운송,993.0
202506,전라남도,렌터카,36213.0
202506,전라남도,기타관광쇼핑,535966.0
202506,전라남도,레저용품쇼핑,34759.0
202506,전라남도,대형쇼핑몰,267960.0
202506,전라남도,관광유원시설,2822.0
202506,전라남도,골프장,57392.0
202506,전라남도,기타레저,52220.0
202506,전라남도,문화서비스,5236.0
202506,전라남도,의료관광,55648.0
202506,전라남도,뷰티,42150.0
202506,전라남도,일반외식업,595681.0
202506,전라남도,제과음료업,112451.0
202506,경상북도,관광총소비,6855274.0
202506,경상북도,호텔,675721.0
202506,경상북도,콘도,16662.0
202506,경상북도,캠핑장/펜션,17245.0
202506,경상북도,기타숙박,378867.0
202506,경상북도,여행업,317.0
202506,경상북도,육상운송,208735.0
202506,경상북도,수상운송,445.0
202506,경상북도,렌터카,27362.0
202506,경상북도,기타관광쇼핑,1520462.0
202506,경상북도,레저용품쇼핑,75084.0
202506,경상북도,대형쇼핑몰,337369.0
202506,경상북도,관광유원시설,5849.0
202506,경상북도,골프장,332804.0
202506,경상북도,기타레저,88187.0
202506,경상북도,문화서비스,6634.0
202506,경상북도,의료관광,224927.0
202506,경상북도,뷰티,138702.0
202506,경상북도,일반외식업,2420191.0
202506,경상북도,제과음료업,379710.0
202506,경상남도,관광총소비,6408723.0
202506,경상남도,호텔,628845.0
202506,경상남도,콘도,1951.0
202506,경상남도,캠핑장/펜션,3946.0
202506,경상남도,기타숙박,984348.0
202506,경상남도,여행업,6090.0
202506,경상남도,육상운송,159826.0
202506,경상남도,수상운송,520.0
202506,경상남도,렌터카,15059.0
202506,경상남도,기타관광쇼핑,743343.0
202506,경상남도,레저용품쇼핑,173092.0
202506,경상남도,대형쇼핑몰,1196114.0
202506,경상남도,관광유원시설,4767.0
202506,경상남도,골프장,97437.0
202506,경상남도,기타레저,47570.0
202506,경상남도,문화서비스,9533.0
202506,경상남도,의료관광,304169.0
202506,경상남도,뷰티,96981.0
202506,경상남도,일반외식업,1734687.0
202506,경상남도,제과음료업,200446.0
202506,제주특별자치도,관광총소비,4.396367E7
202506,제주특별자치도,호텔,2645976.0
202506,제주특별자치도,콘도,2803097.0
202506,제주특별자치도,캠핑장/펜션,17044.0
202506,제주특별자치도,기타숙박,862492.0
202506,제주특별자치도,여행업,19197.0
202506,제주특별자치도,육상운송,458616.0
202506,제주특별자치도,수상운송,25081.0
202506,제주특별자치도,항공운송,19036.0
202506,제주특별자치도,렌터카,2000193.0
202506,제주특별자치도,면세점,3905858.0
202506,제주특별자치도,기타관광쇼핑,9015221.0
202506,제주특별자치도,레저용품쇼핑,1114163.0
202506,제주특별자치도,대형쇼핑몰,2401867.0
202506,제주특별자치도,관광유원시설,220324.0
202506,제주특별자치도,골프장,251209.0
202506,제주특별자치도,기타레저,460007.0
202506,제주특별자치도,문화서비스,440614.0
202506,제주특별자치도,의료관광,3324223.0
202506,제주특별자치도,뷰티,1028473.0
202506,제주특별자치도,일반외식업,1.0533133E7
202506,제주특별자치도,제과음료업,2417846.0
202506,강원특별자치도,관광총소비,4861232.0
202506,강원특별자치도,호텔,210182.0
202506,강원특별자치도,콘도,112225.0
202506,강원특별자치도,캠핑장/펜션,22965.0
202506,강원특별자치도,기타숙박,618371.0
202506,강원특별자치도,여행업,2475.0
202506,강원특별자치도,육상운송,131871.0
202506,강원특별자치도,수상운송,1640.0
202506,강원특별자치도,렌터카,10405.0
202506,강원특별자치도,면세점,192.0
202506,강원특별자치도,기타관광쇼핑,855789.0
202506,강원특별자치도,레저용품쇼핑,69760.0
202506,강원특별자치도,대형쇼핑몰,365694.0
202506,강원특별자치도,관광유원시설,24850.0
202506,강원특별자치도,골프장,378154.0
202506,강원특별자치도,스키장,2253.0
202506,강원특별자치도,기타레저,91466.0
202506,강원특별자치도,문화서비스,18819.0
202506,강원특별자치도,의료관광,118042.0
202506,강원특별자치도,뷰티,50980.0
202506,강원특별자치도,일반외식업,1535283.0
202506,강원특별자치도,제과음료업,239817.0
202506,전북특별자치도,관광총소비,3330471.0
202506,전북특별자치도,호텔,36005.0
202506,전북특별자치도,콘도,4553.0
202506,전북특별자치도,캠핑장/펜션,633.0
202506,전북특별자치도,기타숙박,355769.0
202506,전북특별자치도,여행업,20.0
202506,전북특별자치도,육상운송,86795.0
202506,전북특별자치도,수상운송,67.0
202506,전북특별자치도,렌터카,3006.0
202506,전북특별자치도,기타관광쇼핑,625170.0
202506,전북특별자치도,레저용품쇼핑,99182.0
202506,전북특별자치도,대형쇼핑몰,546885.0
202506,전북특별자치도,관광유원시설,2455.0
202506,전북특별자치도,골프장,23665.0
202506,전북특별자치도,기타레저,43049.0
202506,전북특별자치도,문화서비스,43777.0
202506,전북특별자치도,의료관광,170564.0
202506,전북특별자치도,뷰티,134796.0
202506,전북특별자치도,일반외식업,971663.0
202506,전북특별자치도,제과음료업,182415.0
202506,기타(지역 미분류),관광총소비,3.08436814E8
202506,기타(지역 미분류),호텔,9.3410926E7
202506,기타(지역 미분류),콘도,3203666.0
202506,기타(지역 미분류),캠핑장/펜션,54640.0
202506,기타(지역 미분류),기타숙박,3.6799079E7
202506,기타(지역 미분류),여행업,1316451.0
202506,기타(지역 미분류),육상운송,2.0221439E7
202506,기타(지역 미분류),수상운송,9536.0
202506,기타(지역 미분류),항공운송,6.7460123E7
202506,기타(지역 미분류),렌터카,739396.0
202506,기타(지역 미분류),면세점,3.3624171E7
202506,기타(지역 미분류),기타관광쇼핑,117570.0
202506,기타(지역 미분류),레저용품쇼핑,1457470.0
202506,기타(지역 미분류),관광유원시설,488410.0
202506,기타(지역 미분류),골프장,1341463.0
202506,기타(지역 미분류),기타레저,348838.0
202506,기타(지역 미분류),문화서비스,1053810.0
202506,기타(지역 미분류),의료관광,2.2137375E7
202506,기타(지역 미분류),뷰티,1806727.0
202506,기타(지역 미분류),일반외식업,1.8567526E7
202506,기타(지역 미분류),제과음료업,4278197.0
202507,서울특별시,관광총소비,8.16743972E8
202507,서울특별시,호텔,8.1322903E7
202507,서울특별시,콘도,141083.0
202507,서울특별시,캠핑장/펜션,124530.0
202507,서울특별시,기타숙박,1.7663164E7
202507,서울특별시,여행업,580577.0
202507,서울특별시,육상운송,1.4761458E7
202507,서울특별시,수상운송,35448.0
202507,서울특별시,항공운송,1912570.0
202507,서울특별시,렌터카,187612.0
202507,서울특별시,면세점,3.252915E7
202507,서울특별시,기타관광쇼핑,1.55560274E8
202507,서울특별시,레저용품쇼핑,1.9322359E7
202507,서울특별시,대형쇼핑몰,1.75269059E8
202507,서울특별시,카지노,3.0066772E7
202507,서울특별시,관광유원시설,32124.0
202507,서울특별시,골프장,268675.0
202507,서울특별시,기타레저,2703688.0
202507,서울특별시,문화서비스,1471010.0
202507,서울특별시,의료관광,1.25113391E8
202507,서울특별시,뷰티,4.022524E7
202507,서울특별시,일반외식업,9.4765997E7
202507,서울특별시,제과음료업,2.2686888E7
202507,부산광역시,관광총소비,9.4036732E7
202507,부산광역시,호텔,4460166.0
202507,부산광역시,캠핑장/펜션,21212.0
202507,부산광역시,기타숙박,3223275.0
202507,부산광역시,여행업,19119.0
202507,부산광역시,육상운송,621011.0
202507,부산광역시,수상운송,35499.0
202507,부산광역시,항공운송,8133.0
202507,부산광역시,렌터카,26613.0
202507,부산광역시,면세점,5618278.0
202507,부산광역시,기타관광쇼핑,9484012.0
202507,부산광역시,레저용품쇼핑,613283.0
202507,부산광역시,대형쇼핑몰,3.2464894E7
202507,부산광역시,카지노,9032387.0
202507,부산광역시,관광유원시설,433920.0
202507,부산광역시,골프장,30175.0
202507,부산광역시,기타레저,754606.0
202507,부산광역시,문화서비스,130544.0
202507,부산광역시,의료관광,5122232.0
202507,부산광역시,뷰티,4207378.0
202507,부산광역시,일반외식업,1.5236812E7
202507,부산광역시,제과음료업,2493185.0
202507,대구광역시,관광총소비,5889207.0
202507,대구광역시,호텔,581208.0
202507,대구광역시,캠핑장/펜션,1701.0
202507,대구광역시,기타숙박,325103.0
202507,대구광역시,여행업,558.0
202507,대구광역시,육상운송,108560.0
202507,대구광역시,항공운송,75542.0
202507,대구광역시,렌터카,8140.0
202507,대구광역시,기타관광쇼핑,950240.0
202507,대구광역시,레저용품쇼핑,161452.0
202507,대구광역시,대형쇼핑몰,1044083.0
202507,대구광역시,관광유원시설,46983.0
202507,대구광역시,골프장,24627.0
202507,대구광역시,기타레저,84341.0
202507,대구광역시,문화서비스,10636.0
202507,대구광역시,의료관광,737364.0
202507,대구광역시,뷰티,175595.0
202507,대구광역시,일반외식업,1318766.0
202507,대구광역시,제과음료업,234308.0
202507,인천광역시,관광총소비,9.5664758E7
202507,인천광역시,호텔,4.1783698E7
202507,인천광역시,캠핑장/펜션,25460.0
202507,인천광역시,기타숙박,1008412.0
202507,인천광역시,여행업,12456.0
202507,인천광역시,육상운송,941221.0
202507,인천광역시,수상운송,395.0
202507,인천광역시,항공운송,663.0
202507,인천광역시,렌터카,545593.0
202507,인천광역시,면세점,2.9436831E7
202507,인천광역시,기타관광쇼핑,4296846.0
202507,인천광역시,레저용품쇼핑,254370.0
202507,인천광역시,대형쇼핑몰,4455814.0
202507,인천광역시,관광유원시설,16215.0
202507,인천광역시,골프장,56843.0
202507,인천광역시,기타레저,161652.0
202507,인천광역시,문화서비스,8738.0
202507,인천광역시,의료관광,1993353.0
202507,인천광역시,뷰티,307522.0
202507,인천광역시,일반외식업,6763810.0
202507,인천광역시,제과음료업,3594865.0
202507,광주광역시,관광총소비,2257159.0
202507,광주광역시,호텔,25985.0
202507,광주광역시,기타숙박,227339.0
202507,광주광역시,육상운송,30857.0
202507,광주광역시,렌터카,2600.0
202507,광주광역시,기타관광쇼핑,522076.0
202507,광주광역시,레저용품쇼핑,50059.0
202507,광주광역시,대형쇼핑몰,474195.0
202507,광주광역시,관광유원시설,304.0
202507,광주광역시,골프장,2851.0
202507,광주광역시,기타레저,25857.0
202507,광주광역시,문화서비스,116241.0
202507,광주광역시,의료관광,152357.0
202507,광주광역시,뷰티,46630.0
202507,광주광역시,일반외식업,490429.0
202507,광주광역시,제과음료업,89380.0
202507,대전광역시,관광총소비,5275270.0
202507,대전광역시,호텔,583843.0
202507,대전광역시,기타숙박,463400.0
202507,대전광역시,여행업,3110.0
202507,대전광역시,육상운송,1427845.0
202507,대전광역시,렌터카,2490.0
202507,대전광역시,기타관광쇼핑,388749.0
202507,대전광역시,레저용품쇼핑,26689.0
202507,대전광역시,대형쇼핑몰,1060359.0
202507,대전광역시,관광유원시설,1650.0
202507,대전광역시,골프장,39811.0
202507,대전광역시,기타레저,24387.0
202507,대전광역시,문화서비스,6047.0
202507,대전광역시,의료관광,298932.0
202507,대전광역시,뷰티,63542.0
202507,대전광역시,일반외식업,740197.0
202507,대전광역시,제과음료업,144219.0
202507,울산광역시,관광총소비,2038062.0
202507,울산광역시,호텔,508672.0
202507,울산광역시,캠핑장/펜션,275.0
202507,울산광역시,기타숙박,166496.0
202507,울산광역시,여행업,778.0
202507,울산광역시,육상운송,38598.0
202507,울산광역시,렌터카,7339.0
202507,울산광역시,기타관광쇼핑,226979.0
202507,울산광역시,레저용품쇼핑,11829.0
202507,울산광역시,대형쇼핑몰,383788.0
202507,울산광역시,관광유원시설,77.0
202507,울산광역시,골프장,12019.0
202507,울산광역시,기타레저,79485.0
202507,울산광역시,문화서비스,488.0
202507,울산광역시,의료관광,105479.0
202507,울산광역시,뷰티,29528.0
202507,울산광역시,일반외식업,411051.0
202507,울산광역시,제과음료업,55180.0
202507,세종특별자치시,관광총소비,473154.0
202507,세종특별자치시,기타숙박,117903.0
202507,세종특별자치시,육상운송,13253.0
202507,세종특별자치시,기타관광쇼핑,59915.0
202507,세종특별자치시,레저용품쇼핑,21411.0
202507,세종특별자치시,대형쇼핑몰,28326.0
202507,세종특별자치시,관광유원시설,103.0
202507,세종특별자치시,골프장,8780.0
202507,세종특별자치시,기타레저,13880.0
202507,세종특별자치시,문화서비스,1170.0
202507,세종특별자치시,의료관광,52852.0
202507,세종특별자치시,뷰티,14319.0
202507,세종특별자치시,일반외식업,122525.0
202507,세종특별자치시,제과음료업,18718.0
202507,경기도,관광총소비,8.0365399E7
202507,경기도,호텔,3744663.0
202507,경기도,콘도,32677.0
202507,경기도,캠핑장/펜션,18585.0
202507,경기도,기타숙박,7830152.0
202507,경기도,여행업,45296.0
202507,경기도,육상운송,2440196.0
202507,경기도,수상운송,17780.0
202507,경기도,렌터카,499582.0
202507,경기도,면세점,900.0
202507,경기도,기타관광쇼핑,1.5575067E7
202507,경기도,레저용품쇼핑,2788531.0
202507,경기도,대형쇼핑몰,1.9871898E7
202507,경기도,관광유원시설,876848.0
202507,경기도,골프장,927750.0
202507,경기도,기타레저,1068288.0
202507,경기도,문화서비스,138017.0
202507,경기도,의료관광,5198946.0
202507,경기도,뷰티,1956154.0
202507,경기도,일반외식업,1.528064E7
202507,경기도,제과음료업,2053432.0
202507,충청북도,관광총소비,2735649.0
202507,충청북도,호텔,45491.0
202507,충청북도,콘도,4472.0
202507,충청북도,캠핑장/펜션,26755.0
202507,충청북도,기타숙박,356935.0
202507,충청북도,여행업,23.0
202507,충청북도,육상운송,93985.0
202507,충청북도,수상운송,668.0
202507,충청북도,항공운송,33920.0
202507,충청북도,렌터카,16948.0
202507,충청북도,면세점,5131.0
202507,충청북도,기타관광쇼핑,523952.0
202507,충청북도,레저용품쇼핑,52322.0
202507,충청북도,대형쇼핑몰,419394.0
202507,충청북도,관광유원시설,19634.0
202507,충청북도,골프장,56762.0
202507,충청북도,기타레저,26297.0
202507,충청북도,문화서비스,1162.0
202507,충청북도,의료관광,181094.0
202507,충청북도,뷰티,48169.0
202507,충청북도,일반외식업,729411.0
202507,충청북도,제과음료업,93123.0
202507,충청남도,관광총소비,3980928.0
202507,충청남도,호텔,52308.0
202507,충청남도,콘도,91785.0
202507,충청남도,캠핑장/펜션,3002.0
202507,충청남도,기타숙박,533555.0
202507,충청남도,여행업,805.0
202507,충청남도,육상운송,174646.0
202507,충청남도,수상운송,324.0
202507,충청남도,렌터카,87309.0
202507,충청남도,기타관광쇼핑,1035330.0
202507,충청남도,레저용품쇼핑,41903.0
202507,충청남도,대형쇼핑몰,499670.0
202507,충청남도,관광유원시설,3240.0
202507,충청남도,골프장,30250.0
202507,충청남도,기타레저,64240.0
202507,충청남도,문화서비스,2467.0
202507,충청남도,의료관광,203787.0
202507,충청남도,뷰티,68081.0
202507,충청남도,일반외식업,930508.0
202507,충청남도,제과음료업,157718.0
202507,전라남도,관광총소비,2224829.0
202507,전라남도,호텔,66402.0
202507,전라남도,콘도,11332.0
202507,전라남도,캠핑장/펜션,2469.0
202507,전라남도,기타숙박,400460.0
202507,전라남도,여행업,3280.0
202507,전라남도,육상운송,67851.0
202507,전라남도,수상운송,987.0
202507,전라남도,렌터카,83742.0
202507,전라남도,기타관광쇼핑,445651.0
202507,전라남도,레저용품쇼핑,32352.0
202507,전라남도,대형쇼핑몰,286407.0
202507,전라남도,관광유원시설,2974.0
202507,전라남도,골프장,29769.0
202507,전라남도,기타레저,60095.0
202507,전라남도,문화서비스,6634.0
202507,전라남도,의료관광,76808.0
202507,전라남도,뷰티,28948.0
202507,전라남도,일반외식업,511471.0
202507,전라남도,제과음료업,107196.0
202507,경상북도,관광총소비,5401611.0
202507,경상북도,호텔,571556.0
202507,경상북도,콘도,7318.0
202507,경상북도,캠핑장/펜션,13714.0
202507,경상북도,기타숙박,358186.0
202507,경상북도,여행업,23217.0
202507,경상북도,육상운송,201702.0
202507,경상북도,수상운송,228.0
202507,경상북도,렌터카,22617.0
202507,경상북도,기타관광쇼핑,1119178.0
202507,경상북도,레저용품쇼핑,71894.0
202507,경상북도,대형쇼핑몰,332400.0
202507,경상북도,관광유원시설,8555.0
202507,경상북도,골프장,286640.0
202507,경상북도,기타레저,60725.0
202507,경상북도,문화서비스,7834.0
202507,경상북도,의료관광,170614.0
202507,경상북도,뷰티,102639.0
202507,경상북도,일반외식업,1753305.0
202507,경상북도,제과음료업,289287.0
202507,경상남도,관광총소비,6302247.0
202507,경상남도,호텔,683910.0
202507,경상남도,콘도,1707.0
202507,경상남도,캠핑장/펜션,4631.0
202507,경상남도,기타숙박,884541.0
202507,경상남도,여행업,6520.0
202507,경상남도,육상운송,162174.0
202507,경상남도,수상운송,364.0
202507,경상남도,렌터카,26418.0
202507,경상남도,면세점,4.0
202507,경상남도,기타관광쇼핑,702864.0
202507,경상남도,레저용품쇼핑,186801.0
202507,경상남도,대형쇼핑몰,1261123.0
202507,경상남도,관광유원시설,3799.0
202507,경상남도,골프장,77124.0
202507,경상남도,기타레저,60582.0
202507,경상남도,문화서비스,10742.0
202507,경상남도,의료관광,326282.0
202507,경상남도,뷰티,80970.0
202507,경상남도,일반외식업,1607843.0
202507,경상남도,제과음료업,213848.0
202507,제주특별자치도,관광총소비,4.76141E7
202507,제주특별자치도,호텔,2484705.0
202507,제주특별자치도,콘도,3031928.0
202507,제주특별자치도,캠핑장/펜션,17640.0
202507,제주특별자치도,기타숙박,1168915.0
202507,제주특별자치도,여행업,108792.0
202507,제주특별자치도,육상운송,435112.0
202507,제주특별자치도,수상운송,46338.0
202507,제주특별자치도,항공운송,50322.0
202507,제주특별자치도,렌터카,1795664.0
202507,제주특별자치도,면세점,3711186.0
202507,제주특별자치도,기타관광쇼핑,9471372.0
202507,제주특별자치도,레저용품쇼핑,1412161.0
202507,제주특별자치도,대형쇼핑몰,2689220.0
202507,제주특별자치도,관광유원시설,256726.0
202507,제주특별자치도,골프장,316653.0
202507,제주특별자치도,기타레저,509173.0
202507,제주특별자치도,문화서비스,691326.0
202507,제주특별자치도,의료관광,3701125.0
202507,제주특별자치도,뷰티,1629667.0
202507,제주특별자치도,일반외식업,1.1470948E7
202507,제주특별자치도,제과음료업,2615129.0
202507,강원특별자치도,관광총소비,5482602.0
202507,강원특별자치도,호텔,250078.0
202507,강원특별자치도,콘도,142755.0
202507,강원특별자치도,캠핑장/펜션,20135.0
202507,강원특별자치도,기타숙박,986010.0
202507,강원특별자치도,여행업,3002.0
202507,강원특별자치도,육상운송,146879.0
202507,강원특별자치도,수상운송,1490.0
202507,강원특별자치도,렌터카,7247.0
202507,강원특별자치도,면세점,682.0
202507,강원특별자치도,기타관광쇼핑,816403.0
202507,강원특별자치도,레저용품쇼핑,75078.0
202507,강원특별자치도,대형쇼핑몰,334827.0
202507,강원특별자치도,관광유원시설,335872.0
202507,강원특별자치도,골프장,294832.0
202507,강원특별자치도,스키장,2335.0
202507,강원특별자치도,기타레저,182483.0
202507,강원특별자치도,문화서비스,23164.0
202507,강원특별자치도,의료관광,130428.0
202507,강원특별자치도,뷰티,41730.0
202507,강원특별자치도,일반외식업,1457770.0
202507,강원특별자치도,제과음료업,229401.0
202507,전북특별자치도,관광총소비,2968759.0
202507,전북특별자치도,호텔,56087.0
202507,전북특별자치도,콘도,3572.0
202507,전북특별자치도,캠핑장/펜션,2045.0
202507,전북특별자치도,기타숙박,272152.0
202507,전북특별자치도,여행업,2498.0
202507,전북특별자치도,육상운송,73817.0
202507,전북특별자치도,수상운송,1731.0
202507,전북특별자치도,렌터카,4594.0
202507,전북특별자치도,기타관광쇼핑,552217.0
202507,전북특별자치도,레저용품쇼핑,73978.0
202507,전북특별자치도,대형쇼핑몰,527183.0
202507,전북특별자치도,관광유원시설,2110.0
202507,전북특별자치도,골프장,15320.0
202507,전북특별자치도,기타레저,66323.0
202507,전북특별자치도,문화서비스,72949.0
202507,전북특별자치도,의료관광,189654.0
202507,전북특별자치도,뷰티,78862.0
202507,전북특별자치도,일반외식업,821103.0
202507,전북특별자치도,제과음료업,152564.0
202507,기타(지역 미분류),관광총소비,3.3018593E8
202507,기타(지역 미분류),호텔,1.01971821E8
202507,기타(지역 미분류),콘도,4386002.0
202507,기타(지역 미분류),캠핑장/펜션,53423.0
202507,기타(지역 미분류),기타숙박,3.9465801E7
202507,기타(지역 미분류),여행업,1047870.0
202507,기타(지역 미분류),육상운송,2.0975937E7
202507,기타(지역 미분류),수상운송,18480.0
202507,기타(지역 미분류),항공운송,7.897563E7
202507,기타(지역 미분류),렌터카,1036106.0
202507,기타(지역 미분류),면세점,3.3704151E7
202507,기타(지역 미분류),기타관광쇼핑,120783.0
202507,기타(지역 미분류),레저용품쇼핑,1308673.0
202507,기타(지역 미분류),관광유원시설,240176.0
202507,기타(지역 미분류),골프장,1347054.0
202507,기타(지역 미분류),기타레저,569856.0
202507,기타(지역 미분류),문화서비스,1041446.0
202507,기타(지역 미분류),의료관광,2.0358263E7
202507,기타(지역 미분류),뷰티,1973694.0
202507,기타(지역 미분류),일반외식업,1.7461794E7
202507,기타(지역 미분류),제과음료업,4128973.0
202508,서울특별시,관광총소비,7.98333035E8
202508,서울특별시,호텔,8.1027134E7
202508,서울특별시,콘도,90942.0
202508,서울특별시,캠핑장/펜션,106832.0
202508,서울특별시,기타숙박,1.713709E7
202508,서울특별시,여행업,619801.0
202508,서울특별시,육상운송,1.5204476E7
202508,서울특별시,수상운송,32563.0
202508,서울특별시,항공운송,1887563.0
202508,서울특별시,렌터카,159360.0
202508,서울특별시,면세점,3.0822116E7
202508,서울특별시,기타관광쇼핑,1.50791701E8
202508,서울특별시,레저용품쇼핑,1.6765259E7
202508,서울특별시,대형쇼핑몰,1.71467155E8
202508,서울특별시,카지노,3.6420071E7
202508,서울특별시,관광유원시설,36055.0
202508,서울특별시,골프장,228737.0
202508,서울특별시,기타레저,2547317.0
202508,서울특별시,문화서비스,1509916.0
202508,서울특별시,의료관광,1.18050338E8
202508,서울특별시,뷰티,3.8647267E7
202508,서울특별시,일반외식업,9.2951879E7
202508,서울특별시,제과음료업,2.1829461E7
202508,부산광역시,관광총소비,1.03554383E8
202508,부산광역시,호텔,4809699.0
202508,부산광역시,캠핑장/펜션,10123.0
202508,부산광역시,기타숙박,3407927.0
202508,부산광역시,여행업,14450.0
202508,부산광역시,육상운송,593098.0
202508,부산광역시,수상운송,43957.0
202508,부산광역시,항공운송,8762.0
202508,부산광역시,렌터카,15754.0
202508,부산광역시,면세점,5670687.0
202508,부산광역시,기타관광쇼핑,9607767.0
202508,부산광역시,레저용품쇼핑,558410.0
202508,부산광역시,대형쇼핑몰,3.4643028E7
202508,부산광역시,카지노,1.7909903E7
202508,부산광역시,관광유원시설,430260.0
202508,부산광역시,골프장,58939.0
202508,부산광역시,기타레저,745936.0
202508,부산광역시,문화서비스,115305.0
202508,부산광역시,의료관광,4631803.0
202508,부산광역시,뷰티,1827024.0
202508,부산광역시,일반외식업,1.6024239E7
202508,부산광역시,제과음료업,2427310.0
202508,대구광역시,관광총소비,6206535.0
202508,대구광역시,호텔,604546.0
202508,대구광역시,캠핑장/펜션,826.0
202508,대구광역시,기타숙박,370425.0
202508,대구광역시,여행업,50.0
202508,대구광역시,육상운송,95373.0
202508,대구광역시,항공운송,61369.0
202508,대구광역시,렌터카,2905.0
202508,대구광역시,기타관광쇼핑,958531.0
202508,대구광역시,레저용품쇼핑,178084.0
202508,대구광역시,대형쇼핑몰,1088015.0
202508,대구광역시,관광유원시설,50589.0
202508,대구광역시,골프장,15947.0
202508,대구광역시,기타레저,86141.0
202508,대구광역시,문화서비스,5785.0
202508,대구광역시,의료관광,926284.0
202508,대구광역시,뷰티,147587.0
202508,대구광역시,일반외식업,1379016.0
202508,대구광역시,제과음료업,235062.0
202508,인천광역시,관광총소비,9.8808199E7
202508,인천광역시,호텔,4.4966581E7
202508,인천광역시,캠핑장/펜션,21286.0
202508,인천광역시,기타숙박,1070989.0
202508,인천광역시,여행업,679.0
202508,인천광역시,육상운송,987111.0
202508,인천광역시,수상운송,476.0
202508,인천광역시,항공운송,2273.0
202508,인천광역시,렌터카,522614.0
202508,인천광역시,면세점,2.8876587E7
202508,인천광역시,기타관광쇼핑,4609807.0
202508,인천광역시,레저용품쇼핑,268303.0
202508,인천광역시,대형쇼핑몰,4420280.0
202508,인천광역시,관광유원시설,17197.0
202508,인천광역시,골프장,42227.0
202508,인천광역시,기타레저,120437.0
202508,인천광역시,문화서비스,4624.0
202508,인천광역시,의료관광,1895262.0
202508,인천광역시,뷰티,320364.0
202508,인천광역시,일반외식업,7143245.0
202508,인천광역시,제과음료업,3517860.0
202508,광주광역시,관광총소비,2454099.0
202508,광주광역시,호텔,20713.0
202508,광주광역시,캠핑장/펜션,70.0
202508,광주광역시,기타숙박,365776.0
202508,광주광역시,육상운송,23134.0
202508,광주광역시,렌터카,684.0
202508,광주광역시,기타관광쇼핑,554572.0
202508,광주광역시,레저용품쇼핑,45703.0
202508,광주광역시,대형쇼핑몰,530706.0
202508,광주광역시,관광유원시설,60.0
202508,광주광역시,골프장,3924.0
202508,광주광역시,기타레저,34599.0
202508,광주광역시,문화서비스,87494.0
202508,광주광역시,의료관광,120895.0
202508,광주광역시,뷰티,30751.0
202508,광주광역시,일반외식업,489172.0
202508,광주광역시,제과음료업,145846.0
202508,대전광역시,관광총소비,4373502.0
202508,대전광역시,호텔,254554.0
202508,대전광역시,캠핑장/펜션,125.0
202508,대전광역시,기타숙박,633688.0
202508,대전광역시,육상운송,1258044.0
202508,대전광역시,렌터카,4208.0
202508,대전광역시,기타관광쇼핑,393378.0
202508,대전광역시,레저용품쇼핑,36687.0
202508,대전광역시,대형쇼핑몰,710271.0
202508,대전광역시,관광유원시설,2292.0
202508,대전광역시,골프장,36785.0
202508,대전광역시,기타레저,40959.0
202508,대전광역시,문화서비스,3793.0
202508,대전광역시,의료관광,231731.0
202508,대전광역시,뷰티,61461.0
202508,대전광역시,일반외식업,583549.0
202508,대전광역시,제과음료업,121975.0
202508,울산광역시,관광총소비,1964801.0
202508,울산광역시,호텔,401047.0
202508,울산광역시,캠핑장/펜션,30.0
202508,울산광역시,기타숙박,223631.0
202508,울산광역시,여행업,744.0
202508,울산광역시,육상운송,56392.0
202508,울산광역시,렌터카,3660.0
202508,울산광역시,기타관광쇼핑,236341.0
202508,울산광역시,레저용품쇼핑,17171.0
202508,울산광역시,대형쇼핑몰,386531.0
202508,울산광역시,관광유원시설,59.0
202508,울산광역시,골프장,8328.0
202508,울산광역시,기타레저,32943.0
202508,울산광역시,문화서비스,352.0
202508,울산광역시,의료관광,83987.0
202508,울산광역시,뷰티,43804.0
202508,울산광역시,일반외식업,419226.0
202508,울산광역시,제과음료업,50555.0
202508,세종특별자치시,관광총소비,428175.0
202508,세종특별자치시,기타숙박,153850.0
202508,세종특별자치시,육상운송,9178.0
202508,세종특별자치시,기타관광쇼핑,59167.0
202508,세종특별자치시,레저용품쇼핑,2156.0
202508,세종특별자치시,대형쇼핑몰,42158.0
202508,세종특별자치시,골프장,5604.0
202508,세종특별자치시,기타레저,5671.0
202508,세종특별자치시,문화서비스,442.0
202508,세종특별자치시,의료관광,25622.0
202508,세종특별자치시,뷰티,15817.0
202508,세종특별자치시,일반외식업,92260.0
202508,세종특별자치시,제과음료업,16250.0
202508,경기도,관광총소비,7.7645704E7
202508,경기도,호텔,3773978.0
202508,경기도,콘도,24822.0
202508,경기도,캠핑장/펜션,51619.0
202508,경기도,기타숙박,7892987.0
202508,경기도,여행업,27571.0
202508,경기도,육상운송,2359073.0
202508,경기도,수상운송,19662.0
202508,경기도,렌터카,477094.0
202508,경기도,면세점,693.0
202508,경기도,기타관광쇼핑,1.4197843E7
202508,경기도,레저용품쇼핑,3350393.0
202508,경기도,대형쇼핑몰,1.9946297E7
202508,경기도,관광유원시설,727967.0
202508,경기도,골프장,845839.0
202508,경기도,기타레저,969404.0
202508,경기도,문화서비스,69642.0
202508,경기도,의료관광,4327900.0
202508,경기도,뷰티,1921490.0
202508,경기도,일반외식업,1.4788975E7
202508,경기도,제과음료업,1872454.0
202508,충청북도,관광총소비,2722883.0
202508,충청북도,호텔,35733.0
202508,충청북도,콘도,1617.0
202508,충청북도,캠핑장/펜션,12750.0
202508,충청북도,기타숙박,452010.0
202508,충청북도,육상운송,74860.0
202508,충청북도,수상운송,196.0
202508,충청북도,항공운송,36863.0
202508,충청북도,렌터카,9616.0
202508,충청북도,면세점,1707.0
202508,충청북도,기타관광쇼핑,499239.0
202508,충청북도,레저용품쇼핑,37675.0
202508,충청북도,대형쇼핑몰,453875.0
202508,충청북도,관광유원시설,9710.0
202508,충청북도,골프장,47223.0
202508,충청북도,기타레저,27983.0
202508,충청북도,문화서비스,614.0
202508,충청북도,의료관광,152456.0
202508,충청북도,뷰티,32751.0
202508,충청북도,일반외식업,752240.0
202508,충청북도,제과음료업,83765.0
202508,충청남도,관광총소비,3920644.0
202508,충청남도,호텔,21487.0
202508,충청남도,콘도,122400.0
202508,충청남도,캠핑장/펜션,2520.0
202508,충청남도,기타숙박,463040.0
202508,충청남도,여행업,22.0
202508,충청남도,육상운송,157349.0
202508,충청남도,렌터카,145779.0
202508,충청남도,기타관광쇼핑,1043367.0
202508,충청남도,레저용품쇼핑,39721.0
202508,충청남도,대형쇼핑몰,488323.0
202508,충청남도,관광유원시설,2858.0
202508,충청남도,골프장,24669.0
202508,충청남도,기타레저,67328.0
202508,충청남도,문화서비스,1040.0
202508,충청남도,의료관광,213349.0
202508,충청남도,뷰티,77041.0
202508,충청남도,일반외식업,895385.0
202508,충청남도,제과음료업,154966.0
202508,전라남도,관광총소비,1971836.0
202508,전라남도,호텔,77381.0
202508,전라남도,콘도,13400.0
202508,전라남도,캠핑장/펜션,1883.0
202508,전라남도,기타숙박,290762.0
202508,전라남도,여행업,1432.0
202508,전라남도,육상운송,65509.0
202508,전라남도,수상운송,748.0
202508,전라남도,렌터카,12099.0
202508,전라남도,기타관광쇼핑,422203.0
202508,전라남도,레저용품쇼핑,33368.0
202508,전라남도,대형쇼핑몰,289184.0
202508,전라남도,관광유원시설,3134.0
202508,전라남도,골프장,24558.0
202508,전라남도,기타레저,48456.0
202508,전라남도,문화서비스,7167.0
202508,전라남도,의료관광,54655.0
202508,전라남도,뷰티,28885.0
202508,전라남도,일반외식업,502959.0
202508,전라남도,제과음료업,94055.0
202508,경상북도,관광총소비,6189640.0
202508,경상북도,호텔,651426.0
202508,경상북도,콘도,6903.0
202508,경상북도,캠핑장/펜션,15144.0
202508,경상북도,기타숙박,464730.0
202508,경상북도,여행업,31500.0
202508,경상북도,육상운송,184645.0
202508,경상북도,수상운송,317.0
202508,경상북도,렌터카,17630.0
202508,경상북도,기타관광쇼핑,1300609.0
202508,경상북도,레저용품쇼핑,64235.0
202508,경상북도,대형쇼핑몰,356338.0
202508,경상북도,관광유원시설,16989.0
202508,경상북도,골프장,258834.0
202508,경상북도,기타레저,81422.0
202508,경상북도,문화서비스,8251.0
202508,경상북도,의료관광,173902.0
202508,경상북도,뷰티,117667.0
202508,경상북도,일반외식업,2092366.0
202508,경상북도,제과음료업,346733.0
202508,경상남도,관광총소비,6458886.0
202508,경상남도,호텔,655147.0
202508,경상남도,콘도,5887.0
202508,경상남도,캠핑장/펜션,2356.0
202508,경상남도,기타숙박,1040050.0
202508,경상남도,여행업,21716.0
202508,경상남도,육상운송,163228.0
202508,경상남도,수상운송,292.0
202508,경상남도,렌터카,15610.0
202508,경상남도,기타관광쇼핑,719934.0
202508,경상남도,레저용품쇼핑,192757.0
202508,경상남도,대형쇼핑몰,1261651.0
202508,경상남도,관광유원시설,3991.0
202508,경상남도,골프장,76342.0
202508,경상남도,기타레저,45190.0
202508,경상남도,문화서비스,8726.0
202508,경상남도,의료관광,280378.0
202508,경상남도,뷰티,91300.0
202508,경상남도,일반외식업,1645375.0
202508,경상남도,제과음료업,228957.0
202508,제주특별자치도,관광총소비,5.2426677E7
202508,제주특별자치도,호텔,2903189.0
202508,제주특별자치도,콘도,3509141.0
202508,제주특별자치도,캠핑장/펜션,14761.0
202508,제주특별자치도,기타숙박,1323423.0
202508,제주특별자치도,여행업,22290.0
202508,제주특별자치도,육상운송,536158.0
202508,제주특별자치도,수상운송,69258.0
202508,제주특별자치도,항공운송,55897.0
202508,제주특별자치도,렌터카,1908054.0
202508,제주특별자치도,면세점,3974474.0
202508,제주특별자치도,기타관광쇼핑,1.09371E7
202508,제주특별자치도,레저용품쇼핑,1367059.0
202508,제주특별자치도,대형쇼핑몰,2799678.0
202508,제주특별자치도,관광유원시설,327233.0
202508,제주특별자치도,골프장,297048.0
202508,제주특별자치도,기타레저,576285.0
202508,제주특별자치도,문화서비스,657696.0
202508,제주특별자치도,의료관광,3692806.0
202508,제주특별자치도,뷰티,2047465.0
202508,제주특별자치도,일반외식업,1.2597668E7
202508,제주특별자치도,제과음료업,2809993.0
202508,강원특별자치도,관광총소비,5520088.0
202508,강원특별자치도,호텔,209016.0
202508,강원특별자치도,콘도,133241.0
202508,강원특별자치도,캠핑장/펜션,45085.0
202508,강원특별자치도,기타숙박,1577335.0
202508,강원특별자치도,여행업,3594.0
202508,강원특별자치도,육상운송,130717.0
202508,강원특별자치도,수상운송,1951.0
202508,강원특별자치도,렌터카,7863.0
202508,강원특별자치도,기타관광쇼핑,759117.0
202508,강원특별자치도,레저용품쇼핑,45265.0
202508,강원특별자치도,대형쇼핑몰,335710.0
202508,강원특별자치도,관광유원시설,324747.0
202508,강원특별자치도,골프장,230007.0
202508,강원특별자치도,스키장,1697.0
202508,강원특별자치도,기타레저,103391.0
202508,강원특별자치도,문화서비스,35109.0
202508,강원특별자치도,의료관광,74655.0
202508,강원특별자치도,뷰티,60054.0
202508,강원특별자치도,일반외식업,1246194.0
202508,강원특별자치도,제과음료업,195341.0
202508,전북특별자치도,관광총소비,3419448.0
202508,전북특별자치도,호텔,83905.0
202508,전북특별자치도,콘도,3967.0
202508,전북특별자치도,캠핑장/펜션,197.0
202508,전북특별자치도,기타숙박,275442.0
202508,전북특별자치도,육상운송,82682.0
202508,전북특별자치도,수상운송,763.0
202508,전북특별자치도,렌터카,9122.0
202508,전북특별자치도,기타관광쇼핑,617848.0
202508,전북특별자치도,레저용품쇼핑,101911.0
202508,전북특별자치도,대형쇼핑몰,604394.0
202508,전북특별자치도,관광유원시설,266.0
202508,전북특별자치도,골프장,28987.0
202508,전북특별자치도,기타레저,133404.0
202508,전북특별자치도,문화서비스,67400.0
202508,전북특별자치도,의료관광,142301.0
202508,전북특별자치도,뷰티,107492.0
202508,전북특별자치도,일반외식업,979229.0
202508,전북특별자치도,제과음료업,180138.0
202508,기타(지역 미분류),관광총소비,3.49080901E8
202508,기타(지역 미분류),호텔,1.10480065E8
202508,기타(지역 미분류),콘도,6090545.0
202508,기타(지역 미분류),캠핑장/펜션,566773.0
202508,기타(지역 미분류),기타숙박,4.6505555E7
202508,기타(지역 미분류),여행업,1106817.0
202508,기타(지역 미분류),육상운송,2.1619699E7
202508,기타(지역 미분류),수상운송,19752.0
202508,기타(지역 미분류),항공운송,8.2258149E7
202508,기타(지역 미분류),렌터카,844845.0
202508,기타(지역 미분류),면세점,3.3046164E7
202508,기타(지역 미분류),기타관광쇼핑,100987.0
202508,기타(지역 미분류),레저용품쇼핑,1287245.0
202508,기타(지역 미분류),관광유원시설,217177.0
202508,기타(지역 미분류),골프장,1254401.0
202508,기타(지역 미분류),기타레저,443468.0
202508,기타(지역 미분류),문화서비스,1054847.0
202508,기타(지역 미분류),의료관광,1.8638987E7
202508,기타(지역 미분류),뷰티,1729619.0
202508,기타(지역 미분류),일반외식업,1.7814835E7
202508,기타(지역 미분류),제과음료업,4000969.0
202509,서울특별시,관광총소비,8.32026045E8
202509,서울특별시,호텔,8.8316365E7
202509,서울특별시,콘도,350904.0
202509,서울특별시,캠핑장/펜션,120154.0
202509,서울특별시,기타숙박,1.9054138E7
202509,서울특별시,여행업,718584.0
202509,서울특별시,육상운송,1.6834417E7
202509,서울특별시,수상운송,33575.0
202509,서울특별시,항공운송,1924687.0
202509,서울특별시,렌터카,174564.0
202509,서울특별시,면세점,2.5650107E7
202509,서울특별시,기타관광쇼핑,1.60206688E8
202509,서울특별시,레저용품쇼핑,1.6332231E7
202509,서울특별시,대형쇼핑몰,1.54088314E8
202509,서울특별시,카지노,2.9510072E7
202509,서울특별시,관광유원시설,13690.0
202509,서울특별시,골프장,243649.0
202509,서울특별시,기타레저,3016832.0
202509,서울특별시,문화서비스,1253706.0
202509,서울특별시,의료관광,1.55556205E8
202509,서울특별시,뷰티,4.1090365E7
202509,서울특별시,일반외식업,9.4582517E7
202509,서울특별시,제과음료업,2.2954282E7
202509,부산광역시,관광총소비,9.6266162E7
202509,부산광역시,호텔,5363957.0
202509,부산광역시,캠핑장/펜션,10946.0
202509,부산광역시,기타숙박,3251398.0
202509,부산광역시,여행업,24361.0
202509,부산광역시,육상운송,504590.0
202509,부산광역시,수상운송,27159.0
202509,부산광역시,항공운송,7534.0
202509,부산광역시,렌터카,28350.0
202509,부산광역시,면세점,5063604.0
202509,부산광역시,기타관광쇼핑,9772155.0
202509,부산광역시,레저용품쇼핑,737154.0
202509,부산광역시,대형쇼핑몰,3.4896628E7
202509,부산광역시,카지노,8554327.0
202509,부산광역시,관광유원시설,239752.0
202509,부산광역시,골프장,44949.0
202509,부산광역시,기타레저,680939.0
202509,부산광역시,문화서비스,113792.0
202509,부산광역시,의료관광,6834411.0
202509,부산광역시,뷰티,1775747.0
202509,부산광역시,일반외식업,1.5730424E7
202509,부산광역시,제과음료업,2603984.0
202509,대구광역시,관광총소비,6885453.0
202509,대구광역시,호텔,604848.0
202509,대구광역시,캠핑장/펜션,479.0
202509,대구광역시,기타숙박,346510.0
202509,대구광역시,여행업,5380.0
202509,대구광역시,육상운송,81604.0
202509,대구광역시,항공운송,77630.0
202509,대구광역시,렌터카,3616.0
202509,대구광역시,기타관광쇼핑,1172907.0
202509,대구광역시,레저용품쇼핑,221501.0
202509,대구광역시,대형쇼핑몰,1329963.0
202509,대구광역시,관광유원시설,47284.0
202509,대구광역시,골프장,17109.0
202509,대구광역시,기타레저,75013.0
202509,대구광역시,문화서비스,52039.0
202509,대구광역시,의료관광,908702.0
202509,대구광역시,뷰티,154323.0
202509,대구광역시,일반외식업,1497208.0
202509,대구광역시,제과음료업,289338.0
202509,인천광역시,관광총소비,8.3839089E7
202509,인천광역시,호텔,3.9508794E7
202509,인천광역시,캠핑장/펜션,19421.0
202509,인천광역시,기타숙박,979759.0
202509,인천광역시,여행업,9431.0
202509,인천광역시,육상운송,950047.0
202509,인천광역시,수상운송,683.0
202509,인천광역시,항공운송,2936.0
202509,인천광역시,렌터카,605922.0
202509,인천광역시,면세점,1.9474419E7
202509,인천광역시,기타관광쇼핑,5011354.0
202509,인천광역시,레저용품쇼핑,305137.0
202509,인천광역시,대형쇼핑몰,3753506.0
202509,인천광역시,관광유원시설,11550.0
202509,인천광역시,골프장,58156.0
202509,인천광역시,기타레저,161214.0
202509,인천광역시,문화서비스,4879.0
202509,인천광역시,의료관광,2370755.0
202509,인천광역시,뷰티,374747.0
202509,인천광역시,일반외식업,6631084.0
202509,인천광역시,제과음료업,3605295.0
202509,광주광역시,관광총소비,2913661.0
202509,광주광역시,호텔,29093.0
202509,광주광역시,캠핑장/펜션,275.0
202509,광주광역시,기타숙박,339497.0
202509,광주광역시,여행업,1454.0
202509,광주광역시,육상운송,24285.0
202509,광주광역시,렌터카,88.0
202509,광주광역시,기타관광쇼핑,688692.0
202509,광주광역시,레저용품쇼핑,93164.0
202509,광주광역시,대형쇼핑몰,661025.0
202509,광주광역시,관광유원시설,748.0
202509,광주광역시,골프장,3906.0
202509,광주광역시,기타레저,36621.0
202509,광주광역시,문화서비스,93481.0
202509,광주광역시,의료관광,138070.0
202509,광주광역시,뷰티,45625.0
202509,광주광역시,일반외식업,649148.0
202509,광주광역시,제과음료업,108491.0
202509,대전광역시,관광총소비,6000934.0
202509,대전광역시,호텔,650247.0
202509,대전광역시,캠핑장/펜션,190.0
202509,대전광역시,기타숙박,558991.0
202509,대전광역시,여행업,106.0
202509,대전광역시,육상운송,1499415.0
202509,대전광역시,렌터카,4934.0
202509,대전광역시,기타관광쇼핑,652101.0
202509,대전광역시,레저용품쇼핑,35103.0
202509,대전광역시,대형쇼핑몰,911237.0
202509,대전광역시,관광유원시설,2160.0
202509,대전광역시,골프장,39832.0
202509,대전광역시,기타레저,44423.0
202509,대전광역시,문화서비스,1610.0
202509,대전광역시,의료관광,232221.0
202509,대전광역시,뷰티,65582.0
202509,대전광역시,일반외식업,1048382.0
202509,대전광역시,제과음료업,254399.0
202509,울산광역시,관광총소비,2225487.0
202509,울산광역시,호텔,633915.0
202509,울산광역시,캠핑장/펜션,177.0
202509,울산광역시,기타숙박,121986.0
202509,울산광역시,여행업,1466.0
202509,울산광역시,육상운송,34308.0
202509,울산광역시,렌터카,5020.0
202509,울산광역시,기타관광쇼핑,326398.0
202509,울산광역시,레저용품쇼핑,5392.0
202509,울산광역시,대형쇼핑몰,390656.0
202509,울산광역시,관광유원시설,9.0
202509,울산광역시,골프장,10608.0
202509,울산광역시,기타레저,79949.0
202509,울산광역시,문화서비스,52.0
202509,울산광역시,의료관광,114670.0
202509,울산광역시,뷰티,27458.0
202509,울산광역시,일반외식업,424585.0
202509,울산광역시,제과음료업,48838.0
202509,세종특별자치시,관광총소비,623019.0
202509,세종특별자치시,기타숙박,198207.0
202509,세종특별자치시,육상운송,9633.0
202509,세종특별자치시,기타관광쇼핑,119867.0
202509,세종특별자치시,레저용품쇼핑,4844.0
202509,세종특별자치시,대형쇼핑몰,22012.0
202509,세종특별자치시,관광유원시설,6.0
202509,세종특별자치시,골프장,11218.0
202509,세종특별자치시,기타레저,6148.0
202509,세종특별자치시,문화서비스,164.0
202509,세종특별자치시,의료관광,22316.0
202509,세종특별자치시,뷰티,15316.0
202509,세종특별자치시,일반외식업,186544.0
202509,세종특별자치시,제과음료업,26743.0
202509,경기도,관광총소비,8.1197555E7
202509,경기도,호텔,4176831.0
202509,경기도,콘도,47462.0
202509,경기도,캠핑장/펜션,28563.0
202509,경기도,기타숙박,8151767.0
202509,경기도,여행업,70651.0
202509,경기도,육상운송,2248265.0
202509,경기도,수상운송,13702.0
202509,경기도,렌터카,520620.0
202509,경기도,기타관광쇼핑,1.5117297E7
202509,경기도,레저용품쇼핑,3340508.0
202509,경기도,대형쇼핑몰,1.9663422E7
202509,경기도,관광유원시설,480874.0
202509,경기도,골프장,1163130.0
202509,경기도,기타레저,943906.0
202509,경기도,문화서비스,411363.0
202509,경기도,의료관광,5240648.0
202509,경기도,뷰티,2113520.0
202509,경기도,일반외식업,1.5450285E7
202509,경기도,제과음료업,2014742.0
202509,충청북도,관광총소비,3968167.0
202509,충청북도,호텔,46889.0
202509,충청북도,콘도,4716.0
202509,충청북도,캠핑장/펜션,3457.0
202509,충청북도,기타숙박,433914.0
202509,충청북도,육상운송,77227.0
202509,충청북도,수상운송,188.0
202509,충청북도,항공운송,30576.0
202509,충청북도,렌터카,9662.0
202509,충청북도,면세점,2414.0
202509,충청북도,기타관광쇼핑,861462.0
202509,충청북도,레저용품쇼핑,59882.0
202509,충청북도,대형쇼핑몰,720861.0
202509,충청북도,관광유원시설,10159.0
202509,충청북도,골프장,65409.0
202509,충청북도,기타레저,44590.0
202509,충청북도,문화서비스,840.0
202509,충청북도,의료관광,218410.0
202509,충청북도,뷰티,60145.0
202509,충청북도,일반외식업,1174699.0
202509,충청북도,제과음료업,142665.0
202509,충청남도,관광총소비,4158781.0
202509,충청남도,호텔,67976.0
202509,충청남도,콘도,147160.0
202509,충청남도,캠핑장/펜션,6273.0
202509,충청남도,기타숙박,438983.0
202509,충청남도,여행업,928.0
202509,충청남도,육상운송,145072.0
202509,충청남도,수상운송,50.0
202509,충청남도,렌터카,83220.0
202509,충청남도,기타관광쇼핑,1134193.0
202509,충청남도,레저용품쇼핑,38332.0
202509,충청남도,대형쇼핑몰,531554.0
202509,충청남도,관광유원시설,2622.0
202509,충청남도,골프장,28655.0
202509,충청남도,기타레저,66547.0
202509,충청남도,문화서비스,938.0
202509,충청남도,의료관광,234531.0
202509,충청남도,뷰티,67631.0
202509,충청남도,일반외식업,1012056.0
202509,충청남도,제과음료업,152059.0
202509,전라남도,관광총소비,2139370.0
202509,전라남도,호텔,78369.0
202509,전라남도,콘도,37568.0
202509,전라남도,캠핑장/펜션,1810.0
202509,전라남도,기타숙박,245423.0
202509,전라남도,여행업,2815.0
202509,전라남도,육상운송,67270.0
202509,전라남도,수상운송,825.0
202509,전라남도,렌터카,21044.0
202509,전라남도,기타관광쇼핑,452882.0
202509,전라남도,레저용품쇼핑,40382.0
202509,전라남도,대형쇼핑몰,351405.0
202509,전라남도,관광유원시설,2139.0
202509,전라남도,골프장,37431.0
202509,전라남도,기타레저,59164.0
202509,전라남도,문화서비스,4249.0
202509,전라남도,의료관광,63991.0
202509,전라남도,뷰티,33029.0
202509,전라남도,일반외식업,547515.0
202509,전라남도,제과음료업,92058.0
202509,경상북도,관광총소비,7667251.0
202509,경상북도,호텔,581872.0
202509,경상북도,콘도,15696.0
202509,경상북도,캠핑장/펜션,19509.0
202509,경상북도,기타숙박,430418.0
202509,경상북도,여행업,3483.0
202509,경상북도,육상운송,163728.0
202509,경상북도,수상운송,234.0
202509,경상북도,렌터카,23905.0
202509,경상북도,기타관광쇼핑,1901758.0
202509,경상북도,레저용품쇼핑,105920.0
202509,경상북도,대형쇼핑몰,293320.0
202509,경상북도,관광유원시설,14746.0
202509,경상북도,골프장,314424.0
202509,경상북도,기타레저,73535.0
202509,경상북도,문화서비스,7725.0
202509,경상북도,의료관광,257102.0
202509,경상북도,뷰티,142143.0
202509,경상북도,일반외식업,2849219.0
202509,경상북도,제과음료업,468515.0
202509,경상남도,관광총소비,6896474.0
202509,경상남도,호텔,690179.0
202509,경상남도,콘도,11638.0
202509,경상남도,캠핑장/펜션,1034.0
202509,경상남도,기타숙박,1107246.0
202509,경상남도,여행업,8530.0
202509,경상남도,육상운송,137559.0
202509,경상남도,수상운송,356.0
202509,경상남도,렌터카,29162.0
202509,경상남도,기타관광쇼핑,842601.0
202509,경상남도,레저용품쇼핑,158635.0
202509,경상남도,대형쇼핑몰,1298735.0
202509,경상남도,관광유원시설,3070.0
202509,경상남도,골프장,118451.0
202509,경상남도,기타레저,48085.0
202509,경상남도,문화서비스,2665.0
202509,경상남도,의료관광,339200.0
202509,경상남도,뷰티,79124.0
202509,경상남도,일반외식업,1832359.0
202509,경상남도,제과음료업,187848.0
202509,제주특별자치도,관광총소비,4.3391998E7
202509,제주특별자치도,호텔,2202303.0
202509,제주특별자치도,콘도,3008232.0
202509,제주특별자치도,캠핑장/펜션,12884.0
202509,제주특별자치도,기타숙박,1170497.0
202509,제주특별자치도,여행업,11617.0
202509,제주특별자치도,육상운송,573873.0
202509,제주특별자치도,수상운송,23582.0
202509,제주특별자치도,항공운송,61510.0
202509,제주특별자치도,렌터카,1943180.0
202509,제주특별자치도,면세점,2909413.0
202509,제주특별자치도,기타관광쇼핑,8948755.0
202509,제주특별자치도,레저용품쇼핑,866833.0
202509,제주특별자치도,대형쇼핑몰,2451636.0
202509,제주특별자치도,관광유원시설,156502.0
202509,제주특별자치도,골프장,176363.0
202509,제주특별자치도,기타레저,376855.0
202509,제주특별자치도,문화서비스,450567.0
202509,제주특별자치도,의료관광,3656962.0
202509,제주특별자치도,뷰티,1823234.0
202509,제주특별자치도,일반외식업,9488742.0
202509,제주특별자치도,제과음료업,3078460.0
202509,강원특별자치도,관광총소비,4462277.0
202509,강원특별자치도,호텔,140658.0
202509,강원특별자치도,콘도,81134.0
202509,강원특별자치도,캠핑장/펜션,29661.0
202509,강원특별자치도,기타숙박,546904.0
202509,강원특별자치도,여행업,2975.0
202509,강원특별자치도,육상운송,123351.0
202509,강원특별자치도,수상운송,1895.0
202509,강원특별자치도,렌터카,22019.0
202509,강원특별자치도,면세점,35.0
202509,강원특별자치도,기타관광쇼핑,904377.0
202509,강원특별자치도,레저용품쇼핑,55453.0
202509,강원특별자치도,대형쇼핑몰,385976.0
202509,강원특별자치도,관광유원시설,82992.0
202509,강원특별자치도,골프장,221576.0
202509,강원특별자치도,스키장,288.0
202509,강원특별자치도,기타레저,61306.0
202509,강원특별자치도,문화서비스,14446.0
202509,강원특별자치도,의료관광,139593.0
202509,강원특별자치도,뷰티,57188.0
202509,강원특별자치도,일반외식업,1367531.0
202509,강원특별자치도,제과음료업,222920.0
202509,전북특별자치도,관광총소비,3776629.0
202509,전북특별자치도,호텔,71828.0
202509,전북특별자치도,콘도,1482.0
202509,전북특별자치도,캠핑장/펜션,1086.0
202509,전북특별자치도,기타숙박,346965.0
202509,전북특별자치도,육상운송,67756.0
202509,전북특별자치도,수상운송,505.0
202509,전북특별자치도,렌터카,10694.0
202509,전북특별자치도,기타관광쇼핑,856376.0
202509,전북특별자치도,레저용품쇼핑,123589.0
202509,전북특별자치도,대형쇼핑몰,630479.0
202509,전북특별자치도,관광유원시설,209.0
202509,전북특별자치도,골프장,24700.0
202509,전북특별자치도,기타레저,32304.0
202509,전북특별자치도,문화서비스,40413.0
202509,전북특별자치도,의료관광,175616.0
202509,전북특별자치도,뷰티,78900.0
202509,전북특별자치도,일반외식업,1109203.0
202509,전북특별자치도,제과음료업,204524.0
202509,기타(지역 미분류),관광총소비,3.2449841E8
202509,기타(지역 미분류),호텔,9.7731908E7
202509,기타(지역 미분류),콘도,3476869.0
202509,기타(지역 미분류),캠핑장/펜션,188857.0
202509,기타(지역 미분류),기타숙박,3.6401137E7
202509,기타(지역 미분류),여행업,1331988.0
202509,기타(지역 미분류),육상운송,2.3942154E7
202509,기타(지역 미분류),수상운송,9145.0
202509,기타(지역 미분류),항공운송,8.0425302E7
202509,기타(지역 미분류),렌터카,553336.0
202509,기타(지역 미분류),면세점,3.0458734E7
202509,기타(지역 미분류),기타관광쇼핑,110274.0
202509,기타(지역 미분류),레저용품쇼핑,1453378.0
202509,기타(지역 미분류),관광유원시설,141858.0
202509,기타(지역 미분류),골프장,1157259.0
202509,기타(지역 미분류),기타레저,310025.0
202509,기타(지역 미분류),문화서비스,780227.0
202509,기타(지역 미분류),의료관광,2.2848864E7
202509,기타(지역 미분류),뷰티,1610572.0
202509,기타(지역 미분류),일반외식업,1.8136641E7
202509,기타(지역 미분류),제과음료업,3429882.0
202510,서울특별시,관광총소비,8.70660909E8
202510,서울특별시,호텔,9.1974888E7
202510,서울특별시,콘도,143511.0
202510,서울특별시,캠핑장/펜션,132703.0
202510,서울특별시,기타숙박,2.0713984E7
202510,서울특별시,여행업,818983.0
202510,서울특별시,육상운송,1.8831631E7
202510,서울특별시,수상운송,32121.0
202510,서울특별시,항공운송,1682962.0
202510,서울특별시,렌터카,182204.0
202510,서울특별시,면세점,2.4250799E7
202510,서울특별시,기타관광쇼핑,1.7430065E8
202510,서울특별시,레저용품쇼핑,2.0374917E7
202510,서울특별시,대형쇼핑몰,1.70811727E8
202510,서울특별시,카지노,2.9824095E7
202510,서울특별시,관광유원시설,25906.0
202510,서울특별시,골프장,381567.0
202510,서울특별시,기타레저,2779307.0
202510,서울특별시,문화서비스,1359651.0
202510,서울특별시,의료관광,1.45114657E8
202510,서울특별시,뷰티,4.3657611E7
202510,서울특별시,일반외식업,9.920306E7
202510,서울특별시,제과음료업,2.4063974E7
202510,부산광역시,관광총소비,1.03594554E8
202510,부산광역시,호텔,6051380.0
202510,부산광역시,캠핑장/펜션,19418.0
202510,부산광역시,기타숙박,3879266.0
202510,부산광역시,여행업,13728.0
202510,부산광역시,육상운송,581135.0
202510,부산광역시,수상운송,27970.0
202510,부산광역시,항공운송,8319.0
202510,부산광역시,렌터카,22468.0
202510,부산광역시,면세점,4705699.0
202510,부산광역시,기타관광쇼핑,1.0616126E7
202510,부산광역시,레저용품쇼핑,625160.0
202510,부산광역시,대형쇼핑몰,3.7856415E7
202510,부산광역시,카지노,8364500.0
202510,부산광역시,관광유원시설,300779.0
202510,부산광역시,골프장,58358.0
202510,부산광역시,기타레저,794269.0
202510,부산광역시,문화서비스,153836.0
202510,부산광역시,의료관광,5902624.0
202510,부산광역시,뷰티,1920076.0
202510,부산광역시,일반외식업,1.862517E7
202510,부산광역시,제과음료업,3067860.0
202510,대구광역시,관광총소비,7281872.0
202510,대구광역시,호텔,627026.0
202510,대구광역시,캠핑장/펜션,2385.0
202510,대구광역시,기타숙박,368780.0
202510,대구광역시,육상운송,87160.0
202510,대구광역시,항공운송,97774.0
202510,대구광역시,렌터카,12518.0
202510,대구광역시,기타관광쇼핑,1164750.0
202510,대구광역시,레저용품쇼핑,478509.0
202510,대구광역시,대형쇼핑몰,1190839.0
202510,대구광역시,관광유원시설,76485.0
202510,대구광역시,골프장,19203.0
202510,대구광역시,기타레저,69750.0
202510,대구광역시,문화서비스,62752.0
202510,대구광역시,의료관광,898655.0
202510,대구광역시,뷰티,202728.0
202510,대구광역시,일반외식업,1625152.0
202510,대구광역시,제과음료업,297406.0
202510,인천광역시,관광총소비,8.2718654E7
202510,인천광역시,호텔,3.8341814E7
202510,인천광역시,캠핑장/펜션,19402.0
202510,인천광역시,기타숙박,1222551.0
202510,인천광역시,여행업,17470.0
202510,인천광역시,육상운송,924157.0
202510,인천광역시,수상운송,710.0
202510,인천광역시,항공운송,16046.0
202510,인천광역시,렌터카,725504.0
202510,인천광역시,면세점,1.8458694E7
202510,인천광역시,기타관광쇼핑,4686698.0
202510,인천광역시,레저용품쇼핑,263037.0
202510,인천광역시,대형쇼핑몰,4664324.0
202510,인천광역시,관광유원시설,18055.0
202510,인천광역시,골프장,117138.0
202510,인천광역시,기타레저,174222.0
202510,인천광역시,문화서비스,4740.0
202510,인천광역시,의료관광,2666980.0
202510,인천광역시,뷰티,367376.0
202510,인천광역시,일반외식업,6707398.0
202510,인천광역시,제과음료업,3322338.0
202510,광주광역시,관광총소비,3066760.0
202510,광주광역시,호텔,27147.0
202510,광주광역시,기타숙박,340806.0
202510,광주광역시,육상운송,27668.0
202510,광주광역시,렌터카,1220.0
202510,광주광역시,기타관광쇼핑,688578.0
202510,광주광역시,레저용품쇼핑,69871.0
202510,광주광역시,대형쇼핑몰,753621.0
202510,광주광역시,관광유원시설,853.0
202510,광주광역시,골프장,5225.0
202510,광주광역시,기타레저,20104.0
202510,광주광역시,문화서비스,85896.0
202510,광주광역시,의료관광,175251.0
202510,광주광역시,뷰티,63786.0
202510,광주광역시,일반외식업,685360.0
202510,광주광역시,제과음료업,121372.0
202510,대전광역시,관광총소비,5683680.0
202510,대전광역시,호텔,506887.0
202510,대전광역시,캠핑장/펜션,187.0
202510,대전광역시,기타숙박,496735.0
202510,대전광역시,여행업,50.0
202510,대전광역시,육상운송,1564297.0
202510,대전광역시,렌터카,14902.0
202510,대전광역시,기타관광쇼핑,616526.0
202510,대전광역시,레저용품쇼핑,36691.0
202510,대전광역시,대형쇼핑몰,947933.0
202510,대전광역시,관광유원시설,4349.0
202510,대전광역시,골프장,9503.0
202510,대전광역시,기타레저,38602.0
202510,대전광역시,문화서비스,2489.0
202510,대전광역시,의료관광,251736.0
202510,대전광역시,뷰티,75081.0
202510,대전광역시,일반외식업,914653.0
202510,대전광역시,제과음료업,203059.0
202510,울산광역시,관광총소비,2663070.0
202510,울산광역시,호텔,825415.0
202510,울산광역시,캠핑장/펜션,14775.0
202510,울산광역시,기타숙박,204783.0
202510,울산광역시,여행업,6951.0
202510,울산광역시,육상운송,38238.0
202510,울산광역시,렌터카,5530.0
202510,울산광역시,기타관광쇼핑,276356.0
202510,울산광역시,레저용품쇼핑,22963.0
202510,울산광역시,대형쇼핑몰,529024.0
202510,울산광역시,관광유원시설,30.0
202510,울산광역시,골프장,9338.0
202510,울산광역시,기타레저,39560.0
202510,울산광역시,문화서비스,151.0
202510,울산광역시,의료관광,118154.0
202510,울산광역시,뷰티,31674.0
202510,울산광역시,일반외식업,485227.0
202510,울산광역시,제과음료업,54901.0
202510,세종특별자치시,관광총소비,565265.0
202510,세종특별자치시,기타숙박,112539.0
202510,세종특별자치시,육상운송,11445.0
202510,세종특별자치시,기타관광쇼핑,128756.0
202510,세종특별자치시,레저용품쇼핑,5337.0
202510,세종특별자치시,대형쇼핑몰,37587.0
202510,세종특별자치시,골프장,7508.0
202510,세종특별자치시,기타레저,8892.0
202510,세종특별자치시,문화서비스,470.0
202510,세종특별자치시,의료관광,22895.0
202510,세종특별자치시,뷰티,14544.0
202510,세종특별자치시,일반외식업,186572.0
202510,세종특별자치시,제과음료업,28720.0
202510,경기도,관광총소비,9.0943306E7
202510,경기도,호텔,3916073.0
202510,경기도,콘도,24698.0
202510,경기도,캠핑장/펜션,39464.0
202510,경기도,기타숙박,7764326.0
202510,경기도,여행업,47157.0
202510,경기도,육상운송,2390826.0
202510,경기도,수상운송,27012.0
202510,경기도,렌터카,569156.0
202510,경기도,면세점,715.0
202510,경기도,기타관광쇼핑,1.626982E7
202510,경기도,레저용품쇼핑,4709791.0
202510,경기도,대형쇼핑몰,2.4978896E7
202510,경기도,관광유원시설,801521.0
202510,경기도,골프장,1505230.0
202510,경기도,기타레저,979032.0
202510,경기도,문화서비스,303604.0
202510,경기도,의료관광,5251970.0
202510,경기도,뷰티,2239075.0
202510,경기도,일반외식업,1.6888772E7
202510,경기도,제과음료업,2236168.0
202510,충청북도,관광총소비,3837831.0
202510,충청북도,호텔,41911.0
202510,충청북도,콘도,665.0
202510,충청북도,캠핑장/펜션,3784.0
202510,충청북도,기타숙박,416300.0
202510,충청북도,여행업,24.0
202510,충청북도,육상운송,113452.0
202510,충청북도,수상운송,779.0
202510,충청북도,항공운송,25241.0
202510,충청북도,렌터카,15122.0
202510,충청북도,면세점,1969.0
202510,충청북도,기타관광쇼핑,812475.0
202510,충청북도,레저용품쇼핑,52568.0
202510,충청북도,대형쇼핑몰,640555.0
202510,충청북도,관광유원시설,9064.0
202510,충청북도,골프장,98217.0
202510,충청북도,기타레저,40641.0
202510,충청북도,문화서비스,894.0
202510,충청북도,의료관광,149098.0
202510,충청북도,뷰티,56343.0
202510,충청북도,일반외식업,1210657.0
202510,충청북도,제과음료업,148071.0
202510,충청남도,관광총소비,4581915.0
202510,충청남도,호텔,32320.0
202510,충청남도,콘도,143277.0
202510,충청남도,캠핑장/펜션,1350.0
202510,충청남도,기타숙박,547586.0
202510,충청남도,여행업,342.0
202510,충청남도,육상운송,192933.0
202510,충청남도,수상운송,88.0
202510,충청남도,렌터카,86159.0
202510,충청남도,기타관광쇼핑,1188435.0
202510,충청남도,레저용품쇼핑,50911.0
202510,충청남도,대형쇼핑몰,589060.0
202510,충청남도,관광유원시설,1253.0
202510,충청남도,골프장,44222.0
202510,충청남도,기타레저,48059.0
202510,충청남도,문화서비스,2751.0
202510,충청남도,의료관광,240093.0
202510,충청남도,뷰티,91220.0
202510,충청남도,일반외식업,1134239.0
202510,충청남도,제과음료업,187619.0
202510,전라남도,관광총소비,2720580.0
202510,전라남도,호텔,151004.0
202510,전라남도,콘도,43016.0
202510,전라남도,캠핑장/펜션,2756.0
202510,전라남도,기타숙박,373764.0
202510,전라남도,여행업,1516.0
202510,전라남도,육상운송,91264.0
202510,전라남도,수상운송,2174.0
202510,전라남도,렌터카,24662.0
202510,전라남도,기타관광쇼핑,536908.0
202510,전라남도,레저용품쇼핑,40070.0
202510,전라남도,대형쇼핑몰,296207.0
202510,전라남도,관광유원시설,3453.0
202510,전라남도,골프장,117843.0
202510,전라남도,기타레저,74668.0
202510,전라남도,문화서비스,6635.0
202510,전라남도,의료관광,60153.0
202510,전라남도,뷰티,43566.0
202510,전라남도,일반외식업,715492.0
202510,전라남도,제과음료업,135431.0
202510,경상북도,관광총소비,9782831.0
202510,경상북도,호텔,1234000.0
202510,경상북도,콘도,226985.0
202510,경상북도,캠핑장/펜션,24234.0
202510,경상북도,기타숙박,609615.0
202510,경상북도,여행업,12188.0
202510,경상북도,육상운송,216466.0
202510,경상북도,렌터카,44993.0
202510,경상북도,기타관광쇼핑,2137227.0
202510,경상북도,레저용품쇼핑,92528.0
202510,경상북도,대형쇼핑몰,327348.0
202510,경상북도,관광유원시설,17977.0
202510,경상북도,골프장,382719.0
202510,경상북도,기타레저,85256.0
202510,경상북도,문화서비스,7551.0
202510,경상북도,의료관광,167538.0
202510,경상북도,뷰티,135753.0
202510,경상북도,일반외식업,3483796.0
202510,경상북도,제과음료업,576655.0
202510,경상남도,관광총소비,7421896.0
202510,경상남도,호텔,609670.0
202510,경상남도,콘도,11556.0
202510,경상남도,캠핑장/펜션,8767.0
202510,경상남도,기타숙박,959065.0
202510,경상남도,여행업,10423.0
202510,경상남도,육상운송,188337.0
202510,경상남도,수상운송,584.0
202510,경상남도,렌터카,28725.0
202510,경상남도,기타관광쇼핑,960811.0
202510,경상남도,레저용품쇼핑,190278.0
202510,경상남도,대형쇼핑몰,1623213.0
202510,경상남도,관광유원시설,3926.0
202510,경상남도,골프장,264865.0
202510,경상남도,기타레저,40096.0
202510,경상남도,문화서비스,5005.0
202510,경상남도,의료관광,286127.0
202510,경상남도,뷰티,97441.0
202510,경상남도,일반외식업,1894754.0
202510,경상남도,제과음료업,238252.0
202510,제주특별자치도,관광총소비,4.6339249E7
202510,제주특별자치도,호텔,2018530.0
202510,제주특별자치도,콘도,2355011.0
202510,제주특별자치도,캠핑장/펜션,13153.0
202510,제주특별자치도,기타숙박,1188588.0
202510,제주특별자치도,여행업,28608.0
202510,제주특별자치도,육상운송,617521.0
202510,제주특별자치도,수상운송,34166.0
202510,제주특별자치도,항공운송,169075.0
202510,제주특별자치도,렌터카,2140945.0
202510,제주특별자치도,면세점,3067211.0
202510,제주특별자치도,기타관광쇼핑,9969191.0
202510,제주특별자치도,레저용품쇼핑,1098119.0
202510,제주특별자치도,대형쇼핑몰,3225709.0
202510,제주특별자치도,관광유원시설,204678.0
202510,제주특별자치도,골프장,242397.0
202510,제주특별자치도,기타레저,416661.0
202510,제주특별자치도,문화서비스,576153.0
202510,제주특별자치도,의료관광,3231965.0
202510,제주특별자치도,뷰티,1911608.0
202510,제주특별자치도,일반외식업,1.0304724E7
202510,제주특별자치도,제과음료업,3525236.0
202510,강원특별자치도,관광총소비,6813412.0
202510,강원특별자치도,호텔,344643.0
202510,강원특별자치도,콘도,143038.0
202510,강원특별자치도,캠핑장/펜션,49840.0
202510,강원특별자치도,기타숙박,822922.0
202510,강원특별자치도,여행업,5224.0
202510,강원특별자치도,육상운송,171655.0
202510,강원특별자치도,수상운송,2013.0
202510,강원특별자치도,렌터카,6368.0
202510,강원특별자치도,기타관광쇼핑,1235604.0
202510,강원특별자치도,레저용품쇼핑,124097.0
202510,강원특별자치도,대형쇼핑몰,512973.0
202510,강원특별자치도,관광유원시설,206171.0
202510,강원특별자치도,골프장,379100.0
202510,강원특별자치도,스키장,1064.0
202510,강원특별자치도,기타레저,94029.0
202510,강원특별자치도,문화서비스,26241.0
202510,강원특별자치도,의료관광,129976.0
202510,강원특별자치도,뷰티,72088.0
202510,강원특별자치도,일반외식업,2139270.0
202510,강원특별자치도,제과음료업,347096.0
202510,전북특별자치도,관광총소비,4494626.0
202510,전북특별자치도,호텔,73595.0
202510,전북특별자치도,콘도,4935.0
202510,전북특별자치도,캠핑장/펜션,957.0
202510,전북특별자치도,기타숙박,316586.0
202510,전북특별자치도,육상운송,104783.0
202510,전북특별자치도,수상운송,1092.0
202510,전북특별자치도,렌터카,4822.0
202510,전북특별자치도,기타관광쇼핑,973792.0
202510,전북특별자치도,레저용품쇼핑,119854.0
202510,전북특별자치도,대형쇼핑몰,772407.0
202510,전북특별자치도,관광유원시설,312.0
202510,전북특별자치도,골프장,39413.0
202510,전북특별자치도,기타레저,57588.0
202510,전북특별자치도,문화서비스,55995.0
202510,전북특별자치도,의료관광,186214.0
202510,전북특별자치도,뷰티,102828.0
202510,전북특별자치도,일반외식업,1410444.0
202510,전북특별자치도,제과음료업,269010.0
202510,기타(지역 미분류),관광총소비,3.47600468E8
202510,기타(지역 미분류),호텔,1.14015057E8
202510,기타(지역 미분류),콘도,4781496.0
202510,기타(지역 미분류),캠핑장/펜션,565591.0
202510,기타(지역 미분류),기타숙박,4.5599649E7
202510,기타(지역 미분류),여행업,1420278.0
202510,기타(지역 미분류),육상운송,2.3537262E7
202510,기타(지역 미분류),수상운송,11172.0
202510,기타(지역 미분류),항공운송,7.5892534E7
202510,기타(지역 미분류),렌터카,803359.0
202510,기타(지역 미분류),면세점,2.930177E7
202510,기타(지역 미분류),기타관광쇼핑,115241.0
202510,기타(지역 미분류),레저용품쇼핑,1694068.0
202510,기타(지역 미분류),관광유원시설,182626.0
202510,기타(지역 미분류),골프장,1297390.0
202510,기타(지역 미분류),기타레저,390083.0
202510,기타(지역 미분류),문화서비스,884512.0
202510,기타(지역 미분류),의료관광,2.113903E7
202510,기타(지역 미분류),뷰티,1578147.0
202510,기타(지역 미분류),일반외식업,2.0555812E7
202510,기타(지역 미분류),제과음료업,3835391.0
202511,서울특별시,관광총소비,9.23628539E8
202511,서울특별시,호텔,8.8383514E7
202511,서울특별시,콘도,125469.0
202511,서울특별시,캠핑장/펜션,102506.0
202511,서울특별시,기타숙박,1.9159648E7
202511,서울특별시,여행업,619747.0
202511,서울특별시,육상운송,1.7040996E7
202511,서울특별시,수상운송,48306.0
202511,서울특별시,항공운송,2176494.0
202511,서울특별시,렌터카,118324.0
202511,서울특별시,면세점,2.8397794E7
202511,서울특별시,기타관광쇼핑,1.79691871E8
202511,서울특별시,레저용품쇼핑,1.8400917E7
202511,서울특별시,대형쇼핑몰,1.87462786E8
202511,서울특별시,카지노,3.2935753E7
202511,서울특별시,관광유원시설,16055.0
202511,서울특별시,골프장,224699.0
202511,서울특별시,기타레저,3183220.0
202511,서울특별시,문화서비스,1176502.0
202511,서울특별시,의료관광,1.75455228E8
202511,서울특별시,뷰티,4.625167E7
202511,서울특별시,일반외식업,9.9127681E7
202511,서울특별시,제과음료업,2.3529359E7
202511,부산광역시,관광총소비,1.03611408E8
202511,부산광역시,호텔,5028195.0
202511,부산광역시,캠핑장/펜션,10748.0
202511,부산광역시,기타숙박,3115383.0
202511,부산광역시,여행업,13910.0
202511,부산광역시,육상운송,502533.0
202511,부산광역시,수상운송,40094.0
202511,부산광역시,항공운송,9695.0
202511,부산광역시,렌터카,15742.0
202511,부산광역시,면세점,5744235.0
202511,부산광역시,기타관광쇼핑,1.0226645E7
202511,부산광역시,레저용품쇼핑,647552.0
202511,부산광역시,대형쇼핑몰,3.7000982E7
202511,부산광역시,카지노,1.0900178E7
202511,부산광역시,관광유원시설,227999.0
202511,부산광역시,골프장,45348.0
202511,부산광역시,기타레저,639891.0
202511,부산광역시,문화서비스,96029.0
202511,부산광역시,의료관광,7338516.0
202511,부산광역시,뷰티,2160360.0
202511,부산광역시,일반외식업,1.7355739E7
202511,부산광역시,제과음료업,2491634.0
202511,대구광역시,관광총소비,7767784.0
202511,대구광역시,호텔,713708.0
202511,대구광역시,캠핑장/펜션,2137.0
202511,대구광역시,기타숙박,317867.0
202511,대구광역시,여행업,1010.0
202511,대구광역시,육상운송,76273.0
202511,대구광역시,항공운송,120671.0
202511,대구광역시,렌터카,6434.0
202511,대구광역시,기타관광쇼핑,1322680.0
202511,대구광역시,레저용품쇼핑,519769.0
202511,대구광역시,대형쇼핑몰,1342129.0
202511,대구광역시,관광유원시설,73863.0
202511,대구광역시,골프장,9739.0
202511,대구광역시,기타레저,69900.0
202511,대구광역시,문화서비스,60235.0
202511,대구광역시,의료관광,966045.0
202511,대구광역시,뷰티,253319.0
202511,대구광역시,일반외식업,1648768.0
202511,대구광역시,제과음료업,263237.0
202511,인천광역시,관광총소비,8.6992686E7
202511,인천광역시,호텔,4.2519452E7
202511,인천광역시,캠핑장/펜션,7470.0
202511,인천광역시,기타숙박,1157902.0
202511,인천광역시,여행업,20363.0
202511,인천광역시,육상운송,893077.0
202511,인천광역시,수상운송,411.0
202511,인천광역시,항공운송,9080.0
202511,인천광역시,렌터카,554251.0
202511,인천광역시,면세점,1.9117796E7
202511,인천광역시,기타관광쇼핑,4861164.0
202511,인천광역시,레저용품쇼핑,268420.0
202511,인천광역시,대형쇼핑몰,4348128.0
202511,인천광역시,관광유원시설,10172.0
202511,인천광역시,골프장,63335.0
202511,인천광역시,기타레저,123588.0
202511,인천광역시,문화서비스,6625.0
202511,인천광역시,의료관광,2847881.0
202511,인천광역시,뷰티,373390.0
202511,인천광역시,일반외식업,6554371.0
202511,인천광역시,제과음료업,3255811.0
202511,광주광역시,관광총소비,2864625.0
202511,광주광역시,호텔,29231.0
202511,광주광역시,캠핑장/펜션,120.0
202511,광주광역시,기타숙박,334797.0
202511,광주광역시,여행업,3.0
202511,광주광역시,육상운송,30005.0
202511,광주광역시,렌터카,3465.0
202511,광주광역시,기타관광쇼핑,608493.0
202511,광주광역시,레저용품쇼핑,80163.0
202511,광주광역시,대형쇼핑몰,582964.0
202511,광주광역시,관광유원시설,25.0
202511,광주광역시,골프장,1098.0
202511,광주광역시,기타레저,28629.0
202511,광주광역시,문화서비스,87666.0
202511,광주광역시,의료관광,187272.0
202511,광주광역시,뷰티,49012.0
202511,광주광역시,일반외식업,710219.0
202511,광주광역시,제과음료업,131462.0
202511,대전광역시,관광총소비,5702386.0
202511,대전광역시,호텔,530029.0
202511,대전광역시,캠핑장/펜션,410.0
202511,대전광역시,기타숙박,536248.0
202511,대전광역시,여행업,14018.0
202511,대전광역시,육상운송,1527074.0
202511,대전광역시,렌터카,1304.0
202511,대전광역시,기타관광쇼핑,546252.0
202511,대전광역시,레저용품쇼핑,38159.0
202511,대전광역시,대형쇼핑몰,972995.0
202511,대전광역시,관광유원시설,2467.0
202511,대전광역시,골프장,15549.0
202511,대전광역시,기타레저,45492.0
202511,대전광역시,문화서비스,20021.0
202511,대전광역시,의료관광,245598.0
202511,대전광역시,뷰티,104804.0
202511,대전광역시,일반외식업,908186.0
202511,대전광역시,제과음료업,193777.0
202511,울산광역시,관광총소비,2244788.0
202511,울산광역시,호텔,741064.0
202511,울산광역시,캠핑장/펜션,11086.0
202511,울산광역시,기타숙박,155036.0
202511,울산광역시,여행업,931.0
202511,울산광역시,육상운송,38468.0
202511,울산광역시,렌터카,2821.0
202511,울산광역시,기타관광쇼핑,217719.0
202511,울산광역시,레저용품쇼핑,18588.0
202511,울산광역시,대형쇼핑몰,395928.0
202511,울산광역시,관광유원시설,72.0
202511,울산광역시,골프장,6329.0
202511,울산광역시,기타레저,26803.0
202511,울산광역시,문화서비스,569.0
202511,울산광역시,의료관광,78189.0
202511,울산광역시,뷰티,38165.0
202511,울산광역시,일반외식업,458647.0
202511,울산광역시,제과음료업,54373.0
202511,세종특별자치시,관광총소비,545981.0
202511,세종특별자치시,기타숙박,139376.0
202511,세종특별자치시,육상운송,8784.0
202511,세종특별자치시,기타관광쇼핑,94240.0
202511,세종특별자치시,레저용품쇼핑,3753.0
202511,세종특별자치시,대형쇼핑몰,21849.0
202511,세종특별자치시,골프장,7772.0
202511,세종특별자치시,기타레저,7268.0
202511,세종특별자치시,문화서비스,523.0
202511,세종특별자치시,의료관광,31601.0
202511,세종특별자치시,뷰티,12799.0
202511,세종특별자치시,일반외식업,192433.0
202511,세종특별자치시,제과음료업,25585.0
202511,경기도,관광총소비,9.5517031E7
202511,경기도,호텔,4719097.0
202511,경기도,콘도,45401.0
202511,경기도,캠핑장/펜션,32381.0
202511,경기도,기타숙박,8008280.0
202511,경기도,여행업,102136.0
202511,경기도,육상운송,2373557.0
202511,경기도,수상운송,41530.0
202511,경기도,렌터카,368276.0
202511,경기도,면세점,644.0
202511,경기도,기타관광쇼핑,1.6864016E7
202511,경기도,레저용품쇼핑,6916547.0
202511,경기도,대형쇼핑몰,2.4628438E7
202511,경기도,관광유원시설,660173.0
202511,경기도,골프장,1112838.0
202511,경기도,기타레저,997693.0
202511,경기도,문화서비스,732373.0
202511,경기도,의료관광,5716979.0
202511,경기도,뷰티,2605724.0
202511,경기도,일반외식업,1.7389681E7
202511,경기도,제과음료업,2201268.0
202511,충청북도,관광총소비,5968063.0
202511,충청북도,호텔,33675.0
202511,충청북도,콘도,5652.0
202511,충청북도,캠핑장/펜션,8501.0
202511,충청북도,기타숙박,472749.0
202511,충청북도,육상운송,86762.0
202511,충청북도,수상운송,674.0
202511,충청북도,항공운송,17388.0
202511,충청북도,렌터카,22832.0
202511,충청북도,면세점,232.0
202511,충청북도,기타관광쇼핑,2711552.0
202511,충청북도,레저용품쇼핑,81396.0
202511,충청북도,대형쇼핑몰,678268.0
202511,충청북도,관광유원시설,8277.0
202511,충청북도,골프장,98129.0
202511,충청북도,기타레저,40826.0
202511,충청북도,문화서비스,975.0
202511,충청북도,의료관광,192843.0
202511,충청북도,뷰티,56855.0
202511,충청북도,일반외식업,1304367.0
202511,충청북도,제과음료업,146110.0
202511,충청남도,관광총소비,4379779.0
202511,충청남도,호텔,41420.0
202511,충청남도,콘도,60768.0
202511,충청남도,캠핑장/펜션,1268.0
202511,충청남도,기타숙박,504240.0
202511,충청남도,여행업,834.0
202511,충청남도,육상운송,186736.0
202511,충청남도,수상운송,36.0
202511,충청남도,렌터카,64328.0
202511,충청남도,기타관광쇼핑,1137063.0
202511,충청남도,레저용품쇼핑,61679.0
202511,충청남도,대형쇼핑몰,610304.0
202511,충청남도,관광유원시설,1508.0
202511,충청남도,골프장,28112.0
202511,충청남도,기타레저,62737.0
202511,충청남도,문화서비스,2112.0
202511,충청남도,의료관광,317084.0
202511,충청남도,뷰티,99120.0
202511,충청남도,일반외식업,1003211.0
202511,충청남도,제과음료업,197216.0
202511,전라남도,관광총소비,2286578.0
202511,전라남도,호텔,112788.0
202511,전라남도,콘도,11648.0
202511,전라남도,캠핑장/펜션,1794.0
202511,전라남도,기타숙박,325627.0
202511,전라남도,여행업,768.0
202511,전라남도,육상운송,73758.0
202511,전라남도,수상운송,974.0
202511,전라남도,렌터카,22403.0
202511,전라남도,기타관광쇼핑,451721.0
202511,전라남도,레저용품쇼핑,38170.0
202511,전라남도,대형쇼핑몰,266107.0
202511,전라남도,관광유원시설,2241.0
202511,전라남도,골프장,52188.0
202511,전라남도,기타레저,55584.0
202511,전라남도,문화서비스,1993.0
202511,전라남도,의료관광,57861.0
202511,전라남도,뷰티,41104.0
202511,전라남도,일반외식업,671288.0
202511,전라남도,제과음료업,98562.0
202511,경상북도,관광총소비,8655386.0
202511,경상북도,호텔,1380608.0
202511,경상북도,콘도,37261.0
202511,경상북도,캠핑장/펜션,19552.0
202511,경상북도,기타숙박,380835.0
202511,경상북도,여행업,12412.0
202511,경상북도,육상운송,176906.0
202511,경상북도,수상운송,195.0
202511,경상북도,렌터카,41471.0
202511,경상북도,기타관광쇼핑,1897668.0
202511,경상북도,레저용품쇼핑,80475.0
202511,경상북도,대형쇼핑몰,286334.0
202511,경상북도,관광유원시설,10574.0
202511,경상북도,골프장,252509.0
202511,경상북도,기타레저,76710.0
202511,경상북도,문화서비스,5541.0
202511,경상북도,의료관광,204186.0
202511,경상북도,뷰티,127538.0
202511,경상북도,일반외식업,3170151.0
202511,경상북도,제과음료업,494461.0
202511,경상남도,관광총소비,9440698.0
202511,경상남도,호텔,702610.0
202511,경상남도,콘도,13069.0
202511,경상남도,캠핑장/펜션,3378.0
202511,경상남도,기타숙박,957782.0
202511,경상남도,여행업,1770.0
202511,경상남도,육상운송,187155.0
202511,경상남도,수상운송,602.0
202511,경상남도,렌터카,20095.0
202511,경상남도,기타관광쇼핑,3177748.0
202511,경상남도,레저용품쇼핑,181820.0
202511,경상남도,대형쇼핑몰,1587632.0
202511,경상남도,관광유원시설,3910.0
202511,경상남도,골프장,86918.0
202511,경상남도,기타레저,52147.0
202511,경상남도,문화서비스,2186.0
202511,경상남도,의료관광,314411.0
202511,경상남도,뷰티,107597.0
202511,경상남도,일반외식업,1840888.0
202511,경상남도,제과음료업,198980.0
202511,제주특별자치도,관광총소비,3.3425847E7
202511,제주특별자치도,호텔,1000454.0
202511,제주특별자치도,콘도,1126621.0
202511,제주특별자치도,캠핑장/펜션,7419.0
202511,제주특별자치도,기타숙박,813135.0
202511,제주특별자치도,여행업,11872.0
202511,제주특별자치도,육상운송,529193.0
202511,제주특별자치도,수상운송,21267.0
202511,제주특별자치도,항공운송,166274.0
202511,제주특별자치도,렌터카,1505760.0
202511,제주특별자치도,면세점,2006738.0
202511,제주특별자치도,기타관광쇼핑,8006479.0
202511,제주특별자치도,레저용품쇼핑,685158.0
202511,제주특별자치도,대형쇼핑몰,2409771.0
202511,제주특별자치도,관광유원시설,130608.0
202511,제주특별자치도,골프장,321114.0
202511,제주특별자치도,기타레저,328598.0
202511,제주특별자치도,문화서비스,366440.0
202511,제주특별자치도,의료관광,3278219.0
202511,제주특별자치도,뷰티,1488255.0
202511,제주특별자치도,일반외식업,6627096.0
202511,제주특별자치도,제과음료업,2595377.0
202511,강원특별자치도,관광총소비,4920123.0
202511,강원특별자치도,호텔,224506.0
202511,강원특별자치도,콘도,80739.0
202511,강원특별자치도,캠핑장/펜션,50545.0
202511,강원특별자치도,기타숙박,426918.0
202511,강원특별자치도,여행업,2756.0
202511,강원특별자치도,육상운송,138335.0
202511,강원특별자치도,수상운송,940.0
202511,강원특별자치도,렌터카,12057.0
202511,강원특별자치도,기타관광쇼핑,936649.0
202511,강원특별자치도,레저용품쇼핑,69603.0
202511,강원특별자치도,대형쇼핑몰,431158.0
202511,강원특별자치도,관광유원시설,93207.0
202511,강원특별자치도,골프장,279241.0
202511,강원특별자치도,스키장,862.0
202511,강원특별자치도,기타레저,64832.0
202511,강원특별자치도,문화서비스,15256.0
202511,강원특별자치도,의료관광,121021.0
202511,강원특별자치도,뷰티,116077.0
202511,강원특별자치도,일반외식업,1628539.0
202511,강원특별자치도,제과음료업,226884.0
202511,전북특별자치도,관광총소비,4371157.0
202511,전북특별자치도,호텔,54324.0
202511,전북특별자치도,콘도,1892.0
202511,전북특별자치도,캠핑장/펜션,2678.0
202511,전북특별자치도,기타숙박,311703.0
202511,전북특별자치도,여행업,2400.0
202511,전북특별자치도,육상운송,89681.0
202511,전북특별자치도,수상운송,704.0
202511,전북특별자치도,렌터카,5334.0
202511,전북특별자치도,기타관광쇼핑,898857.0
202511,전북특별자치도,레저용품쇼핑,128477.0
202511,전북특별자치도,대형쇼핑몰,833119.0
202511,전북특별자치도,관광유원시설,235.0
202511,전북특별자치도,골프장,38627.0
202511,전북특별자치도,기타레저,45217.0
202511,전북특별자치도,문화서비스,75880.0
202511,전북특별자치도,의료관광,209896.0
202511,전북특별자치도,뷰티,92267.0
202511,전북특별자치도,일반외식업,1340600.0
202511,전북특별자치도,제과음료업,239266.0
202511,기타(지역 미분류),관광총소비,3.32316327E8
202511,기타(지역 미분류),호텔,1.02504431E8
202511,기타(지역 미분류),콘도,3091024.0
202511,기타(지역 미분류),캠핑장/펜션,653981.0
202511,기타(지역 미분류),기타숙박,3.8066381E7
202511,기타(지역 미분류),여행업,994319.0
202511,기타(지역 미분류),육상운송,2.0714171E7
202511,기타(지역 미분류),수상운송,13384.0
202511,기타(지역 미분류),항공운송,8.0982301E7
202511,기타(지역 미분류),렌터카,820661.0
202511,기타(지역 미분류),면세점,3.2548868E7
202511,기타(지역 미분류),기타관광쇼핑,156871.0
202511,기타(지역 미분류),레저용품쇼핑,1856019.0
202511,기타(지역 미분류),관광유원시설,118695.0
202511,기타(지역 미분류),골프장,1052186.0
202511,기타(지역 미분류),기타레저,288222.0
202511,기타(지역 미분류),문화서비스,802194.0
202511,기타(지역 미분류),의료관광,2.3292123E7
202511,기타(지역 미분류),뷰티,1654441.0
202511,기타(지역 미분류),일반외식업,1.905039E7
202511,기타(지역 미분류),제과음료업,3655668.0
202512,서울특별시,관광총소비,9.51063353E8
202512,서울특별시,호텔,8.0866616E7
202512,서울특별시,콘도,169617.0
202512,서울특별시,캠핑장/펜션,95241.0
202512,서울특별시,기타숙박,1.7426145E7
202512,서울특별시,여행업,561864.0
202512,서울특별시,육상운송,1.557697E7
202512,서울특별시,수상운송,8380.0
202512,서울특별시,항공운송,2091660.0
202512,서울특별시,렌터카,123434.0
202512,서울특별시,면세점,3.2007444E7
202512,서울특별시,기타관광쇼핑,1.6620241E8
202512,서울특별시,레저용품쇼핑,2.1082846E7
202512,서울특별시,대형쇼핑몰,2.16823102E8
202512,서울특별시,카지노,3.3892074E7
202512,서울특별시,관광유원시설,18105.0
202512,서울특별시,골프장,286036.0
202512,서울특별시,기타레저,3129722.0
202512,서울특별시,문화서비스,1226661.0
202512,서울특별시,의료관광,1.94096236E8
202512,서울특별시,뷰티,4.234162E7
202512,서울특별시,일반외식업,1.00188027E8
202512,서울특별시,제과음료업,2.2849141E7
202512,부산광역시,관광총소비,9.0253965E7
202512,부산광역시,호텔,3054239.0
202512,부산광역시,캠핑장/펜션,6010.0
202512,부산광역시,기타숙박,2302405.0
202512,부산광역시,여행업,16062.0
202512,부산광역시,육상운송,412134.0
202512,부산광역시,수상운송,31649.0
202512,부산광역시,항공운송,8566.0
202512,부산광역시,렌터카,21433.0
202512,부산광역시,면세점,3686433.0
202512,부산광역시,기타관광쇼핑,8807745.0
202512,부산광역시,레저용품쇼핑,530037.0
202512,부산광역시,대형쇼핑몰,3.2951102E7
202512,부산광역시,카지노,1.0633743E7
202512,부산광역시,관광유원시설,226235.0
202512,부산광역시,골프장,27079.0
202512,부산광역시,기타레저,514252.0
202512,부산광역시,문화서비스,61820.0
202512,부산광역시,의료관광,8632636.0
202512,부산광역시,뷰티,1886563.0
202512,부산광역시,일반외식업,1.4388613E7
202512,부산광역시,제과음료업,2055209.0
202512,대구광역시,관광총소비,6929576.0
202512,대구광역시,호텔,492636.0
202512,대구광역시,캠핑장/펜션,3952.0
202512,대구광역시,기타숙박,239115.0
202512,대구광역시,여행업,58038.0
202512,대구광역시,육상운송,78214.0
202512,대구광역시,항공운송,157905.0
202512,대구광역시,렌터카,4952.0
202512,대구광역시,기타관광쇼핑,1081819.0
202512,대구광역시,레저용품쇼핑,503533.0
202512,대구광역시,대형쇼핑몰,1234073.0
202512,대구광역시,관광유원시설,51239.0
202512,대구광역시,골프장,6162.0
202512,대구광역시,기타레저,67296.0
202512,대구광역시,문화서비스,79318.0
202512,대구광역시,의료관광,937744.0
202512,대구광역시,뷰티,208205.0
202512,대구광역시,일반외식업,1491279.0
202512,대구광역시,제과음료업,234097.0
202512,인천광역시,관광총소비,8.9148177E7
202512,인천광역시,호텔,4.7643688E7
202512,인천광역시,캠핑장/펜션,9362.0
202512,인천광역시,기타숙박,741822.0
202512,인천광역시,여행업,12799.0
202512,인천광역시,육상운송,856930.0
202512,인천광역시,항공운송,13052.0
202512,인천광역시,렌터카,535700.0
202512,인천광역시,면세점,1.9167935E7
202512,인천광역시,기타관광쇼핑,4396343.0
202512,인천광역시,레저용품쇼핑,213392.0
202512,인천광역시,대형쇼핑몰,4215494.0
202512,인천광역시,관광유원시설,10743.0
202512,인천광역시,골프장,20050.0
202512,인천광역시,기타레저,140091.0
202512,인천광역시,문화서비스,5786.0
202512,인천광역시,의료관광,2667517.0
202512,인천광역시,뷰티,391197.0
202512,인천광역시,일반외식업,5071438.0
202512,인천광역시,제과음료업,3034840.0
202512,광주광역시,관광총소비,2539715.0
202512,광주광역시,호텔,12491.0
202512,광주광역시,캠핑장/펜션,185.0
202512,광주광역시,기타숙박,246562.0
202512,광주광역시,육상운송,21092.0
202512,광주광역시,렌터카,150.0
202512,광주광역시,기타관광쇼핑,532423.0
202512,광주광역시,레저용품쇼핑,56192.0
202512,광주광역시,대형쇼핑몰,618060.0
202512,광주광역시,관광유원시설,10.0
202512,광주광역시,골프장,1474.0
202512,광주광역시,기타레저,24658.0
202512,광주광역시,문화서비스,110155.0
202512,광주광역시,의료관광,148177.0
202512,광주광역시,뷰티,54345.0
202512,광주광역시,일반외식업,607301.0
202512,광주광역시,제과음료업,106440.0
202512,대전광역시,관광총소비,4859236.0
202512,대전광역시,호텔,222624.0
202512,대전광역시,기타숙박,517454.0
202512,대전광역시,육상운송,1156646.0
202512,대전광역시,렌터카,2726.0
202512,대전광역시,기타관광쇼핑,508836.0
202512,대전광역시,레저용품쇼핑,30318.0
202512,대전광역시,대형쇼핑몰,992486.0
202512,대전광역시,관광유원시설,842.0
202512,대전광역시,골프장,52541.0
202512,대전광역시,기타레저,30731.0
202512,대전광역시,문화서비스,34701.0
202512,대전광역시,의료관광,284995.0
202512,대전광역시,뷰티,74104.0
202512,대전광역시,일반외식업,787176.0
202512,대전광역시,제과음료업,163056.0
202512,울산광역시,관광총소비,1900970.0
202512,울산광역시,호텔,359812.0
202512,울산광역시,캠핑장/펜션,1320.0
202512,울산광역시,기타숙박,112516.0
202512,울산광역시,여행업,1035.0
202512,울산광역시,육상운송,33998.0
202512,울산광역시,렌터카,4843.0
202512,울산광역시,기타관광쇼핑,217696.0
202512,울산광역시,레저용품쇼핑,11646.0
202512,울산광역시,대형쇼핑몰,508313.0
202512,울산광역시,관광유원시설,84.0
202512,울산광역시,골프장,8224.0
202512,울산광역시,기타레저,35577.0
202512,울산광역시,문화서비스,140.0
202512,울산광역시,의료관광,120626.0
202512,울산광역시,뷰티,34508.0
202512,울산광역시,일반외식업,397550.0
202512,울산광역시,제과음료업,53083.0
202512,세종특별자치시,관광총소비,569546.0
202512,세종특별자치시,기타숙박,141149.0
202512,세종특별자치시,육상운송,10313.0
202512,세종특별자치시,기타관광쇼핑,96420.0
202512,세종특별자치시,레저용품쇼핑,5668.0
202512,세종특별자치시,대형쇼핑몰,34466.0
202512,세종특별자치시,골프장,6007.0
202512,세종특별자치시,기타레저,7050.0
202512,세종특별자치시,문화서비스,1055.0
202512,세종특별자치시,의료관광,38243.0
202512,세종특별자치시,뷰티,14806.0
202512,세종특별자치시,일반외식업,189419.0
202512,세종특별자치시,제과음료업,24951.0
202512,경기도,관광총소비,9.3976661E7
202512,경기도,호텔,3607818.0
202512,경기도,콘도,11995.0
202512,경기도,캠핑장/펜션,17482.0
202512,경기도,기타숙박,5945428.0
202512,경기도,여행업,51360.0
202512,경기도,육상운송,2300875.0
202512,경기도,수상운송,14964.0
202512,경기도,렌터카,382359.0
202512,경기도,면세점,797.0
202512,경기도,기타관광쇼핑,1.7879535E7
202512,경기도,레저용품쇼핑,7982177.0
202512,경기도,대형쇼핑몰,2.5660308E7
202512,경기도,관광유원시설,663754.0
202512,경기도,골프장,214121.0
202512,경기도,스키장,380.0
202512,경기도,기타레저,1057935.0
202512,경기도,문화서비스,478282.0
202512,경기도,의료관광,5657782.0
202512,경기도,뷰티,2316878.0
202512,경기도,일반외식업,1.7684368E7
202512,경기도,제과음료업,2048063.0
202512,충청북도,관광총소비,3398152.0
202512,충청북도,호텔,36867.0
202512,충청북도,콘도,186.0
202512,충청북도,캠핑장/펜션,9728.0
202512,충청북도,기타숙박,451988.0
202512,충청북도,육상운송,79349.0
202512,충청북도,항공운송,20413.0
202512,충청북도,렌터카,8279.0
202512,충청북도,면세점,1293.0
202512,충청북도,기타관광쇼핑,651328.0
202512,충청북도,레저용품쇼핑,80385.0
202512,충청북도,대형쇼핑몰,546931.0
202512,충청북도,관광유원시설,2745.0
202512,충청북도,골프장,19282.0
202512,충청북도,기타레저,33814.0
202512,충청북도,문화서비스,1191.0
202512,충청북도,의료관광,178437.0
202512,충청북도,뷰티,48498.0
202512,충청북도,일반외식업,1113479.0
202512,충청북도,제과음료업,113960.0
202512,충청남도,관광총소비,4307695.0
202512,충청남도,호텔,52055.0
202512,충청남도,콘도,49316.0
202512,충청남도,캠핑장/펜션,3593.0
202512,충청남도,기타숙박,614257.0
202512,충청남도,여행업,2322.0
202512,충청남도,육상운송,162861.0
202512,충청남도,렌터카,88253.0
202512,충청남도,기타관광쇼핑,1139236.0
202512,충청남도,레저용품쇼핑,65639.0
202512,충청남도,대형쇼핑몰,579556.0
202512,충청남도,관광유원시설,165.0
202512,충청남도,골프장,7789.0
202512,충청남도,기타레저,125382.0
202512,충청남도,문화서비스,1926.0
202512,충청남도,의료관광,219085.0
202512,충청남도,뷰티,84682.0
202512,충청남도,일반외식업,941216.0
202512,충청남도,제과음료업,170362.0
202512,전라남도,관광총소비,2005472.0
202512,전라남도,호텔,45941.0
202512,전라남도,콘도,3343.0
202512,전라남도,캠핑장/펜션,42.0
202512,전라남도,기타숙박,278950.0
202512,전라남도,여행업,5.0
202512,전라남도,육상운송,52983.0
202512,전라남도,수상운송,538.0
202512,전라남도,렌터카,53032.0
202512,전라남도,기타관광쇼핑,396455.0
202512,전라남도,레저용품쇼핑,17335.0
202512,전라남도,대형쇼핑몰,340854.0
202512,전라남도,관광유원시설,1039.0
202512,전라남도,골프장,19099.0
202512,전라남도,기타레저,31952.0
202512,전라남도,문화서비스,1879.0
202512,전라남도,의료관광,82796.0
202512,전라남도,뷰티,29668.0
202512,전라남도,일반외식업,568508.0
202512,전라남도,제과음료업,81054.0
202512,경상북도,관광총소비,5528870.0
202512,경상북도,호텔,320515.0
202512,경상북도,콘도,14087.0
202512,경상북도,캠핑장/펜션,11362.0
202512,경상북도,기타숙박,262926.0
202512,경상북도,여행업,2154.0
202512,경상북도,육상운송,152200.0
202512,경상북도,수상운송,87.0
202512,경상북도,렌터카,25133.0
202512,경상북도,기타관광쇼핑,1342540.0
202512,경상북도,레저용품쇼핑,69076.0
202512,경상북도,대형쇼핑몰,328645.0
202512,경상북도,관광유원시설,4071.0
202512,경상북도,골프장,35105.0
202512,경상북도,기타레저,74694.0
202512,경상북도,문화서비스,4490.0
202512,경상북도,의료관광,226408.0
202512,경상북도,뷰티,145960.0
202512,경상북도,일반외식업,2188522.0
202512,경상북도,제과음료업,320897.0
202512,경상남도,관광총소비,6130273.0
202512,경상남도,호텔,550642.0
202512,경상남도,콘도,9852.0
202512,경상남도,캠핑장/펜션,1830.0
202512,경상남도,기타숙박,732220.0
202512,경상남도,여행업,32506.0
202512,경상남도,육상운송,145597.0
202512,경상남도,수상운송,1302.0
202512,경상남도,렌터카,14347.0
202512,경상남도,기타관광쇼핑,713502.0
202512,경상남도,레저용품쇼핑,141480.0
202512,경상남도,대형쇼핑몰,1412066.0
202512,경상남도,관광유원시설,3405.0
202512,경상남도,골프장,55899.0
202512,경상남도,기타레저,36794.0
202512,경상남도,문화서비스,2756.0
202512,경상남도,의료관광,384554.0
202512,경상남도,뷰티,128390.0
202512,경상남도,일반외식업,1607545.0
202512,경상남도,제과음료업,155586.0
202512,제주특별자치도,관광총소비,3.4309477E7
202512,제주특별자치도,호텔,838306.0
202512,제주특별자치도,콘도,1384394.0
202512,제주특별자치도,캠핑장/펜션,6250.0
202512,제주특별자치도,기타숙박,548710.0
202512,제주특별자치도,여행업,2375.0
202512,제주특별자치도,육상운송,496707.0
202512,제주특별자치도,수상운송,23193.0
202512,제주특별자치도,항공운송,155465.0
202512,제주특별자치도,렌터카,1496762.0
202512,제주특별자치도,면세점,2156161.0
202512,제주특별자치도,기타관광쇼핑,8253064.0
202512,제주특별자치도,레저용품쇼핑,750534.0
202512,제주특별자치도,대형쇼핑몰,2271868.0
202512,제주특별자치도,관광유원시설,169057.0
202512,제주특별자치도,골프장,88080.0
202512,제주특별자치도,기타레저,330227.0
202512,제주특별자치도,문화서비스,408278.0
202512,제주특별자치도,의료관광,4071405.0
202512,제주특별자치도,뷰티,1834575.0
202512,제주특별자치도,일반외식업,6597992.0
202512,제주특별자치도,제과음료업,2426073.0
202512,강원특별자치도,관광총소비,9524058.0
202512,강원특별자치도,호텔,2312857.0
202512,강원특별자치도,콘도,154957.0
202512,강원특별자치도,캠핑장/펜션,28088.0
202512,강원특별자치도,기타숙박,554854.0
202512,강원특별자치도,여행업,7014.0
202512,강원특별자치도,육상운송,145705.0
202512,강원특별자치도,수상운송,680.0
202512,강원특별자치도,렌터카,19426.0
202512,강원특별자치도,기타관광쇼핑,1315211.0
202512,강원특별자치도,레저용품쇼핑,349881.0
202512,강원특별자치도,대형쇼핑몰,375098.0
202512,강원특별자치도,관광유원시설,157403.0
202512,강원특별자치도,골프장,1027547.0
202512,강원특별자치도,스키장,238285.0
202512,강원특별자치도,기타레저,117876.0
202512,강원특별자치도,문화서비스,11327.0
202512,강원특별자치도,의료관광,199769.0
202512,강원특별자치도,뷰티,113462.0
202512,강원특별자치도,일반외식업,2110751.0
202512,강원특별자치도,제과음료업,283866.0
202512,전북특별자치도,관광총소비,3444260.0
202512,전북특별자치도,호텔,56280.0
202512,전북특별자치도,콘도,2569.0
202512,전북특별자치도,캠핑장/펜션,7330.0
202512,전북특별자치도,기타숙박,190343.0
202512,전북특별자치도,여행업,5600.0
202512,전북특별자치도,육상운송,65081.0
202512,전북특별자치도,수상운송,1122.0
202512,전북특별자치도,렌터카,5663.0
202512,전북특별자치도,기타관광쇼핑,625521.0
202512,전북특별자치도,레저용품쇼핑,94707.0
202512,전북특별자치도,대형쇼핑몰,794553.0
202512,전북특별자치도,관광유원시설,244.0
202512,전북특별자치도,골프장,15913.0
202512,전북특별자치도,기타레저,27867.0
202512,전북특별자치도,문화서비스,33509.0
202512,전북특별자치도,의료관광,262007.0
202512,전북특별자치도,뷰티,75002.0
202512,전북특별자치도,일반외식업,1003523.0
202512,전북특별자치도,제과음료업,177426.0
202512,기타(지역 미분류),관광총소비,3.2971938E8
202512,기타(지역 미분류),호텔,1.06192265E8
202512,기타(지역 미분류),콘도,3353045.0
202512,기타(지역 미분류),캠핑장/펜션,581097.0
202512,기타(지역 미분류),기타숙박,3.8335198E7
202512,기타(지역 미분류),여행업,1225124.0
202512,기타(지역 미분류),육상운송,2.0421664E7
202512,기타(지역 미분류),수상운송,5687.0
202512,기타(지역 미분류),항공운송,7.1658385E7
202512,기타(지역 미분류),렌터카,636340.0
202512,기타(지역 미분류),면세점,3.3403117E7
202512,기타(지역 미분류),기타관광쇼핑,116450.0
202512,기타(지역 미분류),레저용품쇼핑,1669118.0
202512,기타(지역 미분류),관광유원시설,120151.0
202512,기타(지역 미분류),골프장,783067.0
202512,기타(지역 미분류),기타레저,323966.0
202512,기타(지역 미분류),문화서비스,847180.0
202512,기타(지역 미분류),의료관광,2.6091831E7
202512,기타(지역 미분류),뷰티,1688954.0
202512,기타(지역 미분류),일반외식업,1.8932302E7
202512,기타(지역 미분류),제과음료업,3334440.0
