기준년월,지자체,KTO업종중분류명,소비액(천원)
201901,서울특별시,관광총소비,2.89653941E8
201901,서울특별시,호텔,4.057548E7
201901,서울특별시,콘도,94168.0
201901,서울특별시,캠핑장/펜션,117492.0
201901,서울특별시,기타숙박,5659937.0
201901,서울특별시,여행업,434886.0
201901,서울특별시,육상운송,5806203.0
201901,서울특별시,수상운송,7341.0
201901,서울특별시,항공운송,1261950.0
201901,서울특별시,렌터카,38113.0
201901,서울특별시,면세점,3.5718157E7
201901,서울특별시,기타관광쇼핑,4.5405093E7
201901,서울특별시,레저용품쇼핑,3805932.0
201901,서울특별시,대형쇼핑몰,6.2104294E7
201901,서울특별시,카지노,2.5558568E7
201901,서울특별시,관광유원시설,4437.0
201901,서울특별시,골프장,20279.0
201901,서울특별시,기타레저,483903.0
201901,서울특별시,문화서비스,383050.0
201901,서울특별시,의료관광,2.0848622E7
201901,서울특별시,뷰티,1.9002751E7
201901,서울특별시,일반외식업,1.9414543E7
201901,서울특별시,제과음료업,2908740.0
201901,부산광역시,관광총소비,2.7686181E7
201901,부산광역시,호텔,2237675.0
201901,부산광역시,콘도,1819.0
201901,부산광역시,캠핑장/펜션,10642.0
201901,부산광역시,기타숙박,543656.0
201901,부산광역시,여행업,776.0
201901,부산광역시,육상운송,125742.0
201901,부산광역시,수상운송,5038.0
201901,부산광역시,항공운송,25033.0
201901,부산광역시,렌터카,6181.0
201901,부산광역시,면세점,2833598.0
201901,부산광역시,기타관광쇼핑,2379823.0
201901,부산광역시,레저용품쇼핑,215575.0
201901,부산광역시,대형쇼핑몰,6226640.0
201901,부산광역시,카지노,9423477.0
201901,부산광역시,관광유원시설,25506.0
201901,부산광역시,골프장,15866.0
201901,부산광역시,기타레저,120179.0
201901,부산광역시,문화서비스,4523.0
201901,부산광역시,의료관광,1192870.0
201901,부산광역시,뷰티,936629.0
201901,부산광역시,일반외식업,1245364.0
201901,부산광역시,제과음료업,109571.0
201901,대구광역시,관광총소비,3459448.0
201901,대구광역시,호텔,863053.0
201901,대구광역시,캠핑장/펜션,1513.0
201901,대구광역시,기타숙박,99761.0
201901,대구광역시,여행업,1340.0
201901,대구광역시,육상운송,21515.0
201901,대구광역시,항공운송,11113.0
201901,대구광역시,렌터카,2052.0
201901,대구광역시,기타관광쇼핑,1000094.0
201901,대구광역시,레저용품쇼핑,51606.0
201901,대구광역시,대형쇼핑몰,646627.0
201901,대구광역시,관광유원시설,11513.0
201901,대구광역시,골프장,220.0
201901,대구광역시,기타레저,30829.0
201901,대구광역시,문화서비스,3884.0
201901,대구광역시,의료관광,232827.0
201901,대구광역시,뷰티,54585.0
201901,대구광역시,일반외식업,375619.0
201901,대구광역시,제과음료업,51298.0
201901,인천광역시,관광총소비,4.0893951E7
201901,인천광역시,호텔,1.5494042E7
201901,인천광역시,캠핑장/펜션,11152.0
201901,인천광역시,기타숙박,461014.0
201901,인천광역시,여행업,13880.0
201901,인천광역시,육상운송,116690.0
201901,인천광역시,수상운송,422.0
201901,인천광역시,항공운송,46680.0
201901,인천광역시,렌터카,240453.0
201901,인천광역시,면세점,1.8551492E7
201901,인천광역시,기타관광쇼핑,950534.0
201901,인천광역시,레저용품쇼핑,38579.0
201901,인천광역시,대형쇼핑몰,1884253.0
201901,인천광역시,관광유원시설,40.0
201901,인천광역시,골프장,2545.0
201901,인천광역시,기타레저,55108.0
201901,인천광역시,문화서비스,1759.0
201901,인천광역시,의료관광,624752.0
201901,인천광역시,뷰티,87618.0
201901,인천광역시,일반외식업,1677542.0
201901,인천광역시,제과음료업,635395.0
201901,광주광역시,관광총소비,639920.0
201901,광주광역시,호텔,49952.0
201901,광주광역시,캠핑장/펜션,85.0
201901,광주광역시,기타숙박,104593.0
201901,광주광역시,육상운송,4465.0
201901,광주광역시,렌터카,165.0
201901,광주광역시,기타관광쇼핑,65403.0
201901,광주광역시,레저용품쇼핑,21585.0
201901,광주광역시,대형쇼핑몰,215511.0
201901,광주광역시,관광유원시설,43.0
201901,광주광역시,골프장,293.0
201901,광주광역시,기타레저,4360.0
201901,광주광역시,문화서비스,26292.0
201901,광주광역시,의료관광,47873.0
201901,광주광역시,뷰티,13442.0
201901,광주광역시,일반외식업,77254.0
201901,광주광역시,제과음료업,8606.0
201901,대전광역시,관광총소비,1821149.0
201901,대전광역시,호텔,223329.0
201901,대전광역시,기타숙박,55108.0
201901,대전광역시,육상운송,729753.0
201901,대전광역시,렌터카,550.0
201901,대전광역시,기타관광쇼핑,156681.0
201901,대전광역시,레저용품쇼핑,7640.0
201901,대전광역시,대형쇼핑몰,250717.0
201901,대전광역시,관광유원시설,149.0
201901,대전광역시,골프장,48753.0
201901,대전광역시,기타레저,4429.0
201901,대전광역시,문화서비스,882.0
201901,대전광역시,의료관광,84696.0
201901,대전광역시,뷰티,74703.0
201901,대전광역시,일반외식업,165459.0
201901,대전광역시,제과음료업,18299.0
201901,울산광역시,관광총소비,954593.0
201901,울산광역시,호텔,454963.0
201901,울산광역시,캠핑장/펜션,289.0
201901,울산광역시,기타숙박,38870.0
201901,울산광역시,여행업,811.0
201901,울산광역시,육상운송,13605.0
201901,울산광역시,렌터카,2280.0
201901,울산광역시,기타관광쇼핑,58493.0
201901,울산광역시,레저용품쇼핑,5856.0
201901,울산광역시,대형쇼핑몰,204763.0
201901,울산광역시,골프장,931.0
201901,울산광역시,기타레저,2041.0
201901,울산광역시,문화서비스,277.0
201901,울산광역시,의료관광,28821.0
201901,울산광역시,뷰티,18040.0
201901,울산광역시,일반외식업,118743.0
201901,울산광역시,제과음료업,5809.0
201901,세종특별자치시,관광총소비,54117.0
201901,세종특별자치시,기타숙박,970.0
201901,세종특별자치시,육상운송,1298.0
201901,세종특별자치시,기타관광쇼핑,12640.0
201901,세종특별자치시,레저용품쇼핑,493.0
201901,세종특별자치시,대형쇼핑몰,14882.0
201901,세종특별자치시,골프장,200.0
201901,세종특별자치시,기타레저,215.0
201901,세종특별자치시,문화서비스,52.0
201901,세종특별자치시,의료관광,1955.0
201901,세종특별자치시,뷰티,2680.0
201901,세종특별자치시,일반외식업,16773.0
201901,세종특별자치시,제과음료업,1958.0
201901,경기도,관광총소비,2.8665966E7
201901,경기도,호텔,2800368.0
201901,경기도,콘도,32124.0
201901,경기도,캠핑장/펜션,18174.0
201901,경기도,기타숙박,4895035.0
201901,경기도,여행업,46527.0
201901,경기도,육상운송,243483.0
201901,경기도,수상운송,795.0
201901,경기도,렌터카,87081.0
201901,경기도,면세점,2466.0
201901,경기도,기타관광쇼핑,5360561.0
201901,경기도,레저용품쇼핑,625139.0
201901,경기도,대형쇼핑몰,6811124.0
201901,경기도,관광유원시설,141557.0
201901,경기도,골프장,30916.0
201901,경기도,스키장,34909.0
201901,경기도,기타레저,177066.0
201901,경기도,문화서비스,20250.0
201901,경기도,의료관광,1670697.0
201901,경기도,뷰티,535606.0
201901,경기도,일반외식업,4788162.0
201901,경기도,제과음료업,343926.0
201901,충청북도,관광총소비,1000553.0
201901,충청북도,호텔,42987.0
201901,충청북도,캠핑장/펜션,2059.0
201901,충청북도,기타숙박,417342.0
201901,충청북도,육상운송,24620.0
201901,충청북도,렌터카,486.0
201901,충청북도,기타관광쇼핑,104557.0
201901,충청북도,레저용품쇼핑,10228.0
201901,충청북도,대형쇼핑몰,172518.0
201901,충청북도,골프장,852.0
201901,충청북도,기타레저,6013.0
201901,충청북도,문화서비스,411.0
201901,충청북도,의료관광,40380.0
201901,충청북도,뷰티,13242.0
201901,충청북도,일반외식업,154516.0
201901,충청북도,제과음료업,10344.0
201901,충청남도,관광총소비,1542857.0
201901,충청남도,호텔,574565.0
201901,충청남도,콘도,7630.0
201901,충청남도,캠핑장/펜션,1676.0
201901,충청남도,기타숙박,132957.0
201901,충청남도,여행업,84.0
201901,충청남도,육상운송,39602.0
201901,충청남도,항공운송,188.0
201901,충청남도,렌터카,1535.0
201901,충청남도,기타관광쇼핑,199887.0
201901,충청남도,레저용품쇼핑,19406.0
201901,충청남도,대형쇼핑몰,206782.0
201901,충청남도,관광유원시설,90.0
201901,충청남도,골프장,1067.0
201901,충청남도,기타레저,9864.0
201901,충청남도,문화서비스,538.0
201901,충청남도,의료관광,70592.0
201901,충청남도,뷰티,21444.0
201901,충청남도,일반외식업,232953.0
201901,충청남도,제과음료업,21996.0
201901,전라남도,관광총소비,532764.0
201901,전라남도,호텔,134199.0
201901,전라남도,캠핑장/펜션,1483.0
201901,전라남도,기타숙박,36290.0
201901,전라남도,여행업,15.0
201901,전라남도,육상운송,12118.0
201901,전라남도,수상운송,99.0
201901,전라남도,렌터카,722.0
201901,전라남도,기타관광쇼핑,97287.0
201901,전라남도,레저용품쇼핑,11292.0
201901,전라남도,대형쇼핑몰,100194.0
201901,전라남도,관광유원시설,207.0
201901,전라남도,골프장,936.0
201901,전라남도,기타레저,3238.0
201901,전라남도,문화서비스,136.0
201901,전라남도,의료관광,14720.0
201901,전라남도,뷰티,7760.0
201901,전라남도,일반외식업,80012.0
201901,전라남도,제과음료업,32056.0
201901,경상북도,관광총소비,1292000.0
201901,경상북도,호텔,313813.0
201901,경상북도,콘도,3019.0
201901,경상북도,캠핑장/펜션,3009.0
201901,경상북도,기타숙박,111686.0
201901,경상북도,여행업,163.0
201901,경상북도,육상운송,43018.0
201901,경상북도,수상운송,44.0
201901,경상북도,렌터카,10385.0
201901,경상북도,기타관광쇼핑,197169.0
201901,경상북도,레저용품쇼핑,16529.0
201901,경상북도,대형쇼핑몰,149833.0
201901,경상북도,관광유원시설,523.0
201901,경상북도,골프장,2950.0
201901,경상북도,기타레저,4606.0
201901,경상북도,문화서비스,699.0
201901,경상북도,의료관광,37853.0
201901,경상북도,뷰티,51643.0
201901,경상북도,일반외식업,316565.0
201901,경상북도,제과음료업,28494.0
201901,경상남도,관광총소비,2889093.0
201901,경상남도,호텔,545166.0
201901,경상남도,콘도,237.0
201901,경상남도,캠핑장/펜션,1986.0
201901,경상남도,기타숙박,406022.0
201901,경상남도,여행업,1515.0
201901,경상남도,육상운송,66392.0
201901,경상남도,렌터카,8576.0
201901,경상남도,면세점,244.0
201901,경상남도,기타관광쇼핑,236312.0
201901,경상남도,레저용품쇼핑,19115.0
201901,경상남도,대형쇼핑몰,745360.0
201901,경상남도,관광유원시설,382.0
201901,경상남도,골프장,21918.0
201901,경상남도,기타레저,18335.0
201901,경상남도,문화서비스,1075.0
201901,경상남도,의료관광,125428.0
201901,경상남도,뷰티,28747.0
201901,경상남도,일반외식업,624958.0
201901,경상남도,제과음료업,37327.0
201901,제주특별자치도,관광총소비,1.1762005E7
201901,제주특별자치도,호텔,534162.0
201901,제주특별자치도,콘도,274110.0
201901,제주특별자치도,캠핑장/펜션,14658.0
201901,제주특별자치도,기타숙박,471204.0
201901,제주특별자치도,여행업,164366.0
201901,제주특별자치도,육상운송,26156.0
201901,제주특별자치도,수상운송,4699.0
201901,제주특별자치도,항공운송,182892.0
201901,제주특별자치도,렌터카,77595.0
201901,제주특별자치도,면세점,2199570.0
201901,제주특별자치도,기타관광쇼핑,3564665.0
201901,제주특별자치도,레저용품쇼핑,221836.0
201901,제주특별자치도,대형쇼핑몰,475075.0
201901,제주특별자치도,관광유원시설,11267.0
201901,제주특별자치도,골프장,30672.0
201901,제주특별자치도,기타레저,41280.0
201901,제주특별자치도,문화서비스,56373.0
201901,제주특별자치도,의료관광,218601.0
201901,제주특별자치도,뷰티,1978814.0
201901,제주특별자치도,일반외식업,1111638.0
201901,제주특별자치도,제과음료업,102371.0
201901,강원특별자치도,관광총소비,2817238.0
201901,강원특별자치도,호텔,943976.0
201901,강원특별자치도,콘도,280402.0
201901,강원특별자치도,캠핑장/펜션,39587.0
201901,강원특별자치도,기타숙박,109635.0
201901,강원특별자치도,여행업,23191.0
201901,강원특별자치도,육상운송,38456.0
201901,강원특별자치도,수상운송,12.0
201901,강원특별자치도,렌터카,3462.0
201901,강원특별자치도,기타관광쇼핑,196244.0
201901,강원특별자치도,레저용품쇼핑,142059.0
201901,강원특별자치도,대형쇼핑몰,111419.0
201901,강원특별자치도,관광유원시설,8.0
201901,강원특별자치도,골프장,42390.0
201901,강원특별자치도,기타레저,466861.0
201901,강원특별자치도,문화서비스,1852.0
201901,강원특별자치도,의료관광,40667.0
201901,강원특별자치도,뷰티,11187.0
201901,강원특별자치도,일반외식업,321885.0
201901,강원특별자치도,제과음료업,43947.0
201901,전북특별자치도,관광총소비,1001770.0
201901,전북특별자치도,호텔,29526.0
201901,전북특별자치도,콘도,1619.0
201901,전북특별자치도,캠핑장/펜션,9431.0
201901,전북특별자치도,기타숙박,103956.0
201901,전북특별자치도,육상운송,15878.0
201901,전북특별자치도,항공운송,28160.0
201901,전북특별자치도,렌터카,2594.0
201901,전북특별자치도,기타관광쇼핑,142498.0
201901,전북특별자치도,레저용품쇼핑,23694.0
201901,전북특별자치도,대형쇼핑몰,316919.0
201901,전북특별자치도,골프장,366.0
201901,전북특별자치도,기타레저,10177.0
201901,전북특별자치도,문화서비스,21804.0
201901,전북특별자치도,의료관광,71677.0
201901,전북특별자치도,뷰티,19958.0
201901,전북특별자치도,일반외식업,178091.0
201901,전북특별자치도,제과음료업,25424.0
201901,기타(지역 미분류),관광총소비,8.6600972E7
201901,기타(지역 미분류),호텔,2.6382644E7
201901,기타(지역 미분류),콘도,984364.0
201901,기타(지역 미분류),캠핑장/펜션,256497.0
201901,기타(지역 미분류),기타숙박,9612736.0
201901,기타(지역 미분류),여행업,1403110.0
201901,기타(지역 미분류),육상운송,2637010.0
201901,기타(지역 미분류),수상운송,2103.0
201901,기타(지역 미분류),항공운송,2.1096228E7
201901,기타(지역 미분류),렌터카,161498.0
201901,기타(지역 미분류),면세점,1.3200927E7
201901,기타(지역 미분류),기타관광쇼핑,23022.0
201901,기타(지역 미분류),레저용품쇼핑,432114.0
201901,기타(지역 미분류),관광유원시설,6368.0
201901,기타(지역 미분류),골프장,163412.0
201901,기타(지역 미분류),기타레저,102455.0
201901,기타(지역 미분류),문화서비스,148533.0
201901,기타(지역 미분류),의료관광,4021761.0
201901,기타(지역 미분류),뷰티,401307.0
201901,기타(지역 미분류),일반외식업,4601496.0
201901,기타(지역 미분류),제과음료업,963387.0
201902,서울특별시,관광총소비,2.69240661E8
201902,서울특별시,호텔,4.0926178E7
201902,서울특별시,콘도,58455.0
201902,서울특별시,캠핑장/펜션,134458.0
201902,서울특별시,기타숙박,5523301.0
201902,서울특별시,여행업,412835.0
201902,서울특별시,육상운송,5107997.0
201902,서울특별시,수상운송,7280.0
201902,서울특별시,항공운송,807947.0
201902,서울특별시,렌터카,37564.0
201902,서울특별시,면세점,3.4849808E7
201902,서울특별시,기타관광쇼핑,4.3400163E7
201902,서울특별시,레저용품쇼핑,3147990.0
201902,서울특별시,대형쇼핑몰,5.6602583E7
201902,서울특별시,카지노,2.2521155E7
201902,서울특별시,관광유원시설,5467.0
201902,서울특별시,골프장,16891.0
201902,서울특별시,기타레저,442751.0
201902,서울특별시,문화서비스,339082.0
201902,서울특별시,의료관광,1.6345849E7
201902,서울특별시,뷰티,1.7678285E7
201902,서울특별시,일반외식업,1.8173837E7
201902,서울특별시,제과음료업,2700783.0
201902,부산광역시,관광총소비,2.5428588E7
201902,부산광역시,호텔,2240993.0
201902,부산광역시,콘도,444.0
201902,부산광역시,캠핑장/펜션,14980.0
201902,부산광역시,기타숙박,595004.0
201902,부산광역시,여행업,132.0
201902,부산광역시,육상운송,101620.0
201902,부산광역시,수상운송,6779.0
201902,부산광역시,항공운송,31811.0
201902,부산광역시,렌터카,11376.0
201902,부산광역시,면세점,2683773.0
201902,부산광역시,기타관광쇼핑,2341921.0
201902,부산광역시,레저용품쇼핑,210113.0
201902,부산광역시,대형쇼핑몰,6742822.0
201902,부산광역시,카지노,6673750.0
201902,부산광역시,관광유원시설,25873.0
201902,부산광역시,골프장,7669.0
201902,부산광역시,기타레저,79045.0
201902,부산광역시,문화서비스,5221.0
201902,부산광역시,의료관광,1068495.0
201902,부산광역시,뷰티,1137593.0
201902,부산광역시,일반외식업,1336648.0
201902,부산광역시,제과음료업,112526.0
201902,대구광역시,관광총소비,3862385.0
201902,대구광역시,호텔,1214756.0
201902,대구광역시,캠핑장/펜션,1306.0
201902,대구광역시,기타숙박,97508.0
201902,대구광역시,육상운송,18524.0
201902,대구광역시,항공운송,4269.0
201902,대구광역시,렌터카,1400.0
201902,대구광역시,기타관광쇼핑,1149559.0
201902,대구광역시,레저용품쇼핑,48882.0
201902,대구광역시,대형쇼핑몰,658539.0
201902,대구광역시,관광유원시설,16435.0
201902,대구광역시,골프장,3062.0
201902,대구광역시,기타레저,25677.0
201902,대구광역시,문화서비스,4864.0
201902,대구광역시,의료관광,156443.0
201902,대구광역시,뷰티,56020.0
201902,대구광역시,일반외식업,356144.0
201902,대구광역시,제과음료업,48997.0
201902,인천광역시,관광총소비,3.6558307E7
201902,인천광역시,호텔,1.3302328E7
201902,인천광역시,캠핑장/펜션,5718.0
201902,인천광역시,기타숙박,367323.0
201902,인천광역시,여행업,3612.0
201902,인천광역시,육상운송,102294.0
201902,인천광역시,수상운송,967.0
201902,인천광역시,항공운송,52434.0
201902,인천광역시,렌터카,197244.0
201902,인천광역시,면세점,1.6888105E7
201902,인천광역시,기타관광쇼핑,784068.0
201902,인천광역시,레저용품쇼핑,41895.0
201902,인천광역시,대형쇼핑몰,1910601.0
201902,인천광역시,관광유원시설,61.0
201902,인천광역시,골프장,7892.0
201902,인천광역시,기타레저,48286.0
201902,인천광역시,문화서비스,750.0
201902,인천광역시,의료관광,640166.0
201902,인천광역시,뷰티,85690.0
201902,인천광역시,일반외식업,1572313.0
201902,인천광역시,제과음료업,546560.0
201902,광주광역시,관광총소비,657718.0
201902,광주광역시,호텔,45164.0
201902,광주광역시,캠핑장/펜션,100.0
201902,광주광역시,기타숙박,119438.0
201902,광주광역시,육상운송,4811.0
201902,광주광역시,렌터카,358.0
201902,광주광역시,기타관광쇼핑,63466.0
201902,광주광역시,레저용품쇼핑,17071.0
201902,광주광역시,대형쇼핑몰,233233.0
201902,광주광역시,관광유원시설,4.0
201902,광주광역시,골프장,782.0
201902,광주광역시,기타레저,2765.0
201902,광주광역시,문화서비스,21812.0
201902,광주광역시,의료관광,42093.0
201902,광주광역시,뷰티,12595.0
201902,광주광역시,일반외식업,85388.0
201902,광주광역시,제과음료업,8638.0
201902,대전광역시,관광총소비,1835256.0
201902,대전광역시,호텔,405324.0
201902,대전광역시,기타숙박,53689.0
201902,대전광역시,육상운송,658498.0
201902,대전광역시,렌터카,981.0
201902,대전광역시,기타관광쇼핑,103136.0
201902,대전광역시,레저용품쇼핑,9372.0
201902,대전광역시,대형쇼핑몰,262086.0
201902,대전광역시,관광유원시설,391.0
201902,대전광역시,골프장,8643.0
201902,대전광역시,기타레저,6596.0
201902,대전광역시,문화서비스,519.0
201902,대전광역시,의료관광,72688.0
201902,대전광역시,뷰티,60588.0
201902,대전광역시,일반외식업,175700.0
201902,대전광역시,제과음료업,17045.0
201902,울산광역시,관광총소비,973444.0
201902,울산광역시,호텔,503569.0
201902,울산광역시,기타숙박,24945.0
201902,울산광역시,여행업,1270.0
201902,울산광역시,육상운송,14376.0
201902,울산광역시,렌터카,2160.0
201902,울산광역시,기타관광쇼핑,54723.0
201902,울산광역시,레저용품쇼핑,8822.0
201902,울산광역시,대형쇼핑몰,193917.0
201902,울산광역시,골프장,741.0
201902,울산광역시,기타레저,772.0
201902,울산광역시,문화서비스,355.0
201902,울산광역시,의료관광,27082.0
201902,울산광역시,뷰티,15954.0
201902,울산광역시,일반외식업,117222.0
201902,울산광역시,제과음료업,7535.0
201902,세종특별자치시,관광총소비,50162.0
201902,세종특별자치시,캠핑장/펜션,50.0
201902,세종특별자치시,기타숙박,2787.0
201902,세종특별자치시,육상운송,1629.0
201902,세종특별자치시,기타관광쇼핑,8687.0
201902,세종특별자치시,레저용품쇼핑,205.0
201902,세종특별자치시,대형쇼핑몰,16357.0
201902,세종특별자치시,골프장,805.0
201902,세종특별자치시,기타레저,666.0
201902,세종특별자치시,문화서비스,10.0
201902,세종특별자치시,의료관광,910.0
201902,세종특별자치시,뷰티,1104.0
201902,세종특별자치시,일반외식업,15035.0
201902,세종특별자치시,제과음료업,1918.0
201902,경기도,관광총소비,2.7309415E7
201902,경기도,호텔,2106481.0
201902,경기도,콘도,90753.0
201902,경기도,캠핑장/펜션,11197.0
201902,경기도,기타숙박,4117189.0
201902,경기도,여행업,50883.0
201902,경기도,육상운송,234233.0
201902,경기도,수상운송,1040.0
201902,경기도,렌터카,82035.0
201902,경기도,면세점,692.0
201902,경기도,기타관광쇼핑,5034142.0
201902,경기도,레저용품쇼핑,660865.0
201902,경기도,대형쇼핑몰,6910263.0
201902,경기도,관광유원시설,166028.0
201902,경기도,골프장,58104.0
201902,경기도,스키장,33618.0
201902,경기도,기타레저,177699.0
201902,경기도,문화서비스,21068.0
201902,경기도,의료관광,1520115.0
201902,경기도,뷰티,586571.0
201902,경기도,일반외식업,5096971.0
201902,경기도,제과음료업,349466.0
201902,충청북도,관광총소비,951389.0
201902,충청북도,호텔,44950.0
201902,충청북도,캠핑장/펜션,5945.0
201902,충청북도,기타숙박,432231.0
201902,충청북도,여행업,1947.0
201902,충청북도,육상운송,27140.0
201902,충청북도,렌터카,3056.0
201902,충청북도,기타관광쇼핑,112957.0
201902,충청북도,레저용품쇼핑,13244.0
201902,충청북도,대형쇼핑몰,128848.0
201902,충청북도,관광유원시설,12.0
201902,충청북도,골프장,1390.0
201902,충청북도,기타레저,4550.0
201902,충청북도,문화서비스,376.0
201902,충청북도,의료관광,29945.0
201902,충청북도,뷰티,10577.0
201902,충청북도,일반외식업,124756.0
201902,충청북도,제과음료업,9465.0
201902,충청남도,관광총소비,1389798.0
201902,충청남도,호텔,346447.0
201902,충청남도,콘도,6538.0
201902,충청남도,캠핑장/펜션,2324.0
201902,충청남도,기타숙박,154373.0
201902,충청남도,여행업,10565.0
201902,충청남도,육상운송,36624.0
201902,충청남도,수상운송,56.0
201902,충청남도,항공운송,76.0
201902,충청남도,렌터카,10621.0
201902,충청남도,기타관광쇼핑,205260.0
201902,충청남도,레저용품쇼핑,19307.0
201902,충청남도,대형쇼핑몰,269293.0
201902,충청남도,관광유원시설,182.0
201902,충청남도,골프장,879.0
201902,충청남도,기타레저,10964.0
201902,충청남도,문화서비스,744.0
201902,충청남도,의료관광,87687.0
201902,충청남도,뷰티,18657.0
201902,충청남도,일반외식업,185304.0
201902,충청남도,제과음료업,23899.0
201902,전라남도,관광총소비,534572.0
201902,전라남도,호텔,109541.0
201902,전라남도,콘도,465.0
201902,전라남도,캠핑장/펜션,858.0
201902,전라남도,기타숙박,63562.0
201902,전라남도,육상운송,16714.0
201902,전라남도,수상운송,265.0
201902,전라남도,렌터카,2897.0
201902,전라남도,기타관광쇼핑,72272.0
201902,전라남도,레저용품쇼핑,10324.0
201902,전라남도,대형쇼핑몰,119303.0
201902,전라남도,관광유원시설,379.0
201902,전라남도,골프장,5806.0
201902,전라남도,기타레저,2537.0
201902,전라남도,문화서비스,206.0
201902,전라남도,의료관광,6504.0
201902,전라남도,뷰티,15428.0
201902,전라남도,일반외식업,72118.0
201902,전라남도,제과음료업,35391.0
201902,경상북도,관광총소비,1310163.0
201902,경상북도,호텔,319763.0
201902,경상북도,콘도,4356.0
201902,경상북도,캠핑장/펜션,2340.0
201902,경상북도,기타숙박,148709.0
201902,경상북도,여행업,96.0
201902,경상북도,육상운송,40476.0
201902,경상북도,수상운송,7.0
201902,경상북도,렌터카,3210.0
201902,경상북도,기타관광쇼핑,189806.0
201902,경상북도,레저용품쇼핑,15374.0
201902,경상북도,대형쇼핑몰,145454.0
201902,경상북도,관광유원시설,886.0
201902,경상북도,골프장,7338.0
201902,경상북도,기타레저,7969.0
201902,경상북도,문화서비스,1051.0
201902,경상북도,의료관광,31433.0
201902,경상북도,뷰티,42155.0
201902,경상북도,일반외식업,322813.0
201902,경상북도,제과음료업,26926.0
201902,경상남도,관광총소비,2679668.0
201902,경상남도,호텔,562679.0
201902,경상남도,콘도,434.0
201902,경상남도,캠핑장/펜션,1710.0
201902,경상남도,기타숙박,343236.0
201902,경상남도,여행업,72.0
201902,경상남도,육상운송,58597.0
201902,경상남도,수상운송,105.0
201902,경상남도,렌터카,7882.0
201902,경상남도,면세점,4269.0
201902,경상남도,기타관광쇼핑,215858.0
201902,경상남도,레저용품쇼핑,28154.0
201902,경상남도,대형쇼핑몰,701076.0
201902,경상남도,관광유원시설,48.0
201902,경상남도,골프장,24660.0
201902,경상남도,기타레저,18518.0
201902,경상남도,문화서비스,729.0
201902,경상남도,의료관광,107806.0
201902,경상남도,뷰티,42413.0
201902,경상남도,일반외식업,530585.0
201902,경상남도,제과음료업,30837.0
201902,제주특별자치도,관광총소비,1.5615232E7
201902,제주특별자치도,호텔,981212.0
201902,제주특별자치도,콘도,2220035.0
201902,제주특별자치도,캠핑장/펜션,27733.0
201902,제주특별자치도,기타숙박,808855.0
201902,제주특별자치도,여행업,52168.0
201902,제주특별자치도,육상운송,28413.0
201902,제주특별자치도,수상운송,13574.0
201902,제주특별자치도,항공운송,128704.0
201902,제주특별자치도,렌터카,96150.0
201902,제주특별자치도,면세점,2899352.0
201902,제주특별자치도,기타관광쇼핑,3869548.0
201902,제주특별자치도,레저용품쇼핑,276293.0
201902,제주특별자치도,대형쇼핑몰,488502.0
201902,제주특별자치도,관광유원시설,16479.0
201902,제주특별자치도,골프장,48322.0
201902,제주특별자치도,기타레저,70840.0
201902,제주특별자치도,문화서비스,73608.0
201902,제주특별자치도,의료관광,224481.0
201902,제주특별자치도,뷰티,1535711.0
201902,제주특별자치도,일반외식업,1607145.0
201902,제주특별자치도,제과음료업,148107.0
201902,강원특별자치도,관광총소비,4121744.0
201902,강원특별자치도,호텔,1456552.0
201902,강원특별자치도,콘도,433307.0
201902,강원특별자치도,캠핑장/펜션,58243.0
201902,강원특별자치도,기타숙박,92447.0
201902,강원특별자치도,여행업,17394.0
201902,강원특별자치도,육상운송,30659.0
201902,강원특별자치도,수상운송,18.0
201902,강원특별자치도,렌터카,2220.0
201902,강원특별자치도,기타관광쇼핑,222271.0
201902,강원특별자치도,레저용품쇼핑,213964.0
201902,강원특별자치도,대형쇼핑몰,96144.0
201902,강원특별자치도,관광유원시설,243.0
201902,강원특별자치도,골프장,49940.0
201902,강원특별자치도,기타레저,893280.0
201902,강원특별자치도,문화서비스,2307.0
201902,강원특별자치도,의료관광,37265.0
201902,강원특별자치도,뷰티,26534.0
201902,강원특별자치도,일반외식업,455725.0
201902,강원특별자치도,제과음료업,33233.0
201902,전북특별자치도,관광총소비,960206.0
201902,전북특별자치도,호텔,33139.0
201902,전북특별자치도,콘도,1359.0
201902,전북특별자치도,캠핑장/펜션,1506.0
201902,전북특별자치도,기타숙박,140087.0
201902,전북특별자치도,여행업,2839.0
201902,전북특별자치도,육상운송,15185.0
201902,전북특별자치도,항공운송,22763.0
201902,전북특별자치도,렌터카,2090.0
201902,전북특별자치도,기타관광쇼핑,110378.0
201902,전북특별자치도,레저용품쇼핑,25338.0
201902,전북특별자치도,대형쇼핑몰,261509.0
201902,전북특별자치도,골프장,1916.0
201902,전북특별자치도,기타레저,6854.0
201902,전북특별자치도,문화서비스,22710.0
201902,전북특별자치도,의료관광,69623.0
201902,전북특별자치도,뷰티,18835.0
201902,전북특별자치도,일반외식업,201089.0
201902,전북특별자치도,제과음료업,22984.0
201902,기타(지역 미분류),관광총소비,8.3675951E7
201902,기타(지역 미분류),호텔,2.5376387E7
201902,기타(지역 미분류),콘도,1220074.0
201902,기타(지역 미분류),캠핑장/펜션,213746.0
201902,기타(지역 미분류),기타숙박,9455810.0
201902,기타(지역 미분류),여행업,870436.0
201902,기타(지역 미분류),육상운송,2497757.0
201902,기타(지역 미분류),수상운송,3348.0
201902,기타(지역 미분류),항공운송,2.0657656E7
201902,기타(지역 미분류),렌터카,232756.0
201902,기타(지역 미분류),면세점,1.2704044E7
201902,기타(지역 미분류),기타관광쇼핑,19307.0
201902,기타(지역 미분류),레저용품쇼핑,407893.0
201902,기타(지역 미분류),관광유원시설,6360.0
201902,기타(지역 미분류),골프장,158846.0
201902,기타(지역 미분류),기타레저,79244.0
201902,기타(지역 미분류),문화서비스,131350.0
201902,기타(지역 미분류),의료관광,4094931.0
201902,기타(지역 미분류),뷰티,331995.0
201902,기타(지역 미분류),일반외식업,4376455.0
201902,기타(지역 미분류),제과음료업,837556.0
201903,서울특별시,관광총소비,3.50771896E8
201903,서울특별시,호텔,5.6672281E7
201903,서울특별시,콘도,82288.0
201903,서울특별시,캠핑장/펜션,172975.0
201903,서울특별시,기타숙박,8174368.0
201903,서울특별시,여행업,505585.0
201903,서울특별시,육상운송,7331442.0
201903,서울특별시,수상운송,9427.0
201903,서울특별시,항공운송,991193.0
201903,서울특별시,렌터카,56080.0
201903,서울특별시,면세점,4.2653755E7
201903,서울특별시,기타관광쇼핑,5.8549287E7
201903,서울특별시,레저용품쇼핑,4047407.0
201903,서울특별시,대형쇼핑몰,7.0643909E7
201903,서울특별시,카지노,2.5406394E7
201903,서울특별시,관광유원시설,4928.0
201903,서울특별시,골프장,30838.0
201903,서울특별시,기타레저,652324.0
201903,서울특별시,문화서비스,517930.0
201903,서울특별시,의료관광,2.0364243E7
201903,서울특별시,뷰티,2.5067513E7
201903,서울특별시,일반외식업,2.4807727E7
201903,서울특별시,제과음료업,4030001.0
201903,부산광역시,관광총소비,3.2091182E7
201903,부산광역시,호텔,2852075.0
201903,부산광역시,콘도,983.0
201903,부산광역시,캠핑장/펜션,14510.0
201903,부산광역시,기타숙박,892123.0
201903,부산광역시,여행업,2355.0
201903,부산광역시,육상운송,163837.0
201903,부산광역시,수상운송,8831.0
201903,부산광역시,항공운송,31652.0
201903,부산광역시,렌터카,10598.0
201903,부산광역시,면세점,3379973.0
201903,부산광역시,기타관광쇼핑,3247762.0
201903,부산광역시,레저용품쇼핑,234712.0
201903,부산광역시,대형쇼핑몰,7905971.0
201903,부산광역시,카지노,8421911.0
201903,부산광역시,관광유원시설,31964.0
201903,부산광역시,골프장,18509.0
201903,부산광역시,기타레저,108479.0
201903,부산광역시,문화서비스,7104.0
201903,부산광역시,의료관광,1178858.0
201903,부산광역시,뷰티,1766710.0
201903,부산광역시,일반외식업,1639918.0
201903,부산광역시,제과음료업,172347.0
201903,대구광역시,관광총소비,5296125.0
201903,대구광역시,호텔,1625380.0
201903,대구광역시,캠핑장/펜션,2565.0
201903,대구광역시,기타숙박,198518.0
201903,대구광역시,여행업,5790.0
201903,대구광역시,육상운송,25121.0
201903,대구광역시,항공운송,8496.0
201903,대구광역시,렌터카,5932.0
201903,대구광역시,기타관광쇼핑,1506064.0
201903,대구광역시,레저용품쇼핑,75039.0
201903,대구광역시,대형쇼핑몰,878838.0
201903,대구광역시,관광유원시설,32939.0
201903,대구광역시,골프장,2311.0
201903,대구광역시,기타레저,75228.0
201903,대구광역시,문화서비스,6737.0
201903,대구광역시,의료관광,147508.0
201903,대구광역시,뷰티,86801.0
201903,대구광역시,일반외식업,534388.0
201903,대구광역시,제과음료업,78472.0
201903,인천광역시,관광총소비,3.9330686E7
201903,인천광역시,호텔,1.4134889E7
201903,인천광역시,캠핑장/펜션,7599.0
201903,인천광역시,기타숙박,560432.0
201903,인천광역시,여행업,8433.0
201903,인천광역시,육상운송,154260.0
201903,인천광역시,수상운송,280.0
201903,인천광역시,항공운송,93350.0
201903,인천광역시,렌터카,257476.0
201903,인천광역시,면세점,1.7439812E7
201903,인천광역시,기타관광쇼핑,955794.0
201903,인천광역시,레저용품쇼핑,35112.0
201903,인천광역시,대형쇼핑몰,2127695.0
201903,인천광역시,관광유원시설,93.0
201903,인천광역시,골프장,35538.0
201903,인천광역시,기타레저,66810.0
201903,인천광역시,문화서비스,2518.0
201903,인천광역시,의료관광,779614.0
201903,인천광역시,뷰티,109399.0
201903,인천광역시,일반외식업,1840456.0
201903,인천광역시,제과음료업,721125.0
201903,광주광역시,관광총소비,989186.0
201903,광주광역시,호텔,52841.0
201903,광주광역시,캠핑장/펜션,120.0
201903,광주광역시,기타숙박,198381.0
201903,광주광역시,여행업,918.0
201903,광주광역시,육상운송,5135.0
201903,광주광역시,렌터카,1400.0
201903,광주광역시,기타관광쇼핑,129913.0
201903,광주광역시,레저용품쇼핑,23526.0
201903,광주광역시,대형쇼핑몰,296126.0
201903,광주광역시,관광유원시설,32.0
201903,광주광역시,골프장,109.0
201903,광주광역시,기타레저,8293.0
201903,광주광역시,문화서비스,31731.0
201903,광주광역시,의료관광,33722.0
201903,광주광역시,뷰티,28209.0
201903,광주광역시,일반외식업,160889.0
201903,광주광역시,제과음료업,17840.0
201903,대전광역시,관광총소비,2290032.0
201903,대전광역시,호텔,319556.0
201903,대전광역시,캠핑장/펜션,35.0
201903,대전광역시,기타숙박,75132.0
201903,대전광역시,여행업,7140.0
201903,대전광역시,육상운송,971156.0
201903,대전광역시,렌터카,795.0
201903,대전광역시,기타관광쇼핑,194131.0
201903,대전광역시,레저용품쇼핑,15744.0
201903,대전광역시,대형쇼핑몰,234601.0
201903,대전광역시,관광유원시설,555.0
201903,대전광역시,골프장,42770.0
201903,대전광역시,기타레저,16228.0
201903,대전광역시,문화서비스,1508.0
201903,대전광역시,의료관광,64228.0
201903,대전광역시,뷰티,82399.0
201903,대전광역시,일반외식업,234720.0
201903,대전광역시,제과음료업,29335.0
201903,울산광역시,관광총소비,1341163.0
201903,울산광역시,호텔,635291.0
201903,울산광역시,캠핑장/펜션,294.0
201903,울산광역시,기타숙박,25616.0
201903,울산광역시,여행업,2883.0
201903,울산광역시,육상운송,16007.0
201903,울산광역시,렌터카,1600.0
201903,울산광역시,기타관광쇼핑,136830.0
201903,울산광역시,레저용품쇼핑,4459.0
201903,울산광역시,대형쇼핑몰,289975.0
201903,울산광역시,관광유원시설,21.0
201903,울산광역시,골프장,1884.0
201903,울산광역시,기타레저,2908.0
201903,울산광역시,문화서비스,223.0
201903,울산광역시,의료관광,30077.0
201903,울산광역시,뷰티,13053.0
201903,울산광역시,일반외식업,169129.0
201903,울산광역시,제과음료업,10914.0
201903,세종특별자치시,관광총소비,89816.0
201903,세종특별자치시,기타숙박,45.0
201903,세종특별자치시,육상운송,3545.0
201903,세종특별자치시,기타관광쇼핑,18304.0
201903,세종특별자치시,레저용품쇼핑,448.0
201903,세종특별자치시,대형쇼핑몰,28563.0
201903,세종특별자치시,골프장,1454.0
201903,세종특별자치시,기타레저,1245.0
201903,세종특별자치시,문화서비스,108.0
201903,세종특별자치시,의료관광,2988.0
201903,세종특별자치시,뷰티,2151.0
201903,세종특별자치시,일반외식업,27680.0
201903,세종특별자치시,제과음료업,3284.0
201903,경기도,관광총소비,3.4753188E7
201903,경기도,호텔,3231402.0
201903,경기도,콘도,27265.0
201903,경기도,캠핑장/펜션,36249.0
201903,경기도,기타숙박,6222817.0
201903,경기도,여행업,106637.0
201903,경기도,육상운송,272890.0
201903,경기도,수상운송,3619.0
201903,경기도,렌터카,126223.0
201903,경기도,면세점,2500.0
201903,경기도,기타관광쇼핑,6483258.0
201903,경기도,레저용품쇼핑,607259.0
201903,경기도,대형쇼핑몰,7231731.0
201903,경기도,관광유원시설,263578.0
201903,경기도,골프장,277310.0
201903,경기도,스키장,2662.0
201903,경기도,기타레저,186614.0
201903,경기도,문화서비스,42659.0
201903,경기도,의료관광,1864568.0
201903,경기도,뷰티,678199.0
201903,경기도,일반외식업,6610173.0
201903,경기도,제과음료업,475573.0
201903,충청북도,관광총소비,1369482.0
201903,충청북도,호텔,43884.0
201903,충청북도,콘도,119.0
201903,충청북도,캠핑장/펜션,2003.0
201903,충청북도,기타숙박,614825.0
201903,충청북도,여행업,3873.0
201903,충청북도,육상운송,36380.0
201903,충청북도,렌터카,250.0
201903,충청북도,면세점,221.0
201903,충청북도,기타관광쇼핑,172414.0
201903,충청북도,레저용품쇼핑,14324.0
201903,충청북도,대형쇼핑몰,199509.0
201903,충청북도,관광유원시설,16.0
201903,충청북도,골프장,12861.0
201903,충청북도,기타레저,4667.0
201903,충청북도,문화서비스,359.0
201903,충청북도,의료관광,28255.0
201903,충청북도,뷰티,14127.0
201903,충청북도,일반외식업,205741.0
201903,충청북도,제과음료업,15652.0
201903,충청남도,관광총소비,2023935.0
201903,충청남도,호텔,558587.0
201903,충청남도,콘도,6542.0
201903,충청남도,캠핑장/펜션,1074.0
201903,충청남도,기타숙박,259783.0
201903,충청남도,여행업,9145.0
201903,충청남도,육상운송,45474.0
201903,충청남도,수상운송,53.0
201903,충청남도,렌터카,1880.0
201903,충청남도,기타관광쇼핑,284982.0
201903,충청남도,레저용품쇼핑,33323.0
201903,충청남도,대형쇼핑몰,350865.0
201903,충청남도,관광유원시설,248.0
201903,충청남도,골프장,10180.0
201903,충청남도,기타레저,15468.0
201903,충청남도,문화서비스,759.0
201903,충청남도,의료관광,103338.0
201903,충청남도,뷰티,20796.0
201903,충청남도,일반외식업,284507.0
201903,충청남도,제과음료업,36930.0
201903,전라남도,관광총소비,733641.0
201903,전라남도,호텔,165678.0
201903,전라남도,캠핑장/펜션,4139.0
201903,전라남도,기타숙박,76393.0
201903,전라남도,육상운송,14250.0
201903,전라남도,수상운송,580.0
201903,전라남도,렌터카,3138.0
201903,전라남도,기타관광쇼핑,120433.0
201903,전라남도,레저용품쇼핑,20052.0
201903,전라남도,대형쇼핑몰,119238.0
201903,전라남도,관광유원시설,359.0
201903,전라남도,골프장,6563.0
201903,전라남도,기타레저,6420.0
201903,전라남도,문화서비스,575.0
201903,전라남도,의료관광,32989.0
201903,전라남도,뷰티,10634.0
201903,전라남도,일반외식업,106700.0
201903,전라남도,제과음료업,45500.0
201903,경상북도,관광총소비,2016560.0
201903,경상북도,호텔,592387.0
201903,경상북도,콘도,3846.0
201903,경상북도,캠핑장/펜션,5918.0
201903,경상북도,기타숙박,198210.0
201903,경상북도,여행업,4124.0
201903,경상북도,육상운송,45754.0
201903,경상북도,렌터카,3522.0
201903,경상북도,기타관광쇼핑,268423.0
201903,경상북도,레저용품쇼핑,24413.0
201903,경상북도,대형쇼핑몰,190026.0
201903,경상북도,관광유원시설,453.0
201903,경상북도,골프장,9796.0
201903,경상북도,기타레저,9095.0
201903,경상북도,문화서비스,684.0
201903,경상북도,의료관광,83761.0
201903,경상북도,뷰티,55726.0
201903,경상북도,일반외식업,472058.0
201903,경상북도,제과음료업,48364.0
201903,경상남도,관광총소비,3658772.0
201903,경상남도,호텔,790594.0
201903,경상남도,콘도,612.0
201903,경상남도,캠핑장/펜션,4436.0
201903,경상남도,기타숙박,514627.0
201903,경상남도,여행업,5820.0
201903,경상남도,육상운송,82484.0
201903,경상남도,렌터카,8566.0
201903,경상남도,면세점,2639.0
201903,경상남도,기타관광쇼핑,285788.0
201903,경상남도,레저용품쇼핑,28576.0
201903,경상남도,대형쇼핑몰,882461.0
201903,경상남도,관광유원시설,490.0
201903,경상남도,골프장,57835.0
201903,경상남도,기타레저,35213.0
201903,경상남도,문화서비스,1627.0
201903,경상남도,의료관광,128702.0
201903,경상남도,뷰티,32481.0
201903,경상남도,일반외식업,754311.0
201903,경상남도,제과음료업,41509.0
201903,제주특별자치도,관광총소비,1.4320473E7
201903,제주특별자치도,호텔,802332.0
201903,제주특별자치도,콘도,1586935.0
201903,제주특별자치도,캠핑장/펜션,26073.0
201903,제주특별자치도,기타숙박,716562.0
201903,제주특별자치도,여행업,87729.0
201903,제주특별자치도,육상운송,37830.0
201903,제주특별자치도,수상운송,3035.0
201903,제주특별자치도,항공운송,206834.0
201903,제주특별자치도,렌터카,170503.0
201903,제주특별자치도,면세점,2734718.0
201903,제주특별자치도,기타관광쇼핑,4026927.0
201903,제주특별자치도,레저용품쇼핑,287993.0
201903,제주특별자치도,대형쇼핑몰,440687.0
201903,제주특별자치도,관광유원시설,13971.0
201903,제주특별자치도,골프장,101638.0
201903,제주특별자치도,기타레저,54813.0
201903,제주특별자치도,문화서비스,59399.0
201903,제주특별자치도,의료관광,238953.0
201903,제주특별자치도,뷰티,1201454.0
201903,제주특별자치도,일반외식업,1383871.0
201903,제주특별자치도,제과음료업,138214.0
201903,강원특별자치도,관광총소비,1057374.0
201903,강원특별자치도,호텔,192427.0
201903,강원특별자치도,콘도,35376.0
201903,강원특별자치도,캠핑장/펜션,7109.0
201903,강원특별자치도,기타숙박,90340.0
201903,강원특별자치도,여행업,8557.0
201903,강원특별자치도,육상운송,28261.0
201903,강원특별자치도,수상운송,24.0
201903,강원특별자치도,렌터카,2737.0
201903,강원특별자치도,면세점,413.0
201903,강원특별자치도,기타관광쇼핑,170696.0
201903,강원특별자치도,레저용품쇼핑,38614.0
201903,강원특별자치도,대형쇼핑몰,121443.0
201903,강원특별자치도,관광유원시설,247.0
201903,강원특별자치도,골프장,26736.0
201903,강원특별자치도,기타레저,25735.0
201903,강원특별자치도,문화서비스,1551.0
201903,강원특별자치도,의료관광,52459.0
201903,강원특별자치도,뷰티,46388.0
201903,강원특별자치도,일반외식업,187602.0
201903,강원특별자치도,제과음료업,20658.0
201903,전북특별자치도,관광총소비,1367518.0
201903,전북특별자치도,호텔,59698.0
201903,전북특별자치도,콘도,1398.0
201903,전북특별자치도,캠핑장/펜션,159.0
201903,전북특별자치도,기타숙박,187156.0
201903,전북특별자치도,여행업,36.0
201903,전북특별자치도,육상운송,18543.0
201903,전북특별자치도,수상운송,168.0
201903,전북특별자치도,항공운송,43851.0
201903,전북특별자치도,렌터카,589.0
201903,전북특별자치도,기타관광쇼핑,213379.0
201903,전북특별자치도,레저용품쇼핑,30770.0
201903,전북특별자치도,대형쇼핑몰,364645.0
201903,전북특별자치도,골프장,6893.0
201903,전북특별자치도,기타레저,12624.0
201903,전북특별자치도,문화서비스,36218.0
201903,전북특별자치도,의료관광,54430.0
201903,전북특별자치도,뷰티,34524.0
201903,전북특별자치도,일반외식업,267840.0
201903,전북특별자치도,제과음료업,34596.0
201903,기타(지역 미분류),관광총소비,1.03949111E8
201903,기타(지역 미분류),호텔,3.1654097E7
201903,기타(지역 미분류),콘도,871584.0
201903,기타(지역 미분류),캠핑장/펜션,177549.0
201903,기타(지역 미분류),기타숙박,1.1295084E7
201903,기타(지역 미분류),여행업,1065073.0
201903,기타(지역 미분류),육상운송,3910637.0
201903,기타(지역 미분류),수상운송,9590.0
201903,기타(지역 미분류),항공운송,2.4800997E7
201903,기타(지역 미분류),렌터카,382979.0
201903,기타(지역 미분류),면세점,1.6051476E7
201903,기타(지역 미분류),기타관광쇼핑,34713.0
201903,기타(지역 미분류),레저용품쇼핑,556761.0
201903,기타(지역 미분류),관광유원시설,6095.0
201903,기타(지역 미분류),골프장,229462.0
201903,기타(지역 미분류),기타레저,112487.0
201903,기타(지역 미분류),문화서비스,193576.0
201903,기타(지역 미분류),의료관광,5023386.0
201903,기타(지역 미분류),뷰티,456850.0
201903,기타(지역 미분류),일반외식업,5830806.0
201903,기타(지역 미분류),제과음료업,1285908.0
201904,서울특별시,관광총소비,4.08473778E8
201904,서울특별시,호텔,6.7425249E7
201904,서울특별시,콘도,97699.0
201904,서울특별시,캠핑장/펜션,237797.0
201904,서울특별시,기타숙박,1.0370738E7
201904,서울특별시,여행업,1101082.0
201904,서울특별시,육상운송,7868643.0
201904,서울특별시,수상운송,25393.0
201904,서울특별시,항공운송,1100105.0
201904,서울특별시,렌터카,58215.0
201904,서울특별시,면세점,5.2547127E7
201904,서울특별시,기타관광쇼핑,6.8500744E7
201904,서울특별시,레저용품쇼핑,4907070.0
201904,서울특별시,대형쇼핑몰,7.9756078E7
201904,서울특별시,카지노,2.2054921E7
201904,서울특별시,관광유원시설,5609.0
201904,서울특별시,골프장,27447.0
201904,서울특별시,기타레저,665346.0
201904,서울특별시,문화서비스,727603.0
201904,서울특별시,의료관광,2.5900039E7
201904,서울특별시,뷰티,3.1581825E7
201904,서울특별시,일반외식업,2.8968884E7
201904,서울특별시,제과음료업,4546164.0
201904,부산광역시,관광총소비,3.97823E7
201904,부산광역시,호텔,3887292.0
201904,부산광역시,콘도,1797.0
201904,부산광역시,캠핑장/펜션,28242.0
201904,부산광역시,기타숙박,1244831.0
201904,부산광역시,여행업,2148.0
201904,부산광역시,육상운송,177083.0
201904,부산광역시,수상운송,8415.0
201904,부산광역시,항공운송,35660.0
201904,부산광역시,렌터카,9775.0
201904,부산광역시,면세점,4078815.0
201904,부산광역시,기타관광쇼핑,4265141.0
201904,부산광역시,레저용품쇼핑,312086.0
201904,부산광역시,대형쇼핑몰,1.0154701E7
201904,부산광역시,카지노,9052155.0
201904,부산광역시,관광유원시설,58811.0
201904,부산광역시,골프장,21794.0
201904,부산광역시,기타레저,117619.0
201904,부산광역시,문화서비스,11702.0
201904,부산광역시,의료관광,1659050.0
201904,부산광역시,뷰티,2178093.0
201904,부산광역시,일반외식업,2249831.0
201904,부산광역시,제과음료업,227262.0
201904,대구광역시,관광총소비,6153466.0
201904,대구광역시,호텔,1670090.0
201904,대구광역시,캠핑장/펜션,4290.0
201904,대구광역시,기타숙박,235892.0
201904,대구광역시,여행업,1886.0
201904,대구광역시,육상운송,21909.0
201904,대구광역시,항공운송,4063.0
201904,대구광역시,렌터카,6414.0
201904,대구광역시,기타관광쇼핑,2001970.0
201904,대구광역시,레저용품쇼핑,78062.0
201904,대구광역시,대형쇼핑몰,1014400.0
201904,대구광역시,관광유원시설,41247.0
201904,대구광역시,골프장,1832.0
201904,대구광역시,기타레저,52384.0
201904,대구광역시,문화서비스,14931.0
201904,대구광역시,의료관광,241968.0
201904,대구광역시,뷰티,88156.0
201904,대구광역시,일반외식업,567001.0
201904,대구광역시,제과음료업,106973.0
201904,인천광역시,관광총소비,4.6908056E7
201904,인천광역시,호텔,1.8086602E7
201904,인천광역시,캠핑장/펜션,8260.0
201904,인천광역시,기타숙박,644678.0
201904,인천광역시,여행업,904.0
201904,인천광역시,육상운송,160606.0
201904,인천광역시,수상운송,134.0
201904,인천광역시,항공운송,109159.0
201904,인천광역시,렌터카,279849.0
201904,인천광역시,면세점,1.9631394E7
201904,인천광역시,기타관광쇼핑,1215461.0
201904,인천광역시,레저용품쇼핑,77692.0
201904,인천광역시,대형쇼핑몰,2495391.0
201904,인천광역시,관광유원시설,448.0
201904,인천광역시,골프장,86413.0
201904,인천광역시,기타레저,67004.0
201904,인천광역시,문화서비스,2540.0
201904,인천광역시,의료관광,906773.0
201904,인천광역시,뷰티,132961.0
201904,인천광역시,일반외식업,2218537.0
201904,인천광역시,제과음료업,783250.0
201904,광주광역시,관광총소비,1048746.0
201904,광주광역시,호텔,43099.0
201904,광주광역시,캠핑장/펜션,680.0
201904,광주광역시,기타숙박,200893.0
201904,광주광역시,육상운송,4273.0
201904,광주광역시,렌터카,1010.0
201904,광주광역시,기타관광쇼핑,131227.0
201904,광주광역시,레저용품쇼핑,47914.0
201904,광주광역시,대형쇼핑몰,298205.0
201904,광주광역시,관광유원시설,449.0
201904,광주광역시,골프장,727.0
201904,광주광역시,기타레저,5410.0
201904,광주광역시,문화서비스,50990.0
201904,광주광역시,의료관광,62916.0
201904,광주광역시,뷰티,19215.0
201904,광주광역시,일반외식업,164110.0
201904,광주광역시,제과음료업,17628.0
201904,대전광역시,관광총소비,2812370.0
201904,대전광역시,호텔,411264.0
201904,대전광역시,캠핑장/펜션,35.0
201904,대전광역시,기타숙박,96879.0
201904,대전광역시,육상운송,1350762.0
201904,대전광역시,렌터카,3375.0
201904,대전광역시,기타관광쇼핑,193707.0
201904,대전광역시,레저용품쇼핑,30393.0
201904,대전광역시,대형쇼핑몰,250826.0
201904,대전광역시,관광유원시설,700.0
201904,대전광역시,골프장,16250.0
201904,대전광역시,기타레저,11336.0
201904,대전광역시,문화서비스,2221.0
201904,대전광역시,의료관광,90353.0
201904,대전광역시,뷰티,80281.0
201904,대전광역시,일반외식업,241987.0
201904,대전광역시,제과음료업,32000.0
201904,울산광역시,관광총소비,1141800.0
201904,울산광역시,호텔,512963.0
201904,울산광역시,캠핑장/펜션,229.0
201904,울산광역시,기타숙박,30684.0
201904,울산광역시,여행업,363.0
201904,울산광역시,육상운송,14059.0
201904,울산광역시,렌터카,2950.0
201904,울산광역시,면세점,757.0
201904,울산광역시,기타관광쇼핑,82884.0
201904,울산광역시,레저용품쇼핑,3959.0
201904,울산광역시,대형쇼핑몰,258085.0
201904,울산광역시,골프장,3163.0
201904,울산광역시,기타레저,1671.0
201904,울산광역시,문화서비스,451.0
201904,울산광역시,의료관광,38972.0
201904,울산광역시,뷰티,19302.0
201904,울산광역시,일반외식업,161679.0
201904,울산광역시,제과음료업,9630.0
201904,세종특별자치시,관광총소비,91444.0
201904,세종특별자치시,캠핑장/펜션,1635.0
201904,세종특별자치시,기타숙박,145.0
201904,세종특별자치시,육상운송,1823.0
201904,세종특별자치시,기타관광쇼핑,21749.0
201904,세종특별자치시,레저용품쇼핑,178.0
201904,세종특별자치시,대형쇼핑몰,25731.0
201904,세종특별자치시,골프장,1796.0
201904,세종특별자치시,기타레저,727.0
201904,세종특별자치시,문화서비스,213.0
201904,세종특별자치시,의료관광,4074.0
201904,세종특별자치시,뷰티,3817.0
201904,세종특별자치시,일반외식업,25632.0
201904,세종특별자치시,제과음료업,3923.0
201904,경기도,관광총소비,3.8509693E7
201904,경기도,호텔,3481900.0
201904,경기도,콘도,2252.0
201904,경기도,캠핑장/펜션,31288.0
201904,경기도,기타숙박,5661367.0
201904,경기도,여행업,93494.0
201904,경기도,육상운송,323081.0
201904,경기도,수상운송,6520.0
201904,경기도,렌터카,184274.0
201904,경기도,면세점,499.0
201904,경기도,기타관광쇼핑,8444233.0
201904,경기도,레저용품쇼핑,615249.0
201904,경기도,대형쇼핑몰,8460289.0
201904,경기도,관광유원시설,494856.0
201904,경기도,골프장,439129.0
201904,경기도,기타레저,208732.0
201904,경기도,문화서비스,50629.0
201904,경기도,의료관광,2235722.0
201904,경기도,뷰티,732707.0
201904,경기도,일반외식업,6569499.0
201904,경기도,제과음료업,473973.0
201904,충청북도,관광총소비,1325782.0
201904,충청북도,호텔,75446.0
201904,충청북도,콘도,93.0
201904,충청북도,캠핑장/펜션,6097.0
201904,충청북도,기타숙박,445174.0
201904,충청북도,육상운송,33584.0
201904,충청북도,렌터카,272.0
201904,충청북도,면세점,2195.0
201904,충청북도,기타관광쇼핑,185839.0
201904,충청북도,레저용품쇼핑,25003.0
201904,충청북도,대형쇼핑몰,208505.0
201904,충청북도,관광유원시설,94.0
201904,충청북도,골프장,21958.0
201904,충청북도,기타레저,10013.0
201904,충청북도,문화서비스,439.0
201904,충청북도,의료관광,51485.0
201904,충청북도,뷰티,16588.0
201904,충청북도,일반외식업,225009.0
201904,충청북도,제과음료업,17988.0
201904,충청남도,관광총소비,1900987.0
201904,충청남도,호텔,482768.0
201904,충청남도,콘도,3967.0
201904,충청남도,캠핑장/펜션,557.0
201904,충청남도,기타숙박,197750.0
201904,충청남도,여행업,439.0
201904,충청남도,육상운송,53390.0
201904,충청남도,수상운송,28.0
201904,충청남도,항공운송,219.0
201904,충청남도,렌터카,14495.0
201904,충청남도,기타관광쇼핑,295891.0
201904,충청남도,레저용품쇼핑,24071.0
201904,충청남도,대형쇼핑몰,289109.0
201904,충청남도,관광유원시설,514.0
201904,충청남도,골프장,16949.0
201904,충청남도,기타레저,10739.0
201904,충청남도,문화서비스,914.0
201904,충청남도,의료관광,144003.0
201904,충청남도,뷰티,30743.0
201904,충청남도,일반외식업,294627.0
201904,충청남도,제과음료업,39816.0
201904,전라남도,관광총소비,785416.0
201904,전라남도,호텔,157826.0
201904,전라남도,콘도,1187.0
201904,전라남도,캠핑장/펜션,8057.0
201904,전라남도,기타숙박,84944.0
201904,전라남도,여행업,15.0
201904,전라남도,육상운송,19473.0
201904,전라남도,수상운송,696.0
201904,전라남도,렌터카,616.0
201904,전라남도,기타관광쇼핑,117774.0
201904,전라남도,레저용품쇼핑,15179.0
201904,전라남도,대형쇼핑몰,119135.0
201904,전라남도,관광유원시설,819.0
201904,전라남도,골프장,12905.0
201904,전라남도,기타레저,11096.0
201904,전라남도,문화서비스,1872.0
201904,전라남도,의료관광,17744.0
201904,전라남도,뷰티,15620.0
201904,전라남도,일반외식업,147221.0
201904,전라남도,제과음료업,53238.0
201904,경상북도,관광총소비,2366878.0
201904,경상북도,호텔,650741.0
201904,경상북도,콘도,8645.0
201904,경상북도,캠핑장/펜션,21332.0
201904,경상북도,기타숙박,283873.0
201904,경상북도,여행업,1523.0
201904,경상북도,육상운송,57796.0
201904,경상북도,수상운송,246.0
201904,경상북도,렌터카,3826.0
201904,경상북도,기타관광쇼핑,346610.0
201904,경상북도,레저용품쇼핑,26218.0
201904,경상북도,대형쇼핑몰,191054.0
201904,경상북도,관광유원시설,1394.0
201904,경상북도,골프장,19446.0
201904,경상북도,기타레저,20334.0
201904,경상북도,문화서비스,2022.0
201904,경상북도,의료관광,55376.0
201904,경상북도,뷰티,62774.0
201904,경상북도,일반외식업,544839.0
201904,경상북도,제과음료업,68830.0
201904,경상남도,관광총소비,3734961.0
201904,경상남도,호텔,663115.0
201904,경상남도,콘도,2195.0
201904,경상남도,캠핑장/펜션,7517.0
201904,경상남도,기타숙박,492269.0
201904,경상남도,여행업,1539.0
201904,경상남도,육상운송,83488.0
201904,경상남도,수상운송,195.0
201904,경상남도,렌터카,3613.0
201904,경상남도,면세점,113.0
201904,경상남도,기타관광쇼핑,315427.0
201904,경상남도,레저용품쇼핑,41140.0
201904,경상남도,대형쇼핑몰,981501.0
201904,경상남도,관광유원시설,204.0
201904,경상남도,골프장,62905.0
201904,경상남도,기타레저,39402.0
201904,경상남도,문화서비스,6211.0
201904,경상남도,의료관광,206846.0
201904,경상남도,뷰티,46371.0
201904,경상남도,일반외식업,739002.0
201904,경상남도,제과음료업,41909.0
201904,제주특별자치도,관광총소비,2.0056494E7
201904,제주특별자치도,호텔,1722540.0
201904,제주특별자치도,콘도,2077465.0
201904,제주특별자치도,캠핑장/펜션,60514.0
201904,제주특별자치도,기타숙박,1515892.0
201904,제주특별자치도,여행업,28043.0
201904,제주특별자치도,육상운송,61734.0
201904,제주특별자치도,수상운송,14749.0
201904,제주특별자치도,항공운송,259148.0
201904,제주특별자치도,렌터카,308297.0
201904,제주특별자치도,면세점,3562079.0
201904,제주특별자치도,기타관광쇼핑,4482878.0
201904,제주특별자치도,레저용품쇼핑,449839.0
201904,제주특별자치도,대형쇼핑몰,654875.0
201904,제주특별자치도,관광유원시설,20993.0
201904,제주특별자치도,골프장,244039.0
201904,제주특별자치도,기타레저,92378.0
201904,제주특별자치도,문화서비스,115905.0
201904,제주특별자치도,의료관광,404367.0
201904,제주특별자치도,뷰티,1398508.0
201904,제주특별자치도,일반외식업,2355021.0
201904,제주특별자치도,제과음료업,227228.0
201904,강원특별자치도,관광총소비,1320073.0
201904,강원특별자치도,호텔,106983.0
201904,강원특별자치도,콘도,63257.0
201904,강원특별자치도,캠핑장/펜션,8350.0
201904,강원특별자치도,기타숙박,174345.0
201904,강원특별자치도,여행업,3094.0
201904,강원특별자치도,육상운송,39919.0
201904,강원특별자치도,수상운송,168.0
201904,강원특별자치도,렌터카,10210.0
201904,강원특별자치도,면세점,12459.0
201904,강원특별자치도,기타관광쇼핑,265461.0
201904,강원특별자치도,레저용품쇼핑,35364.0
201904,강원특별자치도,대형쇼핑몰,144562.0
201904,강원특별자치도,관광유원시설,1016.0
201904,강원특별자치도,골프장,45811.0
201904,강원특별자치도,기타레저,32449.0
201904,강원특별자치도,문화서비스,10083.0
201904,강원특별자치도,의료관광,41639.0
201904,강원특별자치도,뷰티,37584.0
201904,강원특별자치도,일반외식업,260305.0
201904,강원특별자치도,제과음료업,27012.0
201904,전북특별자치도,관광총소비,1551171.0
201904,전북특별자치도,호텔,74563.0
201904,전북특별자치도,콘도,7786.0
201904,전북특별자치도,캠핑장/펜션,917.0
201904,전북특별자치도,기타숙박,186056.0
201904,전북특별자치도,여행업,545.0
201904,전북특별자치도,육상운송,33499.0
201904,전북특별자치도,수상운송,116.0
201904,전북특별자치도,항공운송,43791.0
201904,전북특별자치도,렌터카,2848.0
201904,전북특별자치도,기타관광쇼핑,256605.0
201904,전북특별자치도,레저용품쇼핑,37118.0
201904,전북특별자치도,대형쇼핑몰,385718.0
201904,전북특별자치도,골프장,8822.0
201904,전북특별자치도,기타레저,26521.0
201904,전북특별자치도,문화서비스,42767.0
201904,전북특별자치도,의료관광,56617.0
201904,전북특별자치도,뷰티,35376.0
201904,전북특별자치도,일반외식업,308915.0
201904,전북특별자치도,제과음료업,42589.0
201904,기타(지역 미분류),관광총소비,1.14219735E8
201904,기타(지역 미분류),호텔,3.565747E7
201904,기타(지역 미분류),콘도,831406.0
201904,기타(지역 미분류),캠핑장/펜션,211278.0
201904,기타(지역 미분류),기타숙박,1.3564558E7
201904,기타(지역 미분류),여행업,1049798.0
201904,기타(지역 미분류),육상운송,4532062.0
201904,기타(지역 미분류),수상운송,8975.0
201904,기타(지역 미분류),항공운송,2.5243386E7
201904,기타(지역 미분류),렌터카,239426.0
201904,기타(지역 미분류),면세점,1.6443072E7
201904,기타(지역 미분류),기타관광쇼핑,34985.0
201904,기타(지역 미분류),레저용품쇼핑,832763.0
201904,기타(지역 미분류),관광유원시설,12366.0
201904,기타(지역 미분류),골프장,381216.0
201904,기타(지역 미분류),기타레저,112746.0
201904,기타(지역 미분류),문화서비스,282399.0
201904,기타(지역 미분류),의료관광,5967822.0
201904,기타(지역 미분류),뷰티,537322.0
201904,기타(지역 미분류),일반외식업,6775417.0
201904,기타(지역 미분류),제과음료업,1501267.0
201905,서울특별시,관광총소비,4.20529105E8
201905,서울특별시,호텔,6.5755144E7
201905,서울특별시,콘도,79605.0
201905,서울특별시,캠핑장/펜션,198386.0
201905,서울특별시,기타숙박,9345595.0
201905,서울특별시,여행업,664520.0
201905,서울특별시,육상운송,7886079.0
201905,서울특별시,수상운송,36788.0
201905,서울특별시,항공운송,1259095.0
201905,서울특별시,렌터카,96061.0
201905,서울특별시,면세점,6.3492846E7
201905,서울특별시,기타관광쇼핑,6.4706164E7
201905,서울특별시,레저용품쇼핑,4631287.0
201905,서울특별시,대형쇼핑몰,8.8290813E7
201905,서울특별시,카지노,2.5232371E7
201905,서울특별시,관광유원시설,6707.0
201905,서울특별시,골프장,24031.0
201905,서울특별시,스키장,110.0
201905,서울특별시,기타레저,807881.0
201905,서울특별시,문화서비스,503099.0
201905,서울특별시,의료관광,2.4154548E7
201905,서울특별시,뷰티,2.8554835E7
201905,서울특별시,일반외식업,3.0213819E7
201905,서울특별시,제과음료업,4589322.0
201905,부산광역시,관광총소비,3.85723E7
201905,부산광역시,호텔,3839550.0
201905,부산광역시,콘도,3385.0
201905,부산광역시,캠핑장/펜션,23505.0
201905,부산광역시,기타숙박,1374920.0
201905,부산광역시,여행업,9297.0
201905,부산광역시,육상운송,187909.0
201905,부산광역시,수상운송,11989.0
201905,부산광역시,항공운송,48100.0
201905,부산광역시,렌터카,13545.0
201905,부산광역시,면세점,4173826.0
201905,부산광역시,기타관광쇼핑,4027475.0
201905,부산광역시,레저용품쇼핑,261180.0
201905,부산광역시,대형쇼핑몰,1.0132491E7
201905,부산광역시,카지노,8092396.0
201905,부산광역시,관광유원시설,64227.0
201905,부산광역시,골프장,23515.0
201905,부산광역시,기타레저,123922.0
201905,부산광역시,문화서비스,9403.0
201905,부산광역시,의료관광,1799464.0
201905,부산광역시,뷰티,1541436.0
201905,부산광역시,일반외식업,2568148.0
201905,부산광역시,제과음료업,242618.0
201905,대구광역시,관광총소비,5402252.0
201905,대구광역시,호텔,1435547.0
201905,대구광역시,캠핑장/펜션,2709.0
201905,대구광역시,기타숙박,210772.0
201905,대구광역시,여행업,2214.0
201905,대구광역시,육상운송,24571.0
201905,대구광역시,항공운송,18126.0
201905,대구광역시,렌터카,7695.0
201905,대구광역시,기타관광쇼핑,1471534.0
201905,대구광역시,레저용품쇼핑,70193.0
201905,대구광역시,대형쇼핑몰,1063513.0
201905,대구광역시,관광유원시설,31355.0
201905,대구광역시,골프장,1361.0
201905,대구광역시,기타레저,35887.0
201905,대구광역시,문화서비스,7667.0
201905,대구광역시,의료관광,311674.0
201905,대구광역시,뷰티,80899.0
201905,대구광역시,일반외식업,527915.0
201905,대구광역시,제과음료업,98622.0
201905,인천광역시,관광총소비,4.8038129E7
201905,인천광역시,호텔,1.6934747E7
201905,인천광역시,캠핑장/펜션,11003.0
201905,인천광역시,기타숙박,614043.0
201905,인천광역시,여행업,2344.0
201905,인천광역시,육상운송,168852.0
201905,인천광역시,항공운송,100948.0
201905,인천광역시,렌터카,286664.0
201905,인천광역시,면세점,2.1978205E7
201905,인천광역시,기타관광쇼핑,1146613.0
201905,인천광역시,레저용품쇼핑,60810.0
201905,인천광역시,대형쇼핑몰,2607284.0
201905,인천광역시,관광유원시설,222.0
201905,인천광역시,골프장,117202.0
201905,인천광역시,기타레저,85706.0
201905,인천광역시,문화서비스,3015.0
201905,인천광역시,의료관광,779802.0
201905,인천광역시,뷰티,140405.0
201905,인천광역시,일반외식업,2233696.0
201905,인천광역시,제과음료업,766567.0
201905,광주광역시,관광총소비,1205213.0
201905,광주광역시,호텔,39950.0
201905,광주광역시,캠핑장/펜션,688.0
201905,광주광역시,기타숙박,217997.0
201905,광주광역시,육상운송,6977.0
201905,광주광역시,기타관광쇼핑,151561.0
201905,광주광역시,레저용품쇼핑,24227.0
201905,광주광역시,대형쇼핑몰,348834.0
201905,광주광역시,관광유원시설,87059.0
201905,광주광역시,골프장,765.0
201905,광주광역시,기타레저,4982.0
201905,광주광역시,문화서비스,42190.0
201905,광주광역시,의료관광,55008.0
201905,광주광역시,뷰티,47630.0
201905,광주광역시,일반외식업,156990.0
201905,광주광역시,제과음료업,20354.0
201905,대전광역시,관광총소비,2770586.0
201905,대전광역시,호텔,381457.0
201905,대전광역시,캠핑장/펜션,75.0
201905,대전광역시,기타숙박,68714.0
201905,대전광역시,여행업,200.0
201905,대전광역시,육상운송,1288131.0
201905,대전광역시,렌터카,440.0
201905,대전광역시,기타관광쇼핑,202798.0
201905,대전광역시,레저용품쇼핑,33837.0
201905,대전광역시,대형쇼핑몰,304462.0
201905,대전광역시,관광유원시설,1060.0
201905,대전광역시,골프장,33704.0
201905,대전광역시,기타레저,17671.0
201905,대전광역시,문화서비스,962.0
201905,대전광역시,의료관광,70604.0
201905,대전광역시,뷰티,80889.0
201905,대전광역시,일반외식업,250708.0
201905,대전광역시,제과음료업,34873.0
201905,울산광역시,관광총소비,1271739.0
201905,울산광역시,호텔,554421.0
201905,울산광역시,캠핑장/펜션,48.0
201905,울산광역시,기타숙박,28560.0
201905,울산광역시,여행업,641.0
201905,울산광역시,육상운송,22599.0
201905,울산광역시,렌터카,1510.0
201905,울산광역시,면세점,1652.0
201905,울산광역시,기타관광쇼핑,93989.0
201905,울산광역시,레저용품쇼핑,7279.0
201905,울산광역시,대형쇼핑몰,299320.0
201905,울산광역시,골프장,2567.0
201905,울산광역시,기타레저,5420.0
201905,울산광역시,문화서비스,449.0
201905,울산광역시,의료관광,39448.0
201905,울산광역시,뷰티,15014.0
201905,울산광역시,일반외식업,185173.0
201905,울산광역시,제과음료업,13648.0
201905,세종특별자치시,관광총소비,101567.0
201905,세종특별자치시,캠핑장/펜션,40.0
201905,세종특별자치시,기타숙박,1769.0
201905,세종특별자치시,육상운송,4398.0
201905,세종특별자치시,기타관광쇼핑,18756.0
201905,세종특별자치시,레저용품쇼핑,1079.0
201905,세종특별자치시,대형쇼핑몰,22086.0
201905,세종특별자치시,관광유원시설,33.0
201905,세종특별자치시,골프장,3331.0
201905,세종특별자치시,기타레저,306.0
201905,세종특별자치시,문화서비스,96.0
201905,세종특별자치시,의료관광,7963.0
201905,세종특별자치시,뷰티,4710.0
201905,세종특별자치시,일반외식업,32681.0
201905,세종특별자치시,제과음료업,4320.0
201905,경기도,관광총소비,3.8458295E7
201905,경기도,호텔,3377554.0
201905,경기도,콘도,18134.0
201905,경기도,캠핑장/펜션,47717.0
201905,경기도,기타숙박,5925937.0
201905,경기도,여행업,83154.0
201905,경기도,육상운송,362569.0
201905,경기도,수상운송,8452.0
201905,경기도,렌터카,157483.0
201905,경기도,면세점,3106.0
201905,경기도,기타관광쇼핑,6758558.0
201905,경기도,레저용품쇼핑,595029.0
201905,경기도,대형쇼핑몰,9141320.0
201905,경기도,관광유원시설,410737.0
201905,경기도,골프장,472179.0
201905,경기도,기타레저,217373.0
201905,경기도,문화서비스,37795.0
201905,경기도,의료관광,2033899.0
201905,경기도,뷰티,824714.0
201905,경기도,일반외식업,7478211.0
201905,경기도,제과음료업,504374.0
201905,충청북도,관광총소비,1395300.0
201905,충청북도,호텔,90710.0
201905,충청북도,콘도,48.0
201905,충청북도,캠핑장/펜션,7214.0
201905,충청북도,기타숙박,402374.0
201905,충청북도,육상운송,35835.0
201905,충청북도,수상운송,16.0
201905,충청북도,렌터카,1188.0
201905,충청북도,면세점,5921.0
201905,충청북도,기타관광쇼핑,181345.0
201905,충청북도,레저용품쇼핑,28630.0
201905,충청북도,대형쇼핑몰,247220.0
201905,충청북도,관광유원시설,105.0
201905,충청북도,골프장,43323.0
201905,충청북도,기타레저,7311.0
201905,충청북도,문화서비스,292.0
201905,충청북도,의료관광,67717.0
201905,충청북도,뷰티,20023.0
201905,충청북도,일반외식업,240162.0
201905,충청북도,제과음료업,15867.0
201905,충청남도,관광총소비,1833368.0
201905,충청남도,호텔,452704.0
201905,충청남도,콘도,12021.0
201905,충청남도,캠핑장/펜션,1376.0
201905,충청남도,기타숙박,123231.0
201905,충청남도,여행업,42.0
201905,충청남도,육상운송,59152.0
201905,충청남도,수상운송,133.0
201905,충청남도,항공운송,198.0
201905,충청남도,렌터카,2944.0
201905,충청남도,기타관광쇼핑,313238.0
201905,충청남도,레저용품쇼핑,25417.0
201905,충청남도,대형쇼핑몰,301465.0
201905,충청남도,관광유원시설,367.0
201905,충청남도,골프장,18017.0
201905,충청남도,기타레저,13710.0
201905,충청남도,문화서비스,952.0
201905,충청남도,의료관광,98051.0
201905,충청남도,뷰티,33515.0
201905,충청남도,일반외식업,335240.0
201905,충청남도,제과음료업,41597.0
201905,전라남도,관광총소비,847188.0
201905,전라남도,호텔,132151.0
201905,전라남도,콘도,119.0
201905,전라남도,캠핑장/펜션,7267.0
201905,전라남도,기타숙박,58993.0
201905,전라남도,여행업,478.0
201905,전라남도,육상운송,22258.0
201905,전라남도,수상운송,422.0
201905,전라남도,렌터카,2343.0
201905,전라남도,기타관광쇼핑,149212.0
201905,전라남도,레저용품쇼핑,17617.0
201905,전라남도,대형쇼핑몰,180067.0
201905,전라남도,관광유원시설,643.0
201905,전라남도,골프장,13172.0
201905,전라남도,기타레저,10604.0
201905,전라남도,문화서비스,1412.0
201905,전라남도,의료관광,27239.0
201905,전라남도,뷰티,14131.0
201905,전라남도,일반외식업,159074.0
201905,전라남도,제과음료업,49988.0
201905,경상북도,관광총소비,2146561.0
201905,경상북도,호텔,614826.0
201905,경상북도,콘도,18404.0
201905,경상북도,캠핑장/펜션,12591.0
201905,경상북도,기타숙박,181367.0
201905,경상북도,여행업,1593.0
201905,경상북도,육상운송,62694.0
201905,경상북도,수상운송,218.0
201905,경상북도,렌터카,7325.0
201905,경상북도,기타관광쇼핑,339966.0
201905,경상북도,레저용품쇼핑,26520.0
201905,경상북도,대형쇼핑몰,186814.0
201905,경상북도,관광유원시설,1218.0
201905,경상북도,골프장,16406.0
201905,경상북도,기타레저,15919.0
201905,경상북도,문화서비스,1294.0
201905,경상북도,의료관광,41248.0
201905,경상북도,뷰티,59814.0
201905,경상북도,일반외식업,490275.0
201905,경상북도,제과음료업,68069.0
201905,경상남도,관광총소비,5116374.0
201905,경상남도,호텔,740313.0
201905,경상남도,콘도,29071.0
201905,경상남도,캠핑장/펜션,5982.0
201905,경상남도,기타숙박,576933.0
201905,경상남도,여행업,1876.0
201905,경상남도,육상운송,95933.0
201905,경상남도,수상운송,110.0
201905,경상남도,렌터카,5464.0
201905,경상남도,기타관광쇼핑,1292139.0
201905,경상남도,레저용품쇼핑,45355.0
201905,경상남도,대형쇼핑몰,1087157.0
201905,경상남도,관광유원시설,550.0
201905,경상남도,골프장,76974.0
201905,경상남도,기타레저,29195.0
201905,경상남도,문화서비스,2307.0
201905,경상남도,의료관광,168734.0
201905,경상남도,뷰티,42112.0
201905,경상남도,일반외식업,867773.0
201905,경상남도,제과음료업,48398.0
201905,제주특별자치도,관광총소비,2.1451922E7
201905,제주특별자치도,호텔,1575663.0
201905,제주특별자치도,콘도,1012833.0
201905,제주특별자치도,캠핑장/펜션,49086.0
201905,제주특별자치도,기타숙박,1625698.0
201905,제주특별자치도,여행업,84405.0
201905,제주특별자치도,육상운송,72854.0
201905,제주특별자치도,수상운송,21567.0
201905,제주특별자치도,항공운송,308806.0
201905,제주특별자치도,렌터카,277991.0
201905,제주특별자치도,면세점,4024693.0
201905,제주특별자치도,기타관광쇼핑,5136647.0
201905,제주특별자치도,레저용품쇼핑,702012.0
201905,제주특별자치도,대형쇼핑몰,643095.0
201905,제주특별자치도,관광유원시설,23107.0
201905,제주특별자치도,골프장,321943.0
201905,제주특별자치도,기타레저,98417.0
201905,제주특별자치도,문화서비스,113446.0
201905,제주특별자치도,의료관광,676717.0
201905,제주특별자치도,뷰티,1493961.0
201905,제주특별자치도,일반외식업,2884871.0
201905,제주특별자치도,제과음료업,304110.0
201905,강원특별자치도,관광총소비,1393360.0
201905,강원특별자치도,호텔,103985.0
201905,강원특별자치도,콘도,58521.0
201905,강원특별자치도,캠핑장/펜션,13597.0
201905,강원특별자치도,기타숙박,139789.0
201905,강원특별자치도,여행업,4119.0
201905,강원특별자치도,육상운송,52438.0
201905,강원특별자치도,수상운송,161.0
201905,강원특별자치도,렌터카,10186.0
201905,강원특별자치도,기타관광쇼핑,258580.0
201905,강원특별자치도,레저용품쇼핑,26777.0
201905,강원특별자치도,대형쇼핑몰,144686.0
201905,강원특별자치도,관광유원시설,565.0
201905,강원특별자치도,골프장,72333.0
201905,강원특별자치도,기타레저,46003.0
201905,강원특별자치도,문화서비스,23858.0
201905,강원특별자치도,의료관광,47748.0
201905,강원특별자치도,뷰티,26647.0
201905,강원특별자치도,일반외식업,332841.0
201905,강원특별자치도,제과음료업,30527.0
201905,전북특별자치도,관광총소비,1594669.0
201905,전북특별자치도,호텔,59094.0
201905,전북특별자치도,콘도,996.0
201905,전북특별자치도,캠핑장/펜션,9138.0
201905,전북특별자치도,기타숙박,201107.0
201905,전북특별자치도,여행업,63.0
201905,전북특별자치도,육상운송,31637.0
201905,전북특별자치도,수상운송,976.0
201905,전북특별자치도,항공운송,75478.0
201905,전북특별자치도,렌터카,2357.0
201905,전북특별자치도,기타관광쇼핑,272657.0
201905,전북특별자치도,레저용품쇼핑,38963.0
201905,전북특별자치도,대형쇼핑몰,379500.0
201905,전북특별자치도,골프장,10081.0
201905,전북특별자치도,기타레저,15328.0
201905,전북특별자치도,문화서비스,34398.0
201905,전북특별자치도,의료관광,52080.0
201905,전북특별자치도,뷰티,37244.0
201905,전북특별자치도,일반외식업,328839.0
201905,전북특별자치도,제과음료업,44733.0
201905,기타(지역 미분류),관광총소비,1.14375043E8
201905,기타(지역 미분류),호텔,3.6165941E7
201905,기타(지역 미분류),콘도,1064832.0
201905,기타(지역 미분류),캠핑장/펜션,181080.0
201905,기타(지역 미분류),기타숙박,1.3321391E7
201905,기타(지역 미분류),여행업,1128501.0
201905,기타(지역 미분류),육상운송,4157262.0
201905,기타(지역 미분류),수상운송,6576.0
201905,기타(지역 미분류),항공운송,2.4609107E7
201905,기타(지역 미분류),렌터카,338251.0
201905,기타(지역 미분류),면세점,1.7107609E7
201905,기타(지역 미분류),기타관광쇼핑,30748.0
201905,기타(지역 미분류),레저용품쇼핑,840967.0
201905,기타(지역 미분류),관광유원시설,62071.0
201905,기타(지역 미분류),골프장,493638.0
201905,기타(지역 미분류),기타레저,135295.0
201905,기타(지역 미분류),문화서비스,240589.0
201905,기타(지역 미분류),의료관광,5472229.0
201905,기타(지역 미분류),뷰티,545642.0
201905,기타(지역 미분류),일반외식업,6979463.0
201905,기타(지역 미분류),제과음료업,1493849.0
201906,서울특별시,관광총소비,3.90278694E8
201906,서울특별시,호텔,6.7018068E7
201906,서울특별시,콘도,70140.0
201906,서울특별시,캠핑장/펜션,196580.0
201906,서울특별시,기타숙박,9206127.0
201906,서울특별시,여행업,692738.0
201906,서울특별시,육상운송,7845334.0
201906,서울특별시,수상운송,26889.0
201906,서울특별시,항공운송,1163909.0
201906,서울특별시,렌터카,77148.0
201906,서울특별시,면세점,6.0951124E7
201906,서울특별시,기타관광쇼핑,6.0953082E7
201906,서울특별시,레저용품쇼핑,4257818.0
201906,서울특별시,대형쇼핑몰,7.0106554E7
201906,서울특별시,카지노,2.5483267E7
201906,서울특별시,관광유원시설,6057.0
201906,서울특별시,골프장,34395.0
201906,서울특별시,기타레저,801347.0
201906,서울특별시,문화서비스,559698.0
201906,서울특별시,의료관광,2.0167559E7
201906,서울특별시,뷰티,2.5383401E7
201906,서울특별시,일반외식업,3.0731596E7
201906,서울특별시,제과음료업,4545864.0
201906,부산광역시,관광총소비,3.7416216E7
201906,부산광역시,호텔,3124842.0
201906,부산광역시,콘도,1020.0
201906,부산광역시,캠핑장/펜션,26600.0
201906,부산광역시,기타숙박,1236208.0
201906,부산광역시,여행업,737.0
201906,부산광역시,육상운송,208572.0
201906,부산광역시,수상운송,10387.0
201906,부산광역시,항공운송,47173.0
201906,부산광역시,렌터카,20247.0
201906,부산광역시,면세점,3884671.0
201906,부산광역시,기타관광쇼핑,3895113.0
201906,부산광역시,레저용품쇼핑,249649.0
201906,부산광역시,대형쇼핑몰,1.0338529E7
201906,부산광역시,카지노,8567259.0
201906,부산광역시,관광유원시설,57374.0
201906,부산광역시,골프장,19054.0
201906,부산광역시,기타레저,117667.0
201906,부산광역시,문화서비스,11608.0
201906,부산광역시,의료관광,1392874.0
201906,부산광역시,뷰티,1667507.0
201906,부산광역시,일반외식업,2307621.0
201906,부산광역시,제과음료업,231505.0
201906,대구광역시,관광총소비,5312066.0
201906,대구광역시,호텔,1096405.0
201906,대구광역시,캠핑장/펜션,2390.0
201906,대구광역시,기타숙박,213338.0
201906,대구광역시,여행업,3528.0
201906,대구광역시,육상운송,21811.0
201906,대구광역시,항공운송,65153.0
201906,대구광역시,렌터카,6816.0
201906,대구광역시,기타관광쇼핑,1686850.0
201906,대구광역시,레저용품쇼핑,84457.0
201906,대구광역시,대형쇼핑몰,983872.0
201906,대구광역시,관광유원시설,36035.0
201906,대구광역시,골프장,1485.0
201906,대구광역시,기타레저,51603.0
201906,대구광역시,문화서비스,8178.0
201906,대구광역시,의료관광,340229.0
201906,대구광역시,뷰티,84238.0
201906,대구광역시,일반외식업,543808.0
201906,대구광역시,제과음료업,81871.0
201906,인천광역시,관광총소비,4.3988571E7
201906,인천광역시,호텔,1.6136899E7
201906,인천광역시,캠핑장/펜션,13235.0
201906,인천광역시,기타숙박,565444.0
201906,인천광역시,여행업,8378.0
201906,인천광역시,육상운송,154815.0
201906,인천광역시,수상운송,1133.0
201906,인천광역시,항공운송,117331.0
201906,인천광역시,렌터카,299012.0
201906,인천광역시,면세점,1.9332096E7
201906,인천광역시,기타관광쇼핑,1083432.0
201906,인천광역시,레저용품쇼핑,46839.0
201906,인천광역시,대형쇼핑몰,2313689.0
201906,인천광역시,관광유원시설,532.0
201906,인천광역시,골프장,120081.0
201906,인천광역시,기타레저,99267.0
201906,인천광역시,문화서비스,3500.0
201906,인천광역시,의료관광,679922.0
201906,인천광역시,뷰티,139366.0
201906,인천광역시,일반외식업,2146807.0
201906,인천광역시,제과음료업,726793.0
201906,광주광역시,관광총소비,1212800.0
201906,광주광역시,호텔,42666.0
201906,광주광역시,캠핑장/펜션,330.0
201906,광주광역시,기타숙박,229628.0
201906,광주광역시,육상운송,7663.0
201906,광주광역시,기타관광쇼핑,138795.0
201906,광주광역시,레저용품쇼핑,31382.0
201906,광주광역시,대형쇼핑몰,347399.0
201906,광주광역시,관광유원시설,59974.0
201906,광주광역시,골프장,1258.0
201906,광주광역시,기타레저,9431.0
201906,광주광역시,문화서비스,51579.0
201906,광주광역시,의료관광,46926.0
201906,광주광역시,뷰티,36562.0
201906,광주광역시,일반외식업,190445.0
201906,광주광역시,제과음료업,18764.0
201906,대전광역시,관광총소비,2615493.0
201906,대전광역시,호텔,296647.0
201906,대전광역시,캠핑장/펜션,35.0
201906,대전광역시,기타숙박,80580.0
201906,대전광역시,여행업,160.0
201906,대전광역시,육상운송,1259135.0
201906,대전광역시,렌터카,716.0
201906,대전광역시,기타관광쇼핑,219951.0
201906,대전광역시,레저용품쇼핑,17926.0
201906,대전광역시,대형쇼핑몰,265488.0
201906,대전광역시,관광유원시설,1715.0
201906,대전광역시,골프장,19363.0
201906,대전광역시,기타레저,9663.0
201906,대전광역시,문화서비스,1956.0
201906,대전광역시,의료관광,65199.0
201906,대전광역시,뷰티,77715.0
201906,대전광역시,일반외식업,265988.0
201906,대전광역시,제과음료업,33257.0
201906,울산광역시,관광총소비,1221328.0
201906,울산광역시,호텔,532545.0
201906,울산광역시,캠핑장/펜션,662.0
201906,울산광역시,기타숙박,22165.0
201906,울산광역시,여행업,917.0
201906,울산광역시,육상운송,20754.0
201906,울산광역시,렌터카,410.0
201906,울산광역시,면세점,2435.0
201906,울산광역시,기타관광쇼핑,81477.0
201906,울산광역시,레저용품쇼핑,11269.0
201906,울산광역시,대형쇼핑몰,265083.0
201906,울산광역시,골프장,7249.0
201906,울산광역시,기타레저,1811.0
201906,울산광역시,문화서비스,467.0
201906,울산광역시,의료관광,67973.0
201906,울산광역시,뷰티,18156.0
201906,울산광역시,일반외식업,176233.0
201906,울산광역시,제과음료업,11721.0
201906,세종특별자치시,관광총소비,83903.0
201906,세종특별자치시,기타숙박,197.0
201906,세종특별자치시,육상운송,2927.0
201906,세종특별자치시,기타관광쇼핑,15316.0
201906,세종특별자치시,레저용품쇼핑,1097.0
201906,세종특별자치시,대형쇼핑몰,24491.0
201906,세종특별자치시,관광유원시설,50.0
201906,세종특별자치시,골프장,806.0
201906,세종특별자치시,기타레저,373.0
201906,세종특별자치시,문화서비스,73.0
201906,세종특별자치시,의료관광,6011.0
201906,세종특별자치시,뷰티,2811.0
201906,세종특별자치시,일반외식업,24903.0
201906,세종특별자치시,제과음료업,4849.0
201906,경기도,관광총소비,3.7385657E7
201906,경기도,호텔,3211171.0
201906,경기도,콘도,20273.0
201906,경기도,캠핑장/펜션,38945.0
201906,경기도,기타숙박,5996648.0
201906,경기도,여행업,74691.0
201906,경기도,육상운송,354209.0
201906,경기도,수상운송,5850.0
201906,경기도,렌터카,163588.0
201906,경기도,면세점,498.0
201906,경기도,기타관광쇼핑,7034559.0
201906,경기도,레저용품쇼핑,556421.0
201906,경기도,대형쇼핑몰,8166567.0
201906,경기도,관광유원시설,489617.0
201906,경기도,골프장,484379.0
201906,경기도,기타레저,239280.0
201906,경기도,문화서비스,45233.0
201906,경기도,의료관광,1688479.0
201906,경기도,뷰티,799020.0
201906,경기도,일반외식업,7490624.0
201906,경기도,제과음료업,525604.0
201906,충청북도,관광총소비,1253370.0
201906,충청북도,호텔,79559.0
201906,충청북도,콘도,504.0
201906,충청북도,캠핑장/펜션,4767.0
201906,충청북도,기타숙박,341501.0
201906,충청북도,육상운송,33786.0
201906,충청북도,수상운송,10.0
201906,충청북도,렌터카,2959.0
201906,충청북도,면세점,2625.0
201906,충청북도,기타관광쇼핑,180965.0
201906,충청북도,레저용품쇼핑,50534.0
201906,충청북도,대형쇼핑몰,224120.0
201906,충청북도,관광유원시설,192.0
201906,충청북도,골프장,29187.0
201906,충청북도,기타레저,10645.0
201906,충청북도,문화서비스,802.0
201906,충청북도,의료관광,35331.0
201906,충청북도,뷰티,14585.0
201906,충청북도,일반외식업,224666.0
201906,충청북도,제과음료업,16631.0
201906,충청남도,관광총소비,1870990.0
201906,충청남도,호텔,546747.0
201906,충청남도,콘도,18094.0
201906,충청남도,캠핑장/펜션,3104.0
201906,충청남도,기타숙박,136955.0
201906,충청남도,여행업,65.0
201906,충청남도,육상운송,55586.0
201906,충청남도,항공운송,594.0
201906,충청남도,렌터카,3029.0
201906,충청남도,기타관광쇼핑,279974.0
201906,충청남도,레저용품쇼핑,31191.0
201906,충청남도,대형쇼핑몰,270132.0
201906,충청남도,관광유원시설,426.0
201906,충청남도,골프장,21146.0
201906,충청남도,기타레저,16545.0
201906,충청남도,문화서비스,817.0
201906,충청남도,의료관광,98987.0
201906,충청남도,뷰티,31305.0
201906,충청남도,일반외식업,314941.0
201906,충청남도,제과음료업,41352.0
201906,전라남도,관광총소비,909675.0
201906,전라남도,호텔,148264.0
201906,전라남도,콘도,92.0
201906,전라남도,캠핑장/펜션,5931.0
201906,전라남도,기타숙박,74441.0
201906,전라남도,여행업,755.0
201906,전라남도,육상운송,18159.0
201906,전라남도,수상운송,826.0
201906,전라남도,렌터카,1351.0
201906,전라남도,기타관광쇼핑,159460.0
201906,전라남도,레저용품쇼핑,15822.0
201906,전라남도,대형쇼핑몰,193335.0
201906,전라남도,관광유원시설,426.0
201906,전라남도,골프장,13308.0
201906,전라남도,기타레저,12817.0
201906,전라남도,문화서비스,1637.0
201906,전라남도,의료관광,25155.0
201906,전라남도,뷰티,21925.0
201906,전라남도,일반외식업,159558.0
201906,전라남도,제과음료업,56413.0
201906,경상북도,관광총소비,2334867.0
201906,경상북도,호텔,778769.0
201906,경상북도,콘도,23446.0
201906,경상북도,캠핑장/펜션,9303.0
201906,경상북도,기타숙박,220777.0
201906,경상북도,여행업,2472.0
201906,경상북도,육상운송,59141.0
201906,경상북도,수상운송,321.0
201906,경상북도,렌터카,5441.0
201906,경상북도,기타관광쇼핑,312159.0
201906,경상북도,레저용품쇼핑,23528.0
201906,경상북도,대형쇼핑몰,205281.0
201906,경상북도,관광유원시설,848.0
201906,경상북도,골프장,16791.0
201906,경상북도,기타레저,13317.0
201906,경상북도,문화서비스,1999.0
201906,경상북도,의료관광,41156.0
201906,경상북도,뷰티,78059.0
201906,경상북도,일반외식업,470405.0
201906,경상북도,제과음료업,71654.0
201906,경상남도,관광총소비,3804504.0
201906,경상남도,호텔,783925.0
201906,경상남도,콘도,982.0
201906,경상남도,캠핑장/펜션,10588.0
201906,경상남도,기타숙박,595376.0
201906,경상남도,여행업,2156.0
201906,경상남도,육상운송,89621.0
201906,경상남도,수상운송,342.0
201906,경상남도,렌터카,9142.0
201906,경상남도,기타관광쇼핑,288846.0
201906,경상남도,레저용품쇼핑,26618.0
201906,경상남도,대형쇼핑몰,986451.0
201906,경상남도,관광유원시설,796.0
201906,경상남도,골프장,89673.0
201906,경상남도,기타레저,21912.0
201906,경상남도,문화서비스,4708.0
201906,경상남도,의료관광,126530.0
201906,경상남도,뷰티,39037.0
201906,경상남도,일반외식업,685040.0
201906,경상남도,제과음료업,42761.0
201906,제주특별자치도,관광총소비,2.187391E7
201906,제주특별자치도,호텔,2035632.0
201906,제주특별자치도,콘도,1676664.0
201906,제주특별자치도,캠핑장/펜션,94114.0
201906,제주특별자치도,기타숙박,1932431.0
201906,제주특별자치도,여행업,44339.0
201906,제주특별자치도,육상운송,76597.0
201906,제주특별자치도,수상운송,21882.0
201906,제주특별자치도,항공운송,285371.0
201906,제주특별자치도,렌터카,304717.0
201906,제주특별자치도,면세점,3519835.0
201906,제주특별자치도,기타관광쇼핑,5046789.0
201906,제주특별자치도,레저용품쇼핑,434336.0
201906,제주특별자치도,대형쇼핑몰,664961.0
201906,제주특별자치도,관광유원시설,34979.0
201906,제주특별자치도,골프장,338036.0
201906,제주특별자치도,기타레저,115638.0
201906,제주특별자치도,문화서비스,143963.0
201906,제주특별자치도,의료관광,581994.0
201906,제주특별자치도,뷰티,1201668.0
201906,제주특별자치도,일반외식업,3027741.0
201906,제주특별자치도,제과음료업,292224.0
201906,강원특별자치도,관광총소비,1828031.0
201906,강원특별자치도,호텔,295839.0
201906,강원특별자치도,콘도,244797.0
201906,강원특별자치도,캠핑장/펜션,16209.0
201906,강원특별자치도,기타숙박,107346.0
201906,강원특별자치도,여행업,12977.0
201906,강원특별자치도,육상운송,50823.0
201906,강원특별자치도,수상운송,136.0
201906,강원특별자치도,렌터카,12941.0
201906,강원특별자치도,면세점,1893.0
201906,강원특별자치도,기타관광쇼핑,286312.0
201906,강원특별자치도,레저용품쇼핑,30988.0
201906,강원특별자치도,대형쇼핑몰,173405.0
201906,강원특별자치도,관광유원시설,468.0
201906,강원특별자치도,골프장,66823.0
201906,강원특별자치도,기타레저,64866.0
201906,강원특별자치도,문화서비스,29485.0
201906,강원특별자치도,의료관광,33140.0
201906,강원특별자치도,뷰티,28394.0
201906,강원특별자치도,일반외식업,336696.0
201906,강원특별자치도,제과음료업,34489.0
201906,전북특별자치도,관광총소비,1522499.0
201906,전북특별자치도,호텔,76556.0
201906,전북특별자치도,콘도,2006.0
201906,전북특별자치도,캠핑장/펜션,1367.0
201906,전북특별자치도,기타숙박,144842.0
201906,전북특별자치도,여행업,428.0
201906,전북특별자치도,육상운송,30961.0
201906,전북특별자치도,수상운송,22336.0
201906,전북특별자치도,항공운송,69730.0
201906,전북특별자치도,렌터카,2895.0
201906,전북특별자치도,기타관광쇼핑,200128.0
201906,전북특별자치도,레저용품쇼핑,29525.0
201906,전북특별자치도,대형쇼핑몰,394668.0
201906,전북특별자치도,골프장,8241.0
201906,전북특별자치도,기타레저,20592.0
201906,전북특별자치도,문화서비스,56481.0
201906,전북특별자치도,의료관광,55504.0
201906,전북특별자치도,뷰티,36648.0
201906,전북특별자치도,일반외식업,326494.0
201906,전북특별자치도,제과음료업,43098.0
201906,기타(지역 미분류),관광총소비,1.13552918E8
201906,기타(지역 미분류),호텔,3.6453187E7
201906,기타(지역 미분류),콘도,1414478.0
201906,기타(지역 미분류),캠핑장/펜션,171170.0
201906,기타(지역 미분류),기타숙박,1.3398145E7
201906,기타(지역 미분류),여행업,830959.0
201906,기타(지역 미분류),육상운송,3898346.0
201906,기타(지역 미분류),수상운송,7334.0
201906,기타(지역 미분류),항공운송,2.5387856E7
201906,기타(지역 미분류),렌터카,257685.0
201906,기타(지역 미분류),면세점,1.6021218E7
201906,기타(지역 미분류),기타관광쇼핑,34824.0
201906,기타(지역 미분류),레저용품쇼핑,817041.0
201906,기타(지역 미분류),관광유원시설,60843.0
201906,기타(지역 미분류),골프장,480969.0
201906,기타(지역 미분류),기타레저,137934.0
201906,기타(지역 미분류),문화서비스,264487.0
201906,기타(지역 미분류),의료관광,4750433.0
201906,기타(지역 미분류),뷰티,636315.0
201906,기타(지역 미분류),일반외식업,7093060.0
201906,기타(지역 미분류),제과음료업,1436634.0
201907,서울특별시,관광총소비,3.61177884E8
201907,서울특별시,호텔,5.8743336E7
201907,서울특별시,콘도,75269.0
201907,서울특별시,캠핑장/펜션,207454.0
201907,서울특별시,기타숙박,8642008.0
201907,서울특별시,여행업,721604.0
201907,서울특별시,육상운송,6708462.0
201907,서울특별시,수상운송,26836.0
201907,서울특별시,항공운송,1132770.0
201907,서울특별시,렌터카,70851.0
201907,서울특별시,면세점,5.3697285E7
201907,서울특별시,기타관광쇼핑,5.5615333E7
201907,서울특별시,레저용품쇼핑,4429295.0
201907,서울특별시,대형쇼핑몰,6.4597231E7
201907,서울특별시,카지노,2.5431116E7
201907,서울특별시,관광유원시설,8415.0
201907,서울특별시,골프장,33316.0
201907,서울특별시,기타레저,808862.0
201907,서울특별시,문화서비스,667044.0
201907,서울특별시,의료관광,2.1905897E7
201907,서울특별시,뷰티,2.3546686E7
201907,서울특별시,일반외식업,2.9380437E7
201907,서울특별시,제과음료업,4728376.0
201907,부산광역시,관광총소비,3.5823546E7
201907,부산광역시,호텔,3442824.0
201907,부산광역시,콘도,2430.0
201907,부산광역시,캠핑장/펜션,31432.0
201907,부산광역시,기타숙박,1492029.0
201907,부산광역시,여행업,8786.0
201907,부산광역시,육상운송,189007.0
201907,부산광역시,수상운송,10110.0
201907,부산광역시,항공운송,49669.0
201907,부산광역시,렌터카,22840.0
201907,부산광역시,면세점,3201096.0
201907,부산광역시,기타관광쇼핑,3179550.0
201907,부산광역시,레저용품쇼핑,216960.0
201907,부산광역시,대형쇼핑몰,8751622.0
201907,부산광역시,카지노,9115355.0
201907,부산광역시,관광유원시설,83957.0
201907,부산광역시,골프장,27317.0
201907,부산광역시,기타레저,139730.0
201907,부산광역시,문화서비스,14131.0
201907,부산광역시,의료관광,1658043.0
201907,부산광역시,뷰티,1440747.0
201907,부산광역시,일반외식업,2509776.0
201907,부산광역시,제과음료업,236134.0
201907,대구광역시,관광총소비,5210009.0
201907,대구광역시,호텔,1321213.0
201907,대구광역시,캠핑장/펜션,4682.0
201907,대구광역시,기타숙박,222071.0
201907,대구광역시,여행업,1320.0
201907,대구광역시,육상운송,23835.0
201907,대구광역시,항공운송,73760.0
201907,대구광역시,렌터카,4738.0
201907,대구광역시,기타관광쇼핑,1506005.0
201907,대구광역시,레저용품쇼핑,51796.0
201907,대구광역시,대형쇼핑몰,923426.0
201907,대구광역시,관광유원시설,35253.0
201907,대구광역시,골프장,2047.0
201907,대구광역시,기타레저,58162.0
201907,대구광역시,문화서비스,11764.0
201907,대구광역시,의료관광,291066.0
201907,대구광역시,뷰티,96916.0
201907,대구광역시,일반외식업,494694.0
201907,대구광역시,제과음료업,87260.0
201907,인천광역시,관광총소비,3.9702204E7
201907,인천광역시,호텔,1.6756855E7
201907,인천광역시,캠핑장/펜션,11039.0
201907,인천광역시,기타숙박,699977.0
201907,인천광역시,여행업,7798.0
201907,인천광역시,육상운송,157798.0
201907,인천광역시,수상운송,2195.0
201907,인천광역시,항공운송,122092.0
201907,인천광역시,렌터카,299347.0
201907,인천광역시,면세점,1.3880078E7
201907,인천광역시,기타관광쇼핑,1104243.0
201907,인천광역시,레저용품쇼핑,69592.0
201907,인천광역시,대형쇼핑몰,2218559.0
201907,인천광역시,관광유원시설,766.0
201907,인천광역시,골프장,89636.0
201907,인천광역시,기타레저,94608.0
201907,인천광역시,문화서비스,3441.0
201907,인천광역시,의료관광,916112.0
201907,인천광역시,뷰티,138185.0
201907,인천광역시,일반외식업,2355385.0
201907,인천광역시,제과음료업,774497.0
201907,광주광역시,관광총소비,2200810.0
201907,광주광역시,호텔,44035.0
201907,광주광역시,캠핑장/펜션,4273.0
201907,광주광역시,기타숙박,473145.0
201907,광주광역시,여행업,2000.0
201907,광주광역시,육상운송,11263.0
201907,광주광역시,렌터카,690.0
201907,광주광역시,기타관광쇼핑,186336.0
201907,광주광역시,레저용품쇼핑,48292.0
201907,광주광역시,대형쇼핑몰,599314.0
201907,광주광역시,관광유원시설,168479.0
201907,광주광역시,골프장,1927.0
201907,광주광역시,기타레저,7538.0
201907,광주광역시,문화서비스,67176.0
201907,광주광역시,의료관광,47102.0
201907,광주광역시,뷰티,36600.0
201907,광주광역시,일반외식업,444691.0
201907,광주광역시,제과음료업,57948.0
201907,대전광역시,관광총소비,2933571.0
201907,대전광역시,호텔,307163.0
201907,대전광역시,기타숙박,77199.0
201907,대전광역시,육상운송,1580419.0
201907,대전광역시,기타관광쇼핑,201821.0
201907,대전광역시,레저용품쇼핑,18052.0
201907,대전광역시,대형쇼핑몰,269779.0
201907,대전광역시,관광유원시설,1697.0
201907,대전광역시,골프장,11341.0
201907,대전광역시,기타레저,12115.0
201907,대전광역시,문화서비스,2007.0
201907,대전광역시,의료관광,60929.0
201907,대전광역시,뷰티,82991.0
201907,대전광역시,일반외식업,275421.0
201907,대전광역시,제과음료업,32636.0
201907,울산광역시,관광총소비,1289380.0
201907,울산광역시,호텔,593969.0
201907,울산광역시,기타숙박,35635.0
201907,울산광역시,여행업,714.0
201907,울산광역시,육상운송,15463.0
201907,울산광역시,면세점,15406.0
201907,울산광역시,기타관광쇼핑,70106.0
201907,울산광역시,레저용품쇼핑,4104.0
201907,울산광역시,대형쇼핑몰,292426.0
201907,울산광역시,골프장,4703.0
201907,울산광역시,기타레저,2473.0
201907,울산광역시,문화서비스,405.0
201907,울산광역시,의료관광,46667.0
201907,울산광역시,뷰티,15126.0
201907,울산광역시,일반외식업,177659.0
201907,울산광역시,제과음료업,14524.0
201907,세종특별자치시,관광총소비,102911.0
201907,세종특별자치시,기타숙박,45.0
201907,세종특별자치시,육상운송,2756.0
201907,세종특별자치시,기타관광쇼핑,20656.0
201907,세종특별자치시,레저용품쇼핑,1420.0
201907,세종특별자치시,대형쇼핑몰,26025.0
201907,세종특별자치시,골프장,1360.0
201907,세종특별자치시,기타레저,6054.0
201907,세종특별자치시,문화서비스,98.0
201907,세종특별자치시,의료관광,10997.0
201907,세종특별자치시,뷰티,3392.0
201907,세종특별자치시,일반외식업,26408.0
201907,세종특별자치시,제과음료업,3699.0
201907,경기도,관광총소비,3.6372728E7
201907,경기도,호텔,3164445.0
201907,경기도,콘도,44785.0
201907,경기도,캠핑장/펜션,32504.0
201907,경기도,기타숙박,5661480.0
201907,경기도,여행업,74007.0
201907,경기도,육상운송,921927.0
201907,경기도,수상운송,5003.0
201907,경기도,렌터카,183819.0
201907,경기도,면세점,3148.0
201907,경기도,기타관광쇼핑,6392472.0
201907,경기도,레저용품쇼핑,505330.0
201907,경기도,대형쇼핑몰,7858884.0
201907,경기도,관광유원시설,502763.0
201907,경기도,골프장,299383.0
201907,경기도,스키장,50.0
201907,경기도,기타레저,281851.0
201907,경기도,문화서비스,69137.0
201907,경기도,의료관광,2017387.0
201907,경기도,뷰티,747914.0
201907,경기도,일반외식업,7066851.0
201907,경기도,제과음료업,539592.0
201907,충청북도,관광총소비,1351752.0
201907,충청북도,호텔,111681.0
201907,충청북도,콘도,158.0
201907,충청북도,캠핑장/펜션,1238.0
201907,충청북도,기타숙박,372429.0
201907,충청북도,육상운송,37883.0
201907,충청북도,수상운송,24.0
201907,충청북도,렌터카,2809.0
201907,충청북도,면세점,2111.0
201907,충청북도,기타관광쇼핑,161135.0
201907,충청북도,레저용품쇼핑,131885.0
201907,충청북도,대형쇼핑몰,187326.0
201907,충청북도,관광유원시설,190.0
201907,충청북도,골프장,14599.0
201907,충청북도,기타레저,8832.0
201907,충청북도,문화서비스,1255.0
201907,충청북도,의료관광,53265.0
201907,충청북도,뷰티,17774.0
201907,충청북도,일반외식업,230698.0
201907,충청북도,제과음료업,16460.0
201907,충청남도,관광총소비,1919909.0
201907,충청남도,호텔,502893.0
201907,충청남도,콘도,19717.0
201907,충청남도,캠핑장/펜션,3196.0
201907,충청남도,기타숙박,165378.0
201907,충청남도,여행업,76.0
201907,충청남도,육상운송,57473.0
201907,충청남도,수상운송,162.0
201907,충청남도,렌터카,2491.0
201907,충청남도,기타관광쇼핑,289459.0
201907,충청남도,레저용품쇼핑,16475.0
201907,충청남도,대형쇼핑몰,290283.0
201907,충청남도,관광유원시설,899.0
201907,충청남도,골프장,11782.0
201907,충청남도,기타레저,19889.0
201907,충청남도,문화서비스,956.0
201907,충청남도,의료관광,107072.0
201907,충청남도,뷰티,29572.0
201907,충청남도,일반외식업,359527.0
201907,충청남도,제과음료업,42608.0
201907,전라남도,관광총소비,1016411.0
201907,전라남도,호텔,134443.0
201907,전라남도,콘도,120.0
201907,전라남도,캠핑장/펜션,4116.0
201907,전라남도,기타숙박,75252.0
201907,전라남도,여행업,10.0
201907,전라남도,육상운송,22698.0
201907,전라남도,수상운송,531.0
201907,전라남도,렌터카,1253.0
201907,전라남도,기타관광쇼핑,189040.0
201907,전라남도,레저용품쇼핑,29441.0
201907,전라남도,대형쇼핑몰,245544.0
201907,전라남도,관광유원시설,880.0
201907,전라남도,골프장,7700.0
201907,전라남도,기타레저,12514.0
201907,전라남도,문화서비스,2115.0
201907,전라남도,의료관광,21329.0
201907,전라남도,뷰티,23287.0
201907,전라남도,일반외식업,183518.0
201907,전라남도,제과음료업,62620.0
201907,경상북도,관광총소비,2359599.0
201907,경상북도,호텔,656651.0
201907,경상북도,콘도,22437.0
201907,경상북도,캠핑장/펜션,18116.0
201907,경상북도,기타숙박,226864.0
201907,경상북도,여행업,4726.0
201907,경상북도,육상운송,65157.0
201907,경상북도,수상운송,158.0
201907,경상북도,렌터카,5319.0
201907,경상북도,기타관광쇼핑,337814.0
201907,경상북도,레저용품쇼핑,47237.0
201907,경상북도,대형쇼핑몰,249192.0
201907,경상북도,관광유원시설,1107.0
201907,경상북도,골프장,11642.0
201907,경상북도,기타레저,17818.0
201907,경상북도,문화서비스,2185.0
201907,경상북도,의료관광,44609.0
201907,경상북도,뷰티,60346.0
201907,경상북도,일반외식업,522279.0
201907,경상북도,제과음료업,65943.0
201907,경상남도,관광총소비,3770765.0
201907,경상남도,호텔,645998.0
201907,경상남도,콘도,1914.0
201907,경상남도,캠핑장/펜션,4922.0
201907,경상남도,기타숙박,550506.0
201907,경상남도,여행업,4491.0
201907,경상남도,육상운송,81236.0
201907,경상남도,수상운송,190.0
201907,경상남도,렌터카,9113.0
201907,경상남도,기타관광쇼핑,293511.0
201907,경상남도,레저용품쇼핑,29870.0
201907,경상남도,대형쇼핑몰,920998.0
201907,경상남도,관광유원시설,1621.0
201907,경상남도,골프장,28243.0
201907,경상남도,기타레저,33600.0
201907,경상남도,문화서비스,2374.0
201907,경상남도,의료관광,150582.0
201907,경상남도,뷰티,47934.0
201907,경상남도,일반외식업,918430.0
201907,경상남도,제과음료업,45233.0
201907,제주특별자치도,관광총소비,2.5035647E7
201907,제주특별자치도,호텔,3023524.0
201907,제주특별자치도,콘도,3973697.0
201907,제주특별자치도,캠핑장/펜션,74276.0
201907,제주특별자치도,기타숙박,2134740.0
201907,제주특별자치도,여행업,41921.0
201907,제주특별자치도,육상운송,73332.0
201907,제주특별자치도,수상운송,33270.0
201907,제주특별자치도,항공운송,267755.0
201907,제주특별자치도,렌터카,347561.0
201907,제주특별자치도,면세점,3278363.0
201907,제주특별자치도,기타관광쇼핑,4693473.0
201907,제주특별자치도,레저용품쇼핑,557003.0
201907,제주특별자치도,대형쇼핑몰,789361.0
201907,제주특별자치도,관광유원시설,48170.0
201907,제주특별자치도,골프장,279880.0
201907,제주특별자치도,기타레저,127054.0
201907,제주특별자치도,문화서비스,170229.0
201907,제주특별자치도,의료관광,334588.0
201907,제주특별자치도,뷰티,951889.0
201907,제주특별자치도,일반외식업,3496722.0
201907,제주특별자치도,제과음료업,338840.0
201907,강원특별자치도,관광총소비,1822651.0
201907,강원특별자치도,호텔,188995.0
201907,강원특별자치도,콘도,91137.0
201907,강원특별자치도,캠핑장/펜션,14578.0
201907,강원특별자치도,기타숙박,234140.0
201907,강원특별자치도,여행업,9076.0
201907,강원특별자치도,육상운송,54212.0
201907,강원특별자치도,수상운송,52.0
201907,강원특별자치도,렌터카,5393.0
201907,강원특별자치도,면세점,9818.0
201907,강원특별자치도,기타관광쇼핑,296035.0
201907,강원특별자치도,레저용품쇼핑,35147.0
201907,강원특별자치도,대형쇼핑몰,193219.0
201907,강원특별자치도,관광유원시설,576.0
201907,강원특별자치도,골프장,69328.0
201907,강원특별자치도,기타레저,79006.0
201907,강원특별자치도,문화서비스,25387.0
201907,강원특별자치도,의료관광,78873.0
201907,강원특별자치도,뷰티,27969.0
201907,강원특별자치도,일반외식업,373045.0
201907,강원특별자치도,제과음료업,36664.0
201907,전북특별자치도,관광총소비,1547557.0
201907,전북특별자치도,호텔,46330.0
201907,전북특별자치도,콘도,4582.0
201907,전북특별자치도,캠핑장/펜션,1928.0
201907,전북특별자치도,기타숙박,182731.0
201907,전북특별자치도,육상운송,31871.0
201907,전북특별자치도,수상운송,856.0
201907,전북특별자치도,항공운송,74705.0
201907,전북특별자치도,렌터카,5756.0
201907,전북특별자치도,기타관광쇼핑,204132.0
201907,전북특별자치도,레저용품쇼핑,32958.0
201907,전북특별자치도,대형쇼핑몰,453357.0
201907,전북특별자치도,관광유원시설,351.0
201907,전북특별자치도,골프장,4198.0
201907,전북특별자치도,기타레저,30602.0
201907,전북특별자치도,문화서비스,40993.0
201907,전북특별자치도,의료관광,56260.0
201907,전북특별자치도,뷰티,27817.0
201907,전북특별자치도,일반외식업,308627.0
201907,전북특별자치도,제과음료업,39502.0
201907,기타(지역 미분류),관광총소비,1.29546023E8
201907,기타(지역 미분류),호텔,3.7457593E7
201907,기타(지역 미분류),콘도,1655910.0
201907,기타(지역 미분류),캠핑장/펜션,194710.0
201907,기타(지역 미분류),기타숙박,1.568287E7
201907,기타(지역 미분류),여행업,821165.0
201907,기타(지역 미분류),육상운송,4012785.0
201907,기타(지역 미분류),수상운송,10653.0
201907,기타(지역 미분류),항공운송,2.9669608E7
201907,기타(지역 미분류),렌터카,231100.0
201907,기타(지역 미분류),면세점,2.4045162E7
201907,기타(지역 미분류),기타관광쇼핑,31723.0
201907,기타(지역 미분류),레저용품쇼핑,843967.0
201907,기타(지역 미분류),관광유원시설,49113.0
201907,기타(지역 미분류),골프장,399121.0
201907,기타(지역 미분류),기타레저,167749.0
201907,기타(지역 미분류),문화서비스,320481.0
201907,기타(지역 미분류),의료관광,4773386.0
201907,기타(지역 미분류),뷰티,618714.0
201907,기타(지역 미분류),일반외식업,7164553.0
201907,기타(지역 미분류),제과음료업,1395663.0
201908,서울특별시,관광총소비,3.74569177E8
201908,서울특별시,호텔,5.9458014E7
201908,서울특별시,콘도,102112.0
201908,서울특별시,캠핑장/펜션,237849.0
201908,서울특별시,기타숙박,9090467.0
201908,서울특별시,여행업,618157.0
201908,서울특별시,육상운송,6665656.0
201908,서울특별시,수상운송,30623.0
201908,서울특별시,항공운송,1186140.0
201908,서울특별시,렌터카,55115.0
201908,서울특별시,면세점,5.3646579E7
201908,서울특별시,기타관광쇼핑,5.4220273E7
201908,서울특별시,레저용품쇼핑,4438793.0
201908,서울특별시,대형쇼핑몰,8.1870354E7
201908,서울특별시,카지노,2.6656226E7
201908,서울특별시,관광유원시설,10911.0
201908,서울특별시,골프장,37631.0
201908,서울특별시,기타레저,735041.0
201908,서울특별시,문화서비스,572500.0
201908,서울특별시,의료관광,1.8983624E7
201908,서울특별시,뷰티,2.2285915E7
201908,서울특별시,일반외식업,2.8973916E7
201908,서울특별시,제과음료업,4693280.0
201908,부산광역시,관광총소비,3.6994341E7
201908,부산광역시,호텔,3483015.0
201908,부산광역시,콘도,3082.0
201908,부산광역시,캠핑장/펜션,40812.0
201908,부산광역시,기타숙박,1720726.0
201908,부산광역시,여행업,250.0
201908,부산광역시,육상운송,205299.0
201908,부산광역시,수상운송,14324.0
201908,부산광역시,항공운송,39422.0
201908,부산광역시,렌터카,18952.0
201908,부산광역시,면세점,3659066.0
201908,부산광역시,기타관광쇼핑,3387027.0
201908,부산광역시,레저용품쇼핑,222958.0
201908,부산광역시,대형쇼핑몰,9407026.0
201908,부산광역시,카지노,9112594.0
201908,부산광역시,관광유원시설,87744.0
201908,부산광역시,골프장,12263.0
201908,부산광역시,기타레저,154747.0
201908,부산광역시,문화서비스,9353.0
201908,부산광역시,의료관광,1211517.0
201908,부산광역시,뷰티,1420781.0
201908,부산광역시,일반외식업,2535228.0
201908,부산광역시,제과음료업,248155.0
201908,대구광역시,관광총소비,5347318.0
201908,대구광역시,호텔,1324700.0
201908,대구광역시,캠핑장/펜션,4611.0
201908,대구광역시,기타숙박,278215.0
201908,대구광역시,여행업,1114.0
201908,대구광역시,육상운송,26569.0
201908,대구광역시,항공운송,80437.0
201908,대구광역시,렌터카,3325.0
201908,대구광역시,기타관광쇼핑,1629739.0
201908,대구광역시,레저용품쇼핑,76892.0
201908,대구광역시,대형쇼핑몰,913215.0
201908,대구광역시,관광유원시설,32026.0
201908,대구광역시,골프장,537.0
201908,대구광역시,기타레저,43705.0
201908,대구광역시,문화서비스,5926.0
201908,대구광역시,의료관광,212652.0
201908,대구광역시,뷰티,79635.0
201908,대구광역시,일반외식업,542090.0
201908,대구광역시,제과음료업,91930.0
201908,인천광역시,관광총소비,4.9392729E7
201908,인천광역시,호텔,1.9836082E7
201908,인천광역시,캠핑장/펜션,14989.0
201908,인천광역시,기타숙박,673884.0
201908,인천광역시,여행업,5400.0
201908,인천광역시,육상운송,164705.0
201908,인천광역시,항공운송,115125.0
201908,인천광역시,렌터카,254501.0
201908,인천광역시,면세점,2.0099374E7
201908,인천광역시,기타관광쇼핑,1150382.0
201908,인천광역시,레저용품쇼핑,67819.0
201908,인천광역시,대형쇼핑몰,2492002.0
201908,인천광역시,관광유원시설,842.0
201908,인천광역시,골프장,77869.0
201908,인천광역시,기타레저,84106.0
201908,인천광역시,문화서비스,3762.0
201908,인천광역시,의료관광,753702.0
201908,인천광역시,뷰티,150475.0
201908,인천광역시,일반외식업,2604033.0
201908,인천광역시,제과음료업,843676.0
201908,광주광역시,관광총소비,1634906.0
201908,광주광역시,호텔,27089.0
201908,광주광역시,캠핑장/펜션,3233.0
201908,광주광역시,기타숙박,573561.0
201908,광주광역시,여행업,16835.0
201908,광주광역시,육상운송,8677.0
201908,광주광역시,렌터카,50.0
201908,광주광역시,기타관광쇼핑,156043.0
201908,광주광역시,레저용품쇼핑,33864.0
201908,광주광역시,대형쇼핑몰,372127.0
201908,광주광역시,관광유원시설,28130.0
201908,광주광역시,골프장,631.0
201908,광주광역시,기타레저,4281.0
201908,광주광역시,문화서비스,35123.0
201908,광주광역시,의료관광,41858.0
201908,광주광역시,뷰티,25406.0
201908,광주광역시,일반외식업,272350.0
201908,광주광역시,제과음료업,35650.0
201908,대전광역시,관광총소비,2933554.0
201908,대전광역시,호텔,273302.0
201908,대전광역시,캠핑장/펜션,35.0
201908,대전광역시,기타숙박,109510.0
201908,대전광역시,육상운송,1517280.0
201908,대전광역시,렌터카,358.0
201908,대전광역시,기타관광쇼핑,180387.0
201908,대전광역시,레저용품쇼핑,25330.0
201908,대전광역시,대형쇼핑몰,344187.0
201908,대전광역시,관광유원시설,1106.0
201908,대전광역시,골프장,20961.0
201908,대전광역시,기타레저,11238.0
201908,대전광역시,문화서비스,1247.0
201908,대전광역시,의료관광,84318.0
201908,대전광역시,뷰티,109616.0
201908,대전광역시,일반외식업,225793.0
201908,대전광역시,제과음료업,28887.0
201908,울산광역시,관광총소비,1214524.0
201908,울산광역시,호텔,488625.0
201908,울산광역시,캠핑장/펜션,160.0
201908,울산광역시,기타숙박,42858.0
201908,울산광역시,여행업,753.0
201908,울산광역시,육상운송,18822.0
201908,울산광역시,렌터카,600.0
201908,울산광역시,면세점,7457.0
201908,울산광역시,기타관광쇼핑,88426.0
201908,울산광역시,레저용품쇼핑,9189.0
201908,울산광역시,대형쇼핑몰,315395.0
201908,울산광역시,관광유원시설,42.0
201908,울산광역시,골프장,2383.0
201908,울산광역시,기타레저,2896.0
201908,울산광역시,문화서비스,343.0
201908,울산광역시,의료관광,59481.0
201908,울산광역시,뷰티,20079.0
201908,울산광역시,일반외식업,145381.0
201908,울산광역시,제과음료업,11633.0
201908,세종특별자치시,관광총소비,84124.0
201908,세종특별자치시,기타숙박,250.0
201908,세종특별자치시,육상운송,2634.0
201908,세종특별자치시,기타관광쇼핑,13530.0
201908,세종특별자치시,레저용품쇼핑,320.0
201908,세종특별자치시,대형쇼핑몰,23615.0
201908,세종특별자치시,관광유원시설,34.0
201908,세종특별자치시,골프장,2128.0
201908,세종특별자치시,기타레저,1703.0
201908,세종특별자치시,문화서비스,102.0
201908,세종특별자치시,의료관광,7222.0
201908,세종특별자치시,뷰티,4439.0
201908,세종특별자치시,일반외식업,24754.0
201908,세종특별자치시,제과음료업,3394.0
201908,경기도,관광총소비,3.7109716E7
201908,경기도,호텔,3325047.0
201908,경기도,콘도,2791.0
201908,경기도,캠핑장/펜션,54075.0
201908,경기도,기타숙박,5904607.0
201908,경기도,여행업,94371.0
201908,경기도,육상운송,907890.0
201908,경기도,수상운송,5154.0
201908,경기도,렌터카,195592.0
201908,경기도,면세점,1024.0
201908,경기도,기타관광쇼핑,6325754.0
201908,경기도,레저용품쇼핑,592111.0
201908,경기도,대형쇼핑몰,7965489.0
201908,경기도,관광유원시설,497928.0
201908,경기도,골프장,302743.0
201908,경기도,기타레저,266684.0
201908,경기도,문화서비스,29716.0
201908,경기도,의료관광,1785906.0
201908,경기도,뷰티,756216.0
201908,경기도,일반외식업,7558769.0
201908,경기도,제과음료업,537850.0
201908,충청북도,관광총소비,1138868.0
201908,충청북도,호텔,93004.0
201908,충청북도,콘도,11.0
201908,충청북도,캠핑장/펜션,981.0
201908,충청북도,기타숙박,319517.0
201908,충청북도,육상운송,35323.0
201908,충청북도,렌터카,2150.0
201908,충청북도,면세점,2639.0
201908,충청북도,기타관광쇼핑,144131.0
201908,충청북도,레저용품쇼핑,11709.0
201908,충청북도,대형쇼핑몰,205010.0
201908,충청북도,관광유원시설,228.0
201908,충청북도,골프장,21534.0
201908,충청북도,기타레저,11600.0
201908,충청북도,문화서비스,478.0
201908,충청북도,의료관광,54720.0
201908,충청북도,뷰티,29133.0
201908,충청북도,일반외식업,190428.0
201908,충청북도,제과음료업,16271.0
201908,충청남도,관광총소비,1903059.0
201908,충청남도,호텔,402879.0
201908,충청남도,콘도,26473.0
201908,충청남도,캠핑장/펜션,2151.0
201908,충청남도,기타숙박,147740.0
201908,충청남도,여행업,23.0
201908,충청남도,육상운송,63957.0
201908,충청남도,수상운송,91.0
201908,충청남도,항공운송,174.0
201908,충청남도,렌터카,3779.0
201908,충청남도,기타관광쇼핑,271730.0
201908,충청남도,레저용품쇼핑,68440.0
201908,충청남도,대형쇼핑몰,385309.0
201908,충청남도,관광유원시설,814.0
201908,충청남도,골프장,12791.0
201908,충청남도,기타레저,21062.0
201908,충청남도,문화서비스,537.0
201908,충청남도,의료관광,119709.0
201908,충청남도,뷰티,25668.0
201908,충청남도,일반외식업,313424.0
201908,충청남도,제과음료업,36308.0
201908,전라남도,관광총소비,955749.0
201908,전라남도,호텔,139422.0
201908,전라남도,콘도,2096.0
201908,전라남도,캠핑장/펜션,7970.0
201908,전라남도,기타숙박,122501.0
201908,전라남도,여행업,35.0
201908,전라남도,육상운송,25493.0
201908,전라남도,수상운송,737.0
201908,전라남도,렌터카,948.0
201908,전라남도,기타관광쇼핑,161648.0
201908,전라남도,레저용품쇼핑,17739.0
201908,전라남도,대형쇼핑몰,170946.0
201908,전라남도,관광유원시설,882.0
201908,전라남도,골프장,8196.0
201908,전라남도,기타레저,10637.0
201908,전라남도,문화서비스,3149.0
201908,전라남도,의료관광,16554.0
201908,전라남도,뷰티,16165.0
201908,전라남도,일반외식업,176467.0
201908,전라남도,제과음료업,74165.0
201908,경상북도,관광총소비,2118369.0
201908,경상북도,호텔,536510.0
201908,경상북도,콘도,20128.0
201908,경상북도,캠핑장/펜션,17988.0
201908,경상북도,기타숙박,189644.0
201908,경상북도,여행업,3626.0
201908,경상북도,육상운송,63425.0
201908,경상북도,수상운송,100.0
201908,경상북도,렌터카,5767.0
201908,경상북도,기타관광쇼핑,307809.0
201908,경상북도,레저용품쇼핑,23158.0
201908,경상북도,대형쇼핑몰,248440.0
201908,경상북도,관광유원시설,776.0
201908,경상북도,골프장,20621.0
201908,경상북도,기타레저,25656.0
201908,경상북도,문화서비스,1526.0
201908,경상북도,의료관광,41552.0
201908,경상북도,뷰티,75906.0
201908,경상북도,일반외식업,464310.0
201908,경상북도,제과음료업,71428.0
201908,경상남도,관광총소비,3622363.0
201908,경상남도,호텔,628394.0
201908,경상남도,콘도,1458.0
201908,경상남도,캠핑장/펜션,4780.0
201908,경상남도,기타숙박,478068.0
201908,경상남도,여행업,7996.0
201908,경상남도,육상운송,105934.0
201908,경상남도,수상운송,85.0
201908,경상남도,렌터카,7657.0
201908,경상남도,기타관광쇼핑,289350.0
201908,경상남도,레저용품쇼핑,23439.0
201908,경상남도,대형쇼핑몰,992009.0
201908,경상남도,관광유원시설,2189.0
201908,경상남도,골프장,50153.0
201908,경상남도,기타레저,27747.0
201908,경상남도,문화서비스,2250.0
201908,경상남도,의료관광,116578.0
201908,경상남도,뷰티,46187.0
201908,경상남도,일반외식업,793584.0
201908,경상남도,제과음료업,44505.0
201908,제주특별자치도,관광총소비,2.739308E7
201908,제주특별자치도,호텔,3162097.0
201908,제주특별자치도,콘도,4051535.0
201908,제주특별자치도,캠핑장/펜션,93265.0
201908,제주특별자치도,기타숙박,2220239.0
201908,제주특별자치도,여행업,58349.0
201908,제주특별자치도,육상운송,85027.0
201908,제주특별자치도,수상운송,58111.0
201908,제주특별자치도,항공운송,312952.0
201908,제주특별자치도,렌터카,327251.0
201908,제주특별자치도,면세점,3612034.0
201908,제주특별자치도,기타관광쇼핑,5426645.0
201908,제주특별자치도,레저용품쇼핑,580327.0
201908,제주특별자치도,대형쇼핑몰,985154.0
201908,제주특별자치도,관광유원시설,61954.0
201908,제주특별자치도,골프장,305178.0
201908,제주특별자치도,기타레저,139489.0
201908,제주특별자치도,문화서비스,209218.0
201908,제주특별자치도,의료관광,300801.0
201908,제주특별자치도,뷰티,943279.0
201908,제주특별자치도,일반외식업,4084073.0
201908,제주특별자치도,제과음료업,376102.0
201908,강원특별자치도,관광총소비,1917900.0
201908,강원특별자치도,호텔,162649.0
201908,강원특별자치도,콘도,148969.0
201908,강원특별자치도,캠핑장/펜션,21401.0
201908,강원특별자치도,기타숙박,259199.0
201908,강원특별자치도,여행업,8611.0
201908,강원특별자치도,육상운송,56195.0
201908,강원특별자치도,수상운송,116.0
201908,강원특별자치도,렌터카,4413.0
201908,강원특별자치도,면세점,2756.0
201908,강원특별자치도,기타관광쇼핑,285482.0
201908,강원특별자치도,레저용품쇼핑,24189.0
201908,강원특별자치도,대형쇼핑몰,189049.0
201908,강원특별자치도,관광유원시설,868.0
201908,강원특별자치도,골프장,90981.0
201908,강원특별자치도,기타레저,70746.0
201908,강원특별자치도,문화서비스,79077.0
201908,강원특별자치도,의료관광,55510.0
201908,강원특별자치도,뷰티,17708.0
201908,강원특별자치도,일반외식업,373532.0
201908,강원특별자치도,제과음료업,66447.0
201908,전북특별자치도,관광총소비,1518183.0
201908,전북특별자치도,호텔,26184.0
201908,전북특별자치도,콘도,1676.0
201908,전북특별자치도,캠핑장/펜션,1657.0
201908,전북특별자치도,기타숙박,233696.0
201908,전북특별자치도,여행업,4.0
201908,전북특별자치도,육상운송,31068.0
201908,전북특별자치도,수상운송,2131.0
201908,전북특별자치도,항공운송,103913.0
201908,전북특별자치도,렌터카,2000.0
201908,전북특별자치도,기타관광쇼핑,196285.0
201908,전북특별자치도,레저용품쇼핑,24512.0
201908,전북특별자치도,대형쇼핑몰,326218.0
201908,전북특별자치도,관광유원시설,808.0
201908,전북특별자치도,골프장,8241.0
201908,전북특별자치도,기타레저,17147.0
201908,전북특별자치도,문화서비스,49986.0
201908,전북특별자치도,의료관광,93846.0
201908,전북특별자치도,뷰티,33635.0
201908,전북특별자치도,일반외식업,322404.0
201908,전북특별자치도,제과음료업,42772.0
201908,기타(지역 미분류),관광총소비,1.31046325E8
201908,기타(지역 미분류),호텔,4.5267776E7
201908,기타(지역 미분류),콘도,2694655.0
201908,기타(지역 미분류),캠핑장/펜션,363700.0
201908,기타(지역 미분류),기타숙박,1.8613227E7
201908,기타(지역 미분류),여행업,865120.0
201908,기타(지역 미분류),육상운송,4362798.0
201908,기타(지역 미분류),수상운송,18772.0
201908,기타(지역 미분류),항공운송,2.5289152E7
201908,기타(지역 미분류),렌터카,225670.0
201908,기타(지역 미분류),면세점,1.7774733E7
201908,기타(지역 미분류),기타관광쇼핑,33064.0
201908,기타(지역 미분류),레저용품쇼핑,861941.0
201908,기타(지역 미분류),관광유원시설,20384.0
201908,기타(지역 미분류),골프장,455248.0
201908,기타(지역 미분류),기타레저,155229.0
201908,기타(지역 미분류),문화서비스,358562.0
201908,기타(지역 미분류),의료관광,4440087.0
201908,기타(지역 미분류),뷰티,609075.0
201908,기타(지역 미분류),일반외식업,7189855.0
201908,기타(지역 미분류),제과음료업,1447277.0
201909,서울특별시,관광총소비,3.69914012E8
201909,서울특별시,호텔,6.7643728E7
201909,서울특별시,콘도,106178.0
201909,서울특별시,캠핑장/펜션,191409.0
201909,서울특별시,기타숙박,9431154.0
201909,서울특별시,여행업,577048.0
201909,서울특별시,육상운송,8426861.0
201909,서울특별시,수상운송,19565.0
201909,서울특별시,항공운송,1113157.0
201909,서울특별시,렌터카,48502.0
201909,서울특별시,면세점,5.045078E7
201909,서울특별시,기타관광쇼핑,5.407352E7
201909,서울특별시,레저용품쇼핑,4213611.0
201909,서울특별시,대형쇼핑몰,6.9344673E7
201909,서울특별시,카지노,2.8081368E7
201909,서울특별시,관광유원시설,3560.0
201909,서울특별시,골프장,30183.0
201909,서울특별시,기타레저,772342.0
201909,서울특별시,문화서비스,671119.0
201909,서울특별시,의료관광,1.9999215E7
201909,서울특별시,뷰티,1.9627231E7
201909,서울특별시,일반외식업,3.044912E7
201909,서울특별시,제과음료업,4639688.0
201909,부산광역시,관광총소비,3.3536271E7
201909,부산광역시,호텔,3122916.0
201909,부산광역시,콘도,2780.0
201909,부산광역시,캠핑장/펜션,28292.0
201909,부산광역시,기타숙박,1367549.0
201909,부산광역시,여행업,9419.0
201909,부산광역시,육상운송,182010.0
201909,부산광역시,수상운송,12858.0
201909,부산광역시,항공운송,37834.0
201909,부산광역시,렌터카,19739.0
201909,부산광역시,면세점,3382080.0
201909,부산광역시,기타관광쇼핑,3367151.0
201909,부산광역시,레저용품쇼핑,220988.0
201909,부산광역시,대형쇼핑몰,8528315.0
201909,부산광역시,카지노,7796569.0
201909,부산광역시,관광유원시설,56662.0
201909,부산광역시,골프장,14638.0
201909,부산광역시,기타레저,114036.0
201909,부산광역시,문화서비스,7501.0
201909,부산광역시,의료관광,1272546.0
201909,부산광역시,뷰티,1495109.0
201909,부산광역시,일반외식업,2275128.0
201909,부산광역시,제과음료업,222151.0
201909,대구광역시,관광총소비,5698216.0
201909,대구광역시,호텔,1398953.0
201909,대구광역시,캠핑장/펜션,3055.0
201909,대구광역시,기타숙박,291472.0
201909,대구광역시,여행업,3666.0
201909,대구광역시,육상운송,22822.0
201909,대구광역시,항공운송,75358.0
201909,대구광역시,렌터카,8418.0
201909,대구광역시,기타관광쇼핑,1774340.0
201909,대구광역시,레저용품쇼핑,84738.0
201909,대구광역시,대형쇼핑몰,931104.0
201909,대구광역시,관광유원시설,23901.0
201909,대구광역시,골프장,1230.0
201909,대구광역시,기타레저,40673.0
201909,대구광역시,문화서비스,7372.0
201909,대구광역시,의료관광,282349.0
201909,대구광역시,뷰티,79840.0
201909,대구광역시,일반외식업,571994.0
201909,대구광역시,제과음료업,96932.0
201909,인천광역시,관광총소비,4.7100145E7
201909,인천광역시,호텔,1.9561011E7
201909,인천광역시,캠핑장/펜션,9462.0
201909,인천광역시,기타숙박,517062.0
201909,인천광역시,여행업,15178.0
201909,인천광역시,육상운송,154258.0
201909,인천광역시,수상운송,379.0
201909,인천광역시,항공운송,201576.0
201909,인천광역시,렌터카,262316.0
201909,인천광역시,면세점,1.8736447E7
201909,인천광역시,기타관광쇼핑,1087964.0
201909,인천광역시,레저용품쇼핑,101199.0
201909,인천광역시,대형쇼핑몰,2211787.0
201909,인천광역시,관광유원시설,240.0
201909,인천광역시,골프장,69864.0
201909,인천광역시,기타레저,81516.0
201909,인천광역시,문화서비스,3319.0
201909,인천광역시,의료관광,1008293.0
201909,인천광역시,뷰티,128790.0
201909,인천광역시,일반외식업,2239127.0
201909,인천광역시,제과음료업,710355.0
201909,광주광역시,관광총소비,1132557.0
201909,광주광역시,호텔,74447.0
201909,광주광역시,캠핑장/펜션,1463.0
201909,광주광역시,기타숙박,202738.0
201909,광주광역시,여행업,749.0
201909,광주광역시,육상운송,6958.0
201909,광주광역시,기타관광쇼핑,157920.0
201909,광주광역시,레저용품쇼핑,38468.0
201909,광주광역시,대형쇼핑몰,344434.0
201909,광주광역시,관광유원시설,304.0
201909,광주광역시,골프장,335.0
201909,광주광역시,기타레저,6832.0
201909,광주광역시,문화서비스,29938.0
201909,광주광역시,의료관광,47708.0
201909,광주광역시,뷰티,23042.0
201909,광주광역시,일반외식업,174480.0
201909,광주광역시,제과음료업,22740.0
201909,대전광역시,관광총소비,2737609.0
201909,대전광역시,호텔,354447.0
201909,대전광역시,기타숙박,113333.0
201909,대전광역시,여행업,1631.0
201909,대전광역시,육상운송,1250622.0
201909,대전광역시,렌터카,1531.0
201909,대전광역시,기타관광쇼핑,233700.0
201909,대전광역시,레저용품쇼핑,23608.0
201909,대전광역시,대형쇼핑몰,262930.0
201909,대전광역시,관광유원시설,354.0
201909,대전광역시,골프장,7272.0
201909,대전광역시,기타레저,10018.0
201909,대전광역시,문화서비스,1282.0
201909,대전광역시,의료관광,99145.0
201909,대전광역시,뷰티,79294.0
201909,대전광역시,일반외식업,260357.0
201909,대전광역시,제과음료업,38085.0
201909,울산광역시,관광총소비,1172003.0
201909,울산광역시,호텔,534719.0
201909,울산광역시,캠핑장/펜션,2845.0
201909,울산광역시,기타숙박,45554.0
201909,울산광역시,여행업,574.0
201909,울산광역시,육상운송,18902.0
201909,울산광역시,렌터카,670.0
201909,울산광역시,면세점,2055.0
201909,울산광역시,기타관광쇼핑,81820.0
201909,울산광역시,레저용품쇼핑,6760.0
201909,울산광역시,대형쇼핑몰,263088.0
201909,울산광역시,골프장,3513.0
201909,울산광역시,기타레저,2596.0
201909,울산광역시,문화서비스,183.0
201909,울산광역시,의료관광,27074.0
201909,울산광역시,뷰티,18049.0
201909,울산광역시,일반외식업,153127.0
201909,울산광역시,제과음료업,10474.0
201909,세종특별자치시,관광총소비,108156.0
201909,세종특별자치시,캠핑장/펜션,919.0
201909,세종특별자치시,기타숙박,853.0
201909,세종특별자치시,육상운송,3579.0
201909,세종특별자치시,기타관광쇼핑,19383.0
201909,세종특별자치시,레저용품쇼핑,908.0
201909,세종특별자치시,대형쇼핑몰,28922.0
201909,세종특별자치시,골프장,2529.0
201909,세종특별자치시,기타레저,2534.0
201909,세종특별자치시,문화서비스,339.0
201909,세종특별자치시,의료관광,11529.0
201909,세종특별자치시,뷰티,2758.0
201909,세종특별자치시,일반외식업,29034.0
201909,세종특별자치시,제과음료업,4869.0
201909,경기도,관광총소비,3.4605033E7
201909,경기도,호텔,2885629.0
201909,경기도,콘도,1496.0
201909,경기도,캠핑장/펜션,16705.0
201909,경기도,기타숙박,5362087.0
201909,경기도,여행업,98981.0
201909,경기도,육상운송,919251.0
201909,경기도,수상운송,4270.0
201909,경기도,렌터카,149036.0
201909,경기도,면세점,1858.0
201909,경기도,기타관광쇼핑,5681541.0
201909,경기도,레저용품쇼핑,692082.0
201909,경기도,대형쇼핑몰,7624438.0
201909,경기도,관광유원시설,306247.0
201909,경기도,골프장,370603.0
201909,경기도,기타레저,243010.0
201909,경기도,문화서비스,40902.0
201909,경기도,의료관광,1796631.0
201909,경기도,뷰티,697545.0
201909,경기도,일반외식업,7131227.0
201909,경기도,제과음료업,581495.0
201909,충청북도,관광총소비,1190081.0
201909,충청북도,호텔,82818.0
201909,충청북도,콘도,179.0
201909,충청북도,캠핑장/펜션,554.0
201909,충청북도,기타숙박,335472.0
201909,충청북도,육상운송,37270.0
201909,충청북도,수상운송,20.0
201909,충청북도,렌터카,3047.0
201909,충청북도,면세점,556.0
201909,충청북도,기타관광쇼핑,174539.0
201909,충청북도,레저용품쇼핑,23158.0
201909,충청북도,대형쇼핑몰,244229.0
201909,충청북도,관광유원시설,360.0
201909,충청북도,골프장,18773.0
201909,충청북도,기타레저,7438.0
201909,충청북도,문화서비스,423.0
201909,충청북도,의료관광,29221.0
201909,충청북도,뷰티,18851.0
201909,충청북도,일반외식업,195020.0
201909,충청북도,제과음료업,18152.0
201909,충청남도,관광총소비,1801281.0
201909,충청남도,호텔,405307.0
201909,충청남도,콘도,24106.0
201909,충청남도,캠핑장/펜션,2076.0
201909,충청남도,기타숙박,147041.0
201909,충청남도,여행업,6492.0
201909,충청남도,육상운송,56291.0
201909,충청남도,수상운송,33.0
201909,충청남도,항공운송,480.0
201909,충청남도,렌터카,3814.0
201909,충청남도,기타관광쇼핑,339187.0
201909,충청남도,레저용품쇼핑,24772.0
201909,충청남도,대형쇼핑몰,299922.0
201909,충청남도,골프장,10146.0
201909,충청남도,기타레저,14133.0
201909,충청남도,문화서비스,1345.0
201909,충청남도,의료관광,89543.0
201909,충청남도,뷰티,29919.0
201909,충청남도,일반외식업,304804.0
201909,충청남도,제과음료업,41869.0
201909,전라남도,관광총소비,811990.0
201909,전라남도,호텔,73610.0
201909,전라남도,콘도,7763.0
201909,전라남도,캠핑장/펜션,4946.0
201909,전라남도,기타숙박,95209.0
201909,전라남도,육상운송,23293.0
201909,전라남도,수상운송,536.0
201909,전라남도,렌터카,1966.0
201909,전라남도,기타관광쇼핑,157267.0
201909,전라남도,레저용품쇼핑,14085.0
201909,전라남도,대형쇼핑몰,167282.0
201909,전라남도,관광유원시설,224.0
201909,전라남도,골프장,8950.0
201909,전라남도,기타레저,11759.0
201909,전라남도,문화서비스,1242.0
201909,전라남도,의료관광,17380.0
201909,전라남도,뷰티,13452.0
201909,전라남도,일반외식업,172209.0
201909,전라남도,제과음료업,40814.0
201909,경상북도,관광총소비,2011890.0
201909,경상북도,호텔,509937.0
201909,경상북도,콘도,6716.0
201909,경상북도,캠핑장/펜션,14662.0
201909,경상북도,기타숙박,188008.0
201909,경상북도,여행업,5157.0
201909,경상북도,육상운송,59693.0
201909,경상북도,수상운송,145.0
201909,경상북도,렌터카,7244.0
201909,경상북도,기타관광쇼핑,330191.0
201909,경상북도,레저용품쇼핑,21062.0
201909,경상북도,대형쇼핑몰,218526.0
201909,경상북도,관광유원시설,713.0
201909,경상북도,골프장,22317.0
201909,경상북도,기타레저,19892.0
201909,경상북도,문화서비스,2414.0
201909,경상북도,의료관광,40050.0
201909,경상북도,뷰티,50301.0
201909,경상북도,일반외식업,447816.0
201909,경상북도,제과음료업,67044.0
201909,경상남도,관광총소비,3520939.0
201909,경상남도,호텔,651116.0
201909,경상남도,콘도,990.0
201909,경상남도,캠핑장/펜션,2812.0
201909,경상남도,기타숙박,402714.0
201909,경상남도,여행업,1482.0
201909,경상남도,육상운송,82292.0
201909,경상남도,수상운송,76.0
201909,경상남도,렌터카,6745.0
201909,경상남도,기타관광쇼핑,297453.0
201909,경상남도,레저용품쇼핑,21361.0
201909,경상남도,대형쇼핑몰,909044.0
201909,경상남도,관광유원시설,171.0
201909,경상남도,골프장,42703.0
201909,경상남도,기타레저,29602.0
201909,경상남도,문화서비스,1720.0
201909,경상남도,의료관광,216221.0
201909,경상남도,뷰티,39824.0
201909,경상남도,일반외식업,772518.0
201909,경상남도,제과음료업,42094.0
201909,제주특별자치도,관광총소비,1.9545274E7
201909,제주특별자치도,호텔,2005890.0
201909,제주특별자치도,콘도,2446068.0
201909,제주특별자치도,캠핑장/펜션,61325.0
201909,제주특별자치도,기타숙박,1443290.0
201909,제주특별자치도,여행업,58830.0
201909,제주특별자치도,육상운송,75807.0
201909,제주특별자치도,수상운송,15304.0
201909,제주특별자치도,항공운송,320398.0
201909,제주특별자치도,렌터카,279429.0
201909,제주특별자치도,면세점,3042896.0
201909,제주특별자치도,기타관광쇼핑,4211070.0
201909,제주특별자치도,레저용품쇼핑,428688.0
201909,제주특별자치도,대형쇼핑몰,677405.0
201909,제주특별자치도,관광유원시설,30033.0
201909,제주특별자치도,골프장,206415.0
201909,제주특별자치도,기타레저,85177.0
201909,제주특별자치도,문화서비스,91057.0
201909,제주특별자치도,의료관광,214774.0
201909,제주특별자치도,뷰티,908231.0
201909,제주특별자치도,일반외식업,2645056.0
201909,제주특별자치도,제과음료업,298130.0
201909,강원특별자치도,관광총소비,1478359.0
201909,강원특별자치도,호텔,109965.0
201909,강원특별자치도,콘도,89265.0
201909,강원특별자치도,캠핑장/펜션,16872.0
201909,강원특별자치도,기타숙박,172710.0
201909,강원특별자치도,여행업,5523.0
201909,강원특별자치도,육상운송,48453.0
201909,강원특별자치도,수상운송,78.0
201909,강원특별자치도,렌터카,7624.0
201909,강원특별자치도,기타관광쇼핑,254953.0
201909,강원특별자치도,레저용품쇼핑,36002.0
201909,강원특별자치도,대형쇼핑몰,168827.0
201909,강원특별자치도,관광유원시설,324.0
201909,강원특별자치도,골프장,72946.0
201909,강원특별자치도,기타레저,43419.0
201909,강원특별자치도,문화서비스,52419.0
201909,강원특별자치도,의료관광,38608.0
201909,강원특별자치도,뷰티,23316.0
201909,강원특별자치도,일반외식업,304467.0
201909,강원특별자치도,제과음료업,32587.0
201909,전북특별자치도,관광총소비,1529891.0
201909,전북특별자치도,호텔,44620.0
201909,전북특별자치도,콘도,613.0
201909,전북특별자치도,캠핑장/펜션,1606.0
201909,전북특별자치도,기타숙박,167116.0
201909,전북특별자치도,육상운송,29097.0
201909,전북특별자치도,수상운송,397.0
201909,전북특별자치도,항공운송,113096.0
201909,전북특별자치도,렌터카,4096.0
201909,전북특별자치도,기타관광쇼핑,236916.0
201909,전북특별자치도,레저용품쇼핑,33123.0
201909,전북특별자치도,대형쇼핑몰,372185.0
201909,전북특별자치도,골프장,6809.0
201909,전북특별자치도,기타레저,18509.0
201909,전북특별자치도,문화서비스,25366.0
201909,전북특별자치도,의료관광,63014.0
201909,전북특별자치도,뷰티,31783.0
201909,전북특별자치도,일반외식업,342624.0
201909,전북특별자치도,제과음료업,38920.0
201909,기타(지역 미분류),관광총소비,1.20347328E8
201909,기타(지역 미분류),호텔,3.8236726E7
201909,기타(지역 미분류),콘도,1634287.0
201909,기타(지역 미분류),캠핑장/펜션,245405.0
201909,기타(지역 미분류),기타숙박,1.4483588E7
201909,기타(지역 미분류),여행업,1654193.0
201909,기타(지역 미분류),육상운송,4797347.0
201909,기타(지역 미분류),수상운송,6294.0
201909,기타(지역 미분류),항공운송,2.4234529E7
201909,기타(지역 미분류),렌터카,196446.0
201909,기타(지역 미분류),면세점,1.8870071E7
201909,기타(지역 미분류),기타관광쇼핑,46247.0
201909,기타(지역 미분류),레저용품쇼핑,1040618.0
201909,기타(지역 미분류),관광유원시설,7696.0
201909,기타(지역 미분류),골프장,320433.0
201909,기타(지역 미분류),기타레저,113298.0
201909,기타(지역 미분류),문화서비스,266407.0
201909,기타(지역 미분류),의료관광,5056291.0
201909,기타(지역 미분류),뷰티,565658.0
201909,기타(지역 미분류),일반외식업,7156061.0
201909,기타(지역 미분류),제과음료업,1415732.0
201910,서울특별시,관광총소비,4.62747143E8
201910,서울특별시,호텔,7.8947244E7
201910,서울특별시,콘도,141017.0
201910,서울특별시,캠핑장/펜션,286237.0
201910,서울특별시,기타숙박,1.2489433E7
201910,서울특별시,여행업,489720.0
201910,서울특별시,육상운송,1.0239808E7
201910,서울특별시,수상운송,36780.0
201910,서울특별시,항공운송,1316282.0
201910,서울특별시,렌터카,53851.0
201910,서울특별시,면세점,6.5075696E7
201910,서울특별시,기타관광쇼핑,7.41517E7
201910,서울특별시,레저용품쇼핑,5232295.0
201910,서울특별시,대형쇼핑몰,9.1144272E7
201910,서울특별시,카지노,2.5209652E7
201910,서울특별시,관광유원시설,6074.0
201910,서울특별시,골프장,30248.0
201910,서울특별시,기타레저,952474.0
201910,서울특별시,문화서비스,715423.0
201910,서울특별시,의료관광,2.5823547E7
201910,서울특별시,뷰티,2.5019067E7
201910,서울특별시,일반외식업,3.9255937E7
201910,서울특별시,제과음료업,6130388.0
201910,부산광역시,관광총소비,4.0074024E7
201910,부산광역시,호텔,4602216.0
201910,부산광역시,콘도,9491.0
201910,부산광역시,캠핑장/펜션,36265.0
201910,부산광역시,기타숙박,1913235.0
201910,부산광역시,여행업,9758.0
201910,부산광역시,육상운송,228928.0
201910,부산광역시,수상운송,12422.0
201910,부산광역시,항공운송,43727.0
201910,부산광역시,렌터카,18485.0
201910,부산광역시,면세점,4230730.0
201910,부산광역시,기타관광쇼핑,4083308.0
201910,부산광역시,레저용품쇼핑,274970.0
201910,부산광역시,대형쇼핑몰,1.1627925E7
201910,부산광역시,카지노,5729845.0
201910,부산광역시,관광유원시설,82841.0
201910,부산광역시,골프장,16584.0
201910,부산광역시,기타레저,148276.0
201910,부산광역시,문화서비스,18578.0
201910,부산광역시,의료관광,1622334.0
201910,부산광역시,뷰티,1700380.0
201910,부산광역시,일반외식업,3365852.0
201910,부산광역시,제과음료업,297875.0
201910,대구광역시,관광총소비,6434361.0
201910,대구광역시,호텔,1310568.0
201910,대구광역시,캠핑장/펜션,18700.0
201910,대구광역시,기타숙박,332082.0
201910,대구광역시,여행업,750.0
201910,대구광역시,육상운송,27360.0
201910,대구광역시,항공운송,65298.0
201910,대구광역시,렌터카,4921.0
201910,대구광역시,기타관광쇼핑,2220318.0
201910,대구광역시,레저용품쇼핑,84041.0
201910,대구광역시,대형쇼핑몰,1129511.0
201910,대구광역시,관광유원시설,45879.0
201910,대구광역시,골프장,670.0
201910,대구광역시,기타레저,35662.0
201910,대구광역시,문화서비스,9188.0
201910,대구광역시,의료관광,288113.0
201910,대구광역시,뷰티,93645.0
201910,대구광역시,일반외식업,621557.0
201910,대구광역시,제과음료업,146098.0
201910,인천광역시,관광총소비,4.848239E7
201910,인천광역시,호텔,1.6370836E7
201910,인천광역시,캠핑장/펜션,14371.0
201910,인천광역시,기타숙박,675524.0
201910,인천광역시,여행업,1524.0
201910,인천광역시,육상운송,179483.0
201910,인천광역시,수상운송,1195.0
201910,인천광역시,항공운송,65632.0
201910,인천광역시,렌터카,285052.0
201910,인천광역시,면세점,2.1673351E7
201910,인천광역시,기타관광쇼핑,1363196.0
201910,인천광역시,레저용품쇼핑,117478.0
201910,인천광역시,대형쇼핑몰,2837015.0
201910,인천광역시,관광유원시설,676.0
201910,인천광역시,골프장,109879.0
201910,인천광역시,기타레저,97696.0
201910,인천광역시,문화서비스,2974.0
201910,인천광역시,의료관광,1099001.0
201910,인천광역시,뷰티,154625.0
201910,인천광역시,일반외식업,2644213.0
201910,인천광역시,제과음료업,788668.0
201910,광주광역시,관광총소비,1278076.0
201910,광주광역시,호텔,64081.0
201910,광주광역시,캠핑장/펜션,1202.0
201910,광주광역시,기타숙박,219922.0
201910,광주광역시,육상운송,9833.0
201910,광주광역시,렌터카,755.0
201910,광주광역시,기타관광쇼핑,213873.0
201910,광주광역시,레저용품쇼핑,49999.0
201910,광주광역시,대형쇼핑몰,354198.0
201910,광주광역시,관광유원시설,247.0
201910,광주광역시,골프장,2770.0
201910,광주광역시,기타레저,9386.0
201910,광주광역시,문화서비스,55037.0
201910,광주광역시,의료관광,47176.0
201910,광주광역시,뷰티,23078.0
201910,광주광역시,일반외식업,200647.0
201910,광주광역시,제과음료업,25873.0
201910,대전광역시,관광총소비,3429030.0
201910,대전광역시,호텔,356285.0
201910,대전광역시,캠핑장/펜션,50.0
201910,대전광역시,기타숙박,156761.0
201910,대전광역시,여행업,80.0
201910,대전광역시,육상운송,1717624.0
201910,대전광역시,렌터카,1400.0
201910,대전광역시,기타관광쇼핑,237944.0
201910,대전광역시,레저용품쇼핑,32866.0
201910,대전광역시,대형쇼핑몰,330654.0
201910,대전광역시,관광유원시설,895.0
201910,대전광역시,골프장,41170.0
201910,대전광역시,기타레저,18749.0
201910,대전광역시,문화서비스,1559.0
201910,대전광역시,의료관광,93910.0
201910,대전광역시,뷰티,87635.0
201910,대전광역시,일반외식업,306166.0
201910,대전광역시,제과음료업,45283.0
201910,울산광역시,관광총소비,1453949.0
201910,울산광역시,호텔,687955.0
201910,울산광역시,캠핑장/펜션,1450.0
201910,울산광역시,기타숙박,67324.0
201910,울산광역시,여행업,439.0
201910,울산광역시,육상운송,18813.0
201910,울산광역시,면세점,3665.0
201910,울산광역시,기타관광쇼핑,86231.0
201910,울산광역시,레저용품쇼핑,13404.0
201910,울산광역시,대형쇼핑몰,324449.0
201910,울산광역시,골프장,6318.0
201910,울산광역시,기타레저,2938.0
201910,울산광역시,문화서비스,142.0
201910,울산광역시,의료관광,32353.0
201910,울산광역시,뷰티,16793.0
201910,울산광역시,일반외식업,178032.0
201910,울산광역시,제과음료업,13644.0
201910,세종특별자치시,관광총소비,118884.0
201910,세종특별자치시,캠핑장/펜션,341.0
201910,세종특별자치시,기타숙박,640.0
201910,세종특별자치시,육상운송,3734.0
201910,세종특별자치시,기타관광쇼핑,22948.0
201910,세종특별자치시,레저용품쇼핑,2763.0
201910,세종특별자치시,대형쇼핑몰,24577.0
201910,세종특별자치시,골프장,3286.0
201910,세종특별자치시,기타레저,523.0
201910,세종특별자치시,문화서비스,333.0
201910,세종특별자치시,의료관광,10640.0
201910,세종특별자치시,뷰티,4456.0
201910,세종특별자치시,일반외식업,38321.0
201910,세종특별자치시,제과음료업,6320.0
201910,경기도,관광총소비,4.2716337E7
201910,경기도,호텔,3299531.0
201910,경기도,콘도,33488.0
201910,경기도,캠핑장/펜션,25219.0
201910,경기도,기타숙박,5913749.0
201910,경기도,여행업,106266.0
201910,경기도,육상운송,1088030.0
201910,경기도,수상운송,7779.0
201910,경기도,렌터카,212841.0
201910,경기도,면세점,26409.0
201910,경기도,기타관광쇼핑,7806888.0
201910,경기도,레저용품쇼핑,895276.0
201910,경기도,대형쇼핑몰,1.0117301E7
201910,경기도,관광유원시설,461542.0
201910,경기도,골프장,568515.0
201910,경기도,기타레저,266324.0
201910,경기도,문화서비스,50687.0
201910,경기도,의료관광,2255879.0
201910,경기도,뷰티,778029.0
201910,경기도,일반외식업,8181508.0
201910,경기도,제과음료업,621073.0
201910,충청북도,관광총소비,1491436.0
201910,충청북도,호텔,80963.0
201910,충청북도,콘도,302.0
201910,충청북도,캠핑장/펜션,2637.0
201910,충청북도,기타숙박,441217.0
201910,충청북도,육상운송,35276.0
201910,충청북도,수상운송,20.0
201910,충청북도,렌터카,1385.0
201910,충청북도,면세점,4394.0
201910,충청북도,기타관광쇼핑,225863.0
201910,충청북도,레저용품쇼핑,28320.0
201910,충청북도,대형쇼핑몰,231033.0
201910,충청북도,관광유원시설,736.0
201910,충청북도,골프장,36267.0
201910,충청북도,기타레저,12631.0
201910,충청북도,문화서비스,491.0
201910,충청북도,의료관광,75154.0
201910,충청북도,뷰티,21491.0
201910,충청북도,일반외식업,271472.0
201910,충청북도,제과음료업,21783.0
201910,충청남도,관광총소비,2221780.0
201910,충청남도,호텔,488428.0
201910,충청남도,콘도,14419.0
201910,충청남도,캠핑장/펜션,2123.0
201910,충청남도,기타숙박,254308.0
201910,충청남도,여행업,2022.0
201910,충청남도,육상운송,61374.0
201910,충청남도,수상운송,21.0
201910,충청남도,항공운송,920.0
201910,충청남도,렌터카,6496.0
201910,충청남도,기타관광쇼핑,354685.0
201910,충청남도,레저용품쇼핑,47975.0
201910,충청남도,대형쇼핑몰,341012.0
201910,충청남도,관광유원시설,41.0
201910,충청남도,골프장,36078.0
201910,충청남도,기타레저,16181.0
201910,충청남도,문화서비스,794.0
201910,충청남도,의료관광,125282.0
201910,충청남도,뷰티,29390.0
201910,충청남도,일반외식업,394762.0
201910,충청남도,제과음료업,45470.0
201910,전라남도,관광총소비,1060689.0
201910,전라남도,호텔,177822.0
201910,전라남도,콘도,10726.0
201910,전라남도,캠핑장/펜션,5058.0
201910,전라남도,기타숙박,90602.0
201910,전라남도,여행업,1478.0
201910,전라남도,육상운송,30863.0
201910,전라남도,수상운송,291.0
201910,전라남도,렌터카,4746.0
201910,전라남도,기타관광쇼핑,167085.0
201910,전라남도,레저용품쇼핑,13417.0
201910,전라남도,대형쇼핑몰,149358.0
201910,전라남도,관광유원시설,791.0
201910,전라남도,골프장,39247.0
201910,전라남도,기타레저,18015.0
201910,전라남도,문화서비스,2188.0
201910,전라남도,의료관광,16768.0
201910,전라남도,뷰티,18555.0
201910,전라남도,일반외식업,261972.0
201910,전라남도,제과음료업,51706.0
201910,경상북도,관광총소비,2523102.0
201910,경상북도,호텔,602335.0
201910,경상북도,콘도,9353.0
201910,경상북도,캠핑장/펜션,16353.0
201910,경상북도,기타숙박,297674.0
201910,경상북도,여행업,5963.0
201910,경상북도,육상운송,71107.0
201910,경상북도,수상운송,322.0
201910,경상북도,렌터카,9146.0
201910,경상북도,기타관광쇼핑,379940.0
201910,경상북도,레저용품쇼핑,28408.0
201910,경상북도,대형쇼핑몰,203205.0
201910,경상북도,관광유원시설,1768.0
201910,경상북도,골프장,18620.0
201910,경상북도,기타레저,27444.0
201910,경상북도,문화서비스,2586.0
201910,경상북도,의료관광,61700.0
201910,경상북도,뷰티,69226.0
201910,경상북도,일반외식업,637287.0
201910,경상북도,제과음료업,80664.0
201910,경상남도,관광총소비,4245586.0
201910,경상남도,호텔,819887.0
201910,경상남도,콘도,4249.0
201910,경상남도,캠핑장/펜션,10464.0
201910,경상남도,기타숙박,501841.0
201910,경상남도,여행업,4223.0
201910,경상남도,육상운송,113829.0
201910,경상남도,수상운송,81.0
201910,경상남도,렌터카,9249.0
201910,경상남도,기타관광쇼핑,357365.0
201910,경상남도,레저용품쇼핑,33879.0
201910,경상남도,대형쇼핑몰,1011514.0
201910,경상남도,관광유원시설,476.0
201910,경상남도,골프장,114817.0
201910,경상남도,기타레저,37085.0
201910,경상남도,문화서비스,2777.0
201910,경상남도,의료관광,197725.0
201910,경상남도,뷰티,49198.0
201910,경상남도,일반외식업,921213.0
201910,경상남도,제과음료업,55714.0
201910,제주특별자치도,관광총소비,2.4495523E7
201910,제주특별자치도,호텔,2449613.0
201910,제주특별자치도,콘도,3306081.0
201910,제주특별자치도,캠핑장/펜션,59265.0
201910,제주특별자치도,기타숙박,1762821.0
201910,제주특별자치도,여행업,64358.0
201910,제주특별자치도,육상운송,87316.0
201910,제주특별자치도,수상운송,33238.0
201910,제주특별자치도,항공운송,280449.0
201910,제주특별자치도,렌터카,331695.0
201910,제주특별자치도,면세점,3321800.0
201910,제주특별자치도,기타관광쇼핑,5325987.0
201910,제주특별자치도,레저용품쇼핑,584417.0
201910,제주특별자치도,대형쇼핑몰,714222.0
201910,제주특별자치도,관광유원시설,48563.0
201910,제주특별자치도,골프장,285169.0
201910,제주특별자치도,기타레저,106896.0
201910,제주특별자치도,문화서비스,449886.0
201910,제주특별자치도,의료관광,332827.0
201910,제주특별자치도,뷰티,1111039.0
201910,제주특별자치도,일반외식업,3489846.0
201910,제주특별자치도,제과음료업,350035.0
201910,강원특별자치도,관광총소비,2320178.0
201910,강원특별자치도,호텔,205039.0
201910,강원특별자치도,콘도,181744.0
201910,강원특별자치도,캠핑장/펜션,29746.0
201910,강원특별자치도,기타숙박,337995.0
201910,강원특별자치도,여행업,21824.0
201910,강원특별자치도,육상운송,60509.0
201910,강원특별자치도,수상운송,168.0
201910,강원특별자치도,렌터카,11736.0
201910,강원특별자치도,면세점,6136.0
201910,강원특별자치도,기타관광쇼핑,389176.0
201910,강원특별자치도,레저용품쇼핑,41565.0
201910,강원특별자치도,대형쇼핑몰,192305.0
201910,강원특별자치도,관광유원시설,618.0
201910,강원특별자치도,골프장,91061.0
201910,강원특별자치도,기타레저,45312.0
201910,강원특별자치도,문화서비스,64885.0
201910,강원특별자치도,의료관광,52299.0
201910,강원특별자치도,뷰티,27629.0
201910,강원특별자치도,일반외식업,511374.0
201910,강원특별자치도,제과음료업,49057.0
201910,전북특별자치도,관광총소비,1745334.0
201910,전북특별자치도,호텔,31702.0
201910,전북특별자치도,콘도,1526.0
201910,전북특별자치도,캠핑장/펜션,2833.0
201910,전북특별자치도,기타숙박,218640.0
201910,전북특별자치도,여행업,40.0
201910,전북특별자치도,육상운송,40900.0
201910,전북특별자치도,수상운송,427.0
201910,전북특별자치도,항공운송,105885.0
201910,전북특별자치도,렌터카,8043.0
201910,전북특별자치도,기타관광쇼핑,281126.0
201910,전북특별자치도,레저용품쇼핑,46859.0
201910,전북특별자치도,대형쇼핑몰,400248.0
201910,전북특별자치도,관광유원시설,8.0
201910,전북특별자치도,골프장,4984.0
201910,전북특별자치도,기타레저,20983.0
201910,전북특별자치도,문화서비스,22130.0
201910,전북특별자치도,의료관광,66083.0
201910,전북특별자치도,뷰티,36492.0
201910,전북특별자치도,일반외식업,404971.0
201910,전북특별자치도,제과음료업,51456.0
201910,기타(지역 미분류),관광총소비,1.41672485E8
201910,기타(지역 미분류),호텔,4.5841886E7
201910,기타(지역 미분류),콘도,1430101.0
201910,기타(지역 미분류),캠핑장/펜션,302289.0
201910,기타(지역 미분류),기타숙박,1.7244099E7
201910,기타(지역 미분류),여행업,1106581.0
201910,기타(지역 미분류),육상운송,5739671.0
201910,기타(지역 미분류),수상운송,11826.0
201910,기타(지역 미분류),항공운송,2.6198083E7
201910,기타(지역 미분류),렌터카,235748.0
201910,기타(지역 미분류),면세점,2.3576925E7
201910,기타(지역 미분류),기타관광쇼핑,54908.0
201910,기타(지역 미분류),레저용품쇼핑,1336478.0
201910,기타(지역 미분류),관광유원시설,11584.0
201910,기타(지역 미분류),골프장,539509.0
201910,기타(지역 미분류),기타레저,150967.0
201910,기타(지역 미분류),문화서비스,358097.0
201910,기타(지역 미분류),의료관광,6540931.0
201910,기타(지역 미분류),뷰티,684692.0
201910,기타(지역 미분류),일반외식업,8578273.0
201910,기타(지역 미분류),제과음료업,1729838.0
201911,서울특별시,관광총소비,4.16118051E8
201911,서울특별시,호텔,6.7083023E7
201911,서울특별시,콘도,88895.0
201911,서울특별시,캠핑장/펜션,206547.0
201911,서울특별시,기타숙박,9778869.0
201911,서울특별시,여행업,385256.0
201911,서울특별시,육상운송,8919527.0
201911,서울특별시,수상운송,21167.0
201911,서울특별시,항공운송,1194793.0
201911,서울특별시,렌터카,38231.0
201911,서울특별시,면세점,5.9767321E7
201911,서울특별시,기타관광쇼핑,6.8943987E7
201911,서울특별시,레저용품쇼핑,5998109.0
201911,서울특별시,대형쇼핑몰,7.8534221E7
201911,서울특별시,카지노,2.6035869E7
201911,서울특별시,관광유원시설,4524.0
201911,서울특별시,골프장,20693.0
201911,서울특별시,기타레저,790496.0
201911,서울특별시,문화서비스,515266.0
201911,서울특별시,의료관광,2.5318501E7
201911,서울특별시,뷰티,2.2987184E7
201911,서울특별시,일반외식업,3.4294799E7
201911,서울특별시,제과음료업,5190774.0
201911,부산광역시,관광총소비,3.622513E7
201911,부산광역시,호텔,3691957.0
201911,부산광역시,콘도,1974.0
201911,부산광역시,캠핑장/펜션,21908.0
201911,부산광역시,기타숙박,1375948.0
201911,부산광역시,여행업,3174.0
201911,부산광역시,육상운송,185351.0
201911,부산광역시,수상운송,9103.0
201911,부산광역시,항공운송,27473.0
201911,부산광역시,렌터카,27845.0
201911,부산광역시,면세점,3707209.0
201911,부산광역시,기타관광쇼핑,3472728.0
201911,부산광역시,레저용품쇼핑,202503.0
201911,부산광역시,대형쇼핑몰,9332329.0
201911,부산광역시,카지노,8074050.0
201911,부산광역시,관광유원시설,37348.0
201911,부산광역시,골프장,23700.0
201911,부산광역시,기타레저,101561.0
201911,부산광역시,문화서비스,8178.0
201911,부산광역시,의료관광,1736691.0
201911,부산광역시,뷰티,1487277.0
201911,부산광역시,일반외식업,2487456.0
201911,부산광역시,제과음료업,209368.0
201911,대구광역시,관광총소비,6730337.0
201911,대구광역시,호텔,1626643.0
201911,대구광역시,캠핑장/펜션,24468.0
201911,대구광역시,기타숙박,327964.0
201911,대구광역시,육상운송,32244.0
201911,대구광역시,항공운송,46370.0
201911,대구광역시,렌터카,10399.0
201911,대구광역시,기타관광쇼핑,2161178.0
201911,대구광역시,레저용품쇼핑,70624.0
201911,대구광역시,대형쇼핑몰,1274762.0
201911,대구광역시,관광유원시설,36227.0
201911,대구광역시,골프장,1673.0
201911,대구광역시,기타레저,39446.0
201911,대구광역시,문화서비스,6342.0
201911,대구광역시,의료관광,261434.0
201911,대구광역시,뷰티,82137.0
201911,대구광역시,일반외식업,639224.0
201911,대구광역시,제과음료업,89203.0
201911,인천광역시,관광총소비,4.6721926E7
201911,인천광역시,호텔,1.6924908E7
201911,인천광역시,캠핑장/펜션,9258.0
201911,인천광역시,기타숙박,851490.0
201911,인천광역시,여행업,10048.0
201911,인천광역시,육상운송,168592.0
201911,인천광역시,수상운송,128.0
201911,인천광역시,항공운송,63033.0
201911,인천광역시,렌터카,238725.0
201911,인천광역시,면세점,1.9919098E7
201911,인천광역시,기타관광쇼핑,1257880.0
201911,인천광역시,레저용품쇼핑,92940.0
201911,인천광역시,대형쇼핑몰,2679809.0
201911,인천광역시,관광유원시설,160.0
201911,인천광역시,골프장,58064.0
201911,인천광역시,기타레저,83598.0
201911,인천광역시,문화서비스,3674.0
201911,인천광역시,의료관광,1078643.0
201911,인천광역시,뷰티,138582.0
201911,인천광역시,일반외식업,2379115.0
201911,인천광역시,제과음료업,764181.0
201911,광주광역시,관광총소비,1413280.0
201911,광주광역시,호텔,95273.0
201911,광주광역시,캠핑장/펜션,914.0
201911,광주광역시,기타숙박,292639.0
201911,광주광역시,육상운송,8551.0
201911,광주광역시,렌터카,510.0
201911,광주광역시,기타관광쇼핑,184230.0
201911,광주광역시,레저용품쇼핑,45405.0
201911,광주광역시,대형쇼핑몰,417731.0
201911,광주광역시,관광유원시설,118.0
201911,광주광역시,골프장,231.0
201911,광주광역시,기타레저,9365.0
201911,광주광역시,문화서비스,37886.0
201911,광주광역시,의료관광,42059.0
201911,광주광역시,뷰티,21488.0
201911,광주광역시,일반외식업,227523.0
201911,광주광역시,제과음료업,29357.0
201911,대전광역시,관광총소비,2769027.0
201911,대전광역시,호텔,310523.0
201911,대전광역시,캠핑장/펜션,25.0
201911,대전광역시,기타숙박,169491.0
201911,대전광역시,육상운송,1117299.0
201911,대전광역시,렌터카,1276.0
201911,대전광역시,기타관광쇼핑,244054.0
201911,대전광역시,레저용품쇼핑,22039.0
201911,대전광역시,대형쇼핑몰,314888.0
201911,대전광역시,관광유원시설,1034.0
201911,대전광역시,골프장,33740.0
201911,대전광역시,기타레저,13217.0
201911,대전광역시,문화서비스,1123.0
201911,대전광역시,의료관광,74053.0
201911,대전광역시,뷰티,84553.0
201911,대전광역시,일반외식업,338644.0
201911,대전광역시,제과음료업,43069.0
201911,울산광역시,관광총소비,1274048.0
201911,울산광역시,호텔,624184.0
201911,울산광역시,캠핑장/펜션,2690.0
201911,울산광역시,기타숙박,71585.0
201911,울산광역시,여행업,182.0
201911,울산광역시,육상운송,18815.0
201911,울산광역시,면세점,2413.0
201911,울산광역시,기타관광쇼핑,74646.0
201911,울산광역시,레저용품쇼핑,8232.0
201911,울산광역시,대형쇼핑몰,228891.0
201911,울산광역시,골프장,4324.0
201911,울산광역시,기타레저,2940.0
201911,울산광역시,문화서비스,217.0
201911,울산광역시,의료관광,30944.0
201911,울산광역시,뷰티,14982.0
201911,울산광역시,일반외식업,176390.0
201911,울산광역시,제과음료업,12611.0
201911,세종특별자치시,관광총소비,98649.0
201911,세종특별자치시,기타숙박,120.0
201911,세종특별자치시,육상운송,3794.0
201911,세종특별자치시,기타관광쇼핑,24028.0
201911,세종특별자치시,레저용품쇼핑,31.0
201911,세종특별자치시,대형쇼핑몰,17326.0
201911,세종특별자치시,골프장,1356.0
201911,세종특별자치시,기타레저,2060.0
201911,세종특별자치시,문화서비스,1104.0
201911,세종특별자치시,의료관광,5063.0
201911,세종특별자치시,뷰티,3118.0
201911,세종특별자치시,일반외식업,35876.0
201911,세종특별자치시,제과음료업,4773.0
201911,경기도,관광총소비,4.428382E7
201911,경기도,호텔,3844076.0
201911,경기도,콘도,4255.0
201911,경기도,캠핑장/펜션,24567.0
201911,경기도,기타숙박,7016204.0
201911,경기도,여행업,171549.0
201911,경기도,육상운송,982774.0
201911,경기도,수상운송,3728.0
201911,경기도,렌터카,186856.0
201911,경기도,면세점,15346.0
201911,경기도,기타관광쇼핑,7586431.0
201911,경기도,레저용품쇼핑,1045048.0
201911,경기도,대형쇼핑몰,1.0222685E7
201911,경기도,관광유원시설,272201.0
201911,경기도,골프장,421290.0
201911,경기도,스키장,70.0
201911,경기도,기타레저,241380.0
201911,경기도,문화서비스,45735.0
201911,경기도,의료관광,2212294.0
201911,경기도,뷰티,851986.0
201911,경기도,일반외식업,8592944.0
201911,경기도,제과음료업,542401.0
201911,충청북도,관광총소비,1434587.0
201911,충청북도,호텔,61680.0
201911,충청북도,캠핑장/펜션,2432.0
201911,충청북도,기타숙박,460267.0
201911,충청북도,육상운송,36458.0
201911,충청북도,수상운송,2.0
201911,충청북도,렌터카,535.0
201911,충청북도,면세점,4893.0
201911,충청북도,기타관광쇼핑,235118.0
201911,충청북도,레저용품쇼핑,15474.0
201911,충청북도,대형쇼핑몰,233635.0
201911,충청북도,관광유원시설,12.0
201911,충청북도,골프장,20302.0
201911,충청북도,기타레저,11965.0
201911,충청북도,문화서비스,389.0
201911,충청북도,의료관광,48614.0
201911,충청북도,뷰티,19045.0
201911,충청북도,일반외식업,263403.0
201911,충청북도,제과음료업,20363.0
201911,충청남도,관광총소비,2286616.0
201911,충청남도,호텔,525705.0
201911,충청남도,콘도,11975.0
201911,충청남도,캠핑장/펜션,338.0
201911,충청남도,기타숙박,272669.0
201911,충청남도,여행업,10.0
201911,충청남도,육상운송,53028.0
201911,충청남도,항공운송,198.0
201911,충청남도,렌터카,8724.0
201911,충청남도,기타관광쇼핑,363279.0
201911,충청남도,레저용품쇼핑,39244.0
201911,충청남도,대형쇼핑몰,353781.0
201911,충청남도,관광유원시설,40.0
201911,충청남도,골프장,17036.0
201911,충청남도,기타레저,28551.0
201911,충청남도,문화서비스,637.0
201911,충청남도,의료관광,137050.0
201911,충청남도,뷰티,25440.0
201911,충청남도,일반외식업,401986.0
201911,충청남도,제과음료업,46925.0
201911,전라남도,관광총소비,885766.0
201911,전라남도,호텔,111466.0
201911,전라남도,콘도,1971.0
201911,전라남도,캠핑장/펜션,3601.0
201911,전라남도,기타숙박,94031.0
201911,전라남도,여행업,385.0
201911,전라남도,육상운송,34246.0
201911,전라남도,수상운송,163.0
201911,전라남도,렌터카,199.0
201911,전라남도,기타관광쇼핑,166922.0
201911,전라남도,레저용품쇼핑,14635.0
201911,전라남도,대형쇼핑몰,148242.0
201911,전라남도,관광유원시설,634.0
201911,전라남도,골프장,15082.0
201911,전라남도,기타레저,9482.0
201911,전라남도,문화서비스,773.0
201911,전라남도,의료관광,14848.0
201911,전라남도,뷰티,13584.0
201911,전라남도,일반외식업,179845.0
201911,전라남도,제과음료업,75657.0
201911,경상북도,관광총소비,2335196.0
201911,경상북도,호텔,764293.0
201911,경상북도,콘도,10340.0
201911,경상북도,캠핑장/펜션,14424.0
201911,경상북도,기타숙박,225446.0
201911,경상북도,여행업,2741.0
201911,경상북도,육상운송,53070.0
201911,경상북도,수상운송,165.0
201911,경상북도,렌터카,7234.0
201911,경상북도,기타관광쇼핑,339124.0
201911,경상북도,레저용품쇼핑,36932.0
201911,경상북도,대형쇼핑몰,165501.0
201911,경상북도,관광유원시설,633.0
201911,경상북도,골프장,17855.0
201911,경상북도,기타레저,11338.0
201911,경상북도,문화서비스,1923.0
201911,경상북도,의료관광,64145.0
201911,경상북도,뷰티,62934.0
201911,경상북도,일반외식업,500571.0
201911,경상북도,제과음료업,56529.0
201911,경상남도,관광총소비,4455316.0
201911,경상남도,호텔,887225.0
201911,경상남도,콘도,2376.0
201911,경상남도,캠핑장/펜션,3366.0
201911,경상남도,기타숙박,526925.0
201911,경상남도,여행업,169.0
201911,경상남도,육상운송,100587.0
201911,경상남도,렌터카,9796.0
201911,경상남도,기타관광쇼핑,340040.0
201911,경상남도,레저용품쇼핑,48001.0
201911,경상남도,대형쇼핑몰,1133219.0
201911,경상남도,관광유원시설,2040.0
201911,경상남도,골프장,46284.0
201911,경상남도,기타레저,28043.0
201911,경상남도,문화서비스,2082.0
201911,경상남도,의료관광,214415.0
201911,경상남도,뷰티,51692.0
201911,경상남도,일반외식업,1010364.0
201911,경상남도,제과음료업,48691.0
201911,제주특별자치도,관광총소비,1.7760677E7
201911,제주특별자치도,호텔,879450.0
201911,제주특별자치도,콘도,4220081.0
201911,제주특별자치도,캠핑장/펜션,27727.0
201911,제주특별자치도,기타숙박,1015157.0
201911,제주특별자치도,여행업,60379.0
201911,제주특별자치도,육상운송,66235.0
201911,제주특별자치도,수상운송,10764.0
201911,제주특별자치도,항공운송,182307.0
201911,제주특별자치도,렌터카,238309.0
201911,제주특별자치도,면세점,2480096.0
201911,제주특별자치도,기타관광쇼핑,3915773.0
201911,제주특별자치도,레저용품쇼핑,395662.0
201911,제주특별자치도,대형쇼핑몰,519842.0
201911,제주특별자치도,관광유원시설,20480.0
201911,제주특별자치도,골프장,110529.0
201911,제주특별자치도,기타레저,60341.0
201911,제주특별자치도,문화서비스,53655.0
201911,제주특별자치도,의료관광,317954.0
201911,제주특별자치도,뷰티,752532.0
201911,제주특별자치도,일반외식업,2220617.0
201911,제주특별자치도,제과음료업,212785.0
201911,강원특별자치도,관광총소비,1502429.0
201911,강원특별자치도,호텔,131541.0
201911,강원특별자치도,콘도,101735.0
201911,강원특별자치도,캠핑장/펜션,11397.0
201911,강원특별자치도,기타숙박,195114.0
201911,강원특별자치도,여행업,13049.0
201911,강원특별자치도,육상운송,41551.0
201911,강원특별자치도,수상운송,132.0
201911,강원특별자치도,렌터카,4977.0
201911,강원특별자치도,면세점,16972.0
201911,강원특별자치도,기타관광쇼핑,262417.0
201911,강원특별자치도,레저용품쇼핑,37325.0
201911,강원특별자치도,대형쇼핑몰,145357.0
201911,강원특별자치도,관광유원시설,336.0
201911,강원특별자치도,골프장,52333.0
201911,강원특별자치도,기타레저,29915.0
201911,강원특별자치도,문화서비스,44167.0
201911,강원특별자치도,의료관광,57653.0
201911,강원특별자치도,뷰티,17412.0
201911,강원특별자치도,일반외식업,310857.0
201911,강원특별자치도,제과음료업,28189.0
201911,전북특별자치도,관광총소비,1836801.0
201911,전북특별자치도,호텔,34725.0
201911,전북특별자치도,콘도,1676.0
201911,전북특별자치도,캠핑장/펜션,1473.0
201911,전북특별자치도,기타숙박,206459.0
201911,전북특별자치도,여행업,11.0
201911,전북특별자치도,육상운송,31871.0
201911,전북특별자치도,수상운송,487.0
201911,전북특별자치도,항공운송,84988.0
201911,전북특별자치도,렌터카,8067.0
201911,전북특별자치도,기타관광쇼핑,304682.0
201911,전북특별자치도,레저용품쇼핑,49174.0
201911,전북특별자치도,대형쇼핑몰,452038.0
201911,전북특별자치도,관광유원시설,69.0
201911,전북특별자치도,골프장,3399.0
201911,전북특별자치도,기타레저,15486.0
201911,전북특별자치도,문화서비스,55414.0
201911,전북특별자치도,의료관광,71139.0
201911,전북특별자치도,뷰티,44067.0
201911,전북특별자치도,일반외식업,420778.0
201911,전북특별자치도,제과음료업,50797.0
201911,기타(지역 미분류),관광총소비,1.24951658E8
201911,기타(지역 미분류),호텔,3.975634E7
201911,기타(지역 미분류),콘도,1048637.0
201911,기타(지역 미분류),캠핑장/펜션,190979.0
201911,기타(지역 미분류),기타숙박,1.4670709E7
201911,기타(지역 미분류),여행업,646290.0
201911,기타(지역 미분류),육상운송,4340723.0
201911,기타(지역 미분류),수상운송,5496.0
201911,기타(지역 미분류),항공운송,2.4317559E7
201911,기타(지역 미분류),렌터카,218834.0
201911,기타(지역 미분류),면세점,2.2115848E7
201911,기타(지역 미분류),기타관광쇼핑,35518.0
201911,기타(지역 미분류),레저용품쇼핑,1100614.0
201911,기타(지역 미분류),관광유원시설,6955.0
201911,기타(지역 미분류),골프장,350469.0
201911,기타(지역 미분류),기타레저,155135.0
201911,기타(지역 미분류),문화서비스,306915.0
201911,기타(지역 미분류),의료관광,5908351.0
201911,기타(지역 미분류),뷰티,623456.0
201911,기타(지역 미분류),일반외식업,7688765.0
201911,기타(지역 미분류),제과음료업,1464066.0
201912,서울특별시,관광총소비,4.28871174E8
201912,서울특별시,호텔,5.9910643E7
201912,서울특별시,콘도,93949.0
201912,서울특별시,캠핑장/펜션,240621.0
201912,서울특별시,기타숙박,1.017912E7
201912,서울특별시,여행업,594368.0
201912,서울특별시,육상운송,8497503.0
201912,서울특별시,수상운송,16921.0
201912,서울특별시,항공운송,1119387.0
201912,서울특별시,렌터카,90191.0
201912,서울특별시,면세점,6.1531931E7
201912,서울특별시,기타관광쇼핑,7.0639874E7
201912,서울특별시,레저용품쇼핑,6707919.0
201912,서울특별시,대형쇼핑몰,9.0557702E7
201912,서울특별시,카지노,2.8460767E7
201912,서울특별시,관광유원시설,4866.0
201912,서울특별시,골프장,25315.0
201912,서울특별시,기타레저,750212.0
201912,서울특별시,문화서비스,513023.0
201912,서울특별시,의료관광,2.6730749E7
201912,서울특별시,뷰티,2.2127108E7
201912,서울특별시,일반외식업,3.4923333E7
201912,서울특별시,제과음료업,5155674.0
201912,부산광역시,관광총소비,3.8746873E7
201912,부산광역시,호텔,3288702.0
201912,부산광역시,콘도,1297.0
201912,부산광역시,캠핑장/펜션,16860.0
201912,부산광역시,기타숙박,1384466.0
201912,부산광역시,여행업,1203.0
201912,부산광역시,육상운송,197354.0
201912,부산광역시,수상운송,10442.0
201912,부산광역시,항공운송,39991.0
201912,부산광역시,렌터카,24058.0
201912,부산광역시,면세점,3162250.0
201912,부산광역시,기타관광쇼핑,3308208.0
201912,부산광역시,레저용품쇼핑,261866.0
201912,부산광역시,대형쇼핑몰,1.0749244E7
201912,부산광역시,카지노,1.0638051E7
201912,부산광역시,관광유원시설,37305.0
201912,부산광역시,골프장,17564.0
201912,부산광역시,기타레저,104013.0
201912,부산광역시,문화서비스,6541.0
201912,부산광역시,의료관광,1628970.0
201912,부산광역시,뷰티,1143904.0
201912,부산광역시,일반외식업,2501339.0
201912,부산광역시,제과음료업,223245.0
201912,대구광역시,관광총소비,5870269.0
201912,대구광역시,호텔,1177155.0
201912,대구광역시,캠핑장/펜션,11701.0
201912,대구광역시,기타숙박,192065.0
201912,대구광역시,육상운송,26684.0
201912,대구광역시,항공운송,53238.0
201912,대구광역시,렌터카,8299.0
201912,대구광역시,기타관광쇼핑,1679172.0
201912,대구광역시,레저용품쇼핑,67221.0
201912,대구광역시,대형쇼핑몰,1552417.0
201912,대구광역시,관광유원시설,23129.0
201912,대구광역시,골프장,1015.0
201912,대구광역시,기타레저,41143.0
201912,대구광역시,문화서비스,10350.0
201912,대구광역시,의료관광,215827.0
201912,대구광역시,뷰티,74703.0
201912,대구광역시,일반외식업,629858.0
201912,대구광역시,제과음료업,106290.0
201912,인천광역시,관광총소비,4.7673598E7
201912,인천광역시,호텔,1.7611666E7
201912,인천광역시,캠핑장/펜션,10784.0
201912,인천광역시,기타숙박,536065.0
201912,인천광역시,여행업,3095.0
201912,인천광역시,육상운송,175872.0
201912,인천광역시,수상운송,393.0
201912,인천광역시,항공운송,70318.0
201912,인천광역시,렌터카,277940.0
201912,인천광역시,면세점,2.0425083E7
201912,인천광역시,기타관광쇼핑,1231544.0
201912,인천광역시,레저용품쇼핑,164838.0
201912,인천광역시,대형쇼핑몰,2778729.0
201912,인천광역시,관광유원시설,144.0
201912,인천광역시,골프장,14229.0
201912,인천광역시,기타레저,74899.0
201912,인천광역시,문화서비스,5404.0
201912,인천광역시,의료관광,869721.0
201912,인천광역시,뷰티,132160.0
201912,인천광역시,일반외식업,2458636.0
201912,인천광역시,제과음료업,832078.0
201912,광주광역시,관광총소비,1096774.0
201912,광주광역시,호텔,60963.0
201912,광주광역시,캠핑장/펜션,329.0
201912,광주광역시,기타숙박,126682.0
201912,광주광역시,육상운송,7292.0
201912,광주광역시,기타관광쇼핑,167325.0
201912,광주광역시,레저용품쇼핑,34233.0
201912,광주광역시,대형쇼핑몰,362333.0
201912,광주광역시,관광유원시설,6.0
201912,광주광역시,골프장,938.0
201912,광주광역시,기타레저,11179.0
201912,광주광역시,문화서비스,39441.0
201912,광주광역시,의료관광,54671.0
201912,광주광역시,뷰티,20393.0
201912,광주광역시,일반외식업,184847.0
201912,광주광역시,제과음료업,26143.0
201912,대전광역시,관광총소비,2500406.0
201912,대전광역시,호텔,248728.0
201912,대전광역시,캠핑장/펜션,35.0
201912,대전광역시,기타숙박,91336.0
201912,대전광역시,여행업,651.0
201912,대전광역시,육상운송,1079207.0
201912,대전광역시,렌터카,1137.0
201912,대전광역시,기타관광쇼핑,190588.0
201912,대전광역시,레저용품쇼핑,21693.0
201912,대전광역시,대형쇼핑몰,340433.0
201912,대전광역시,관광유원시설,161.0
201912,대전광역시,골프장,20759.0
201912,대전광역시,기타레저,16331.0
201912,대전광역시,문화서비스,1432.0
201912,대전광역시,의료관광,77852.0
201912,대전광역시,뷰티,89205.0
201912,대전광역시,일반외식업,281486.0
201912,대전광역시,제과음료업,39373.0
201912,울산광역시,관광총소비,1299306.0
201912,울산광역시,호텔,519292.0
201912,울산광역시,캠핑장/펜션,3850.0
201912,울산광역시,기타숙박,46858.0
201912,울산광역시,여행업,227.0
201912,울산광역시,육상운송,17594.0
201912,울산광역시,렌터카,700.0
201912,울산광역시,면세점,20570.0
201912,울산광역시,기타관광쇼핑,87223.0
201912,울산광역시,레저용품쇼핑,13068.0
201912,울산광역시,대형쇼핑몰,357522.0
201912,울산광역시,골프장,1771.0
201912,울산광역시,기타레저,3334.0
201912,울산광역시,문화서비스,338.0
201912,울산광역시,의료관광,27017.0
201912,울산광역시,뷰티,19717.0
201912,울산광역시,일반외식업,167820.0
201912,울산광역시,제과음료업,12406.0
201912,세종특별자치시,관광총소비,97152.0
201912,세종특별자치시,캠핑장/펜션,40.0
201912,세종특별자치시,기타숙박,40.0
201912,세종특별자치시,육상운송,2300.0
201912,세종특별자치시,기타관광쇼핑,22023.0
201912,세종특별자치시,레저용품쇼핑,376.0
201912,세종특별자치시,대형쇼핑몰,21985.0
201912,세종특별자치시,골프장,201.0
201912,세종특별자치시,기타레저,1572.0
201912,세종특별자치시,문화서비스,1548.0
201912,세종특별자치시,의료관광,7960.0
201912,세종특별자치시,뷰티,2165.0
201912,세종특별자치시,일반외식업,31968.0
201912,세종특별자치시,제과음료업,4974.0
201912,경기도,관광총소비,4.1976547E7
201912,경기도,호텔,3158365.0
201912,경기도,콘도,29320.0
201912,경기도,캠핑장/펜션,37975.0
201912,경기도,기타숙박,5905308.0
201912,경기도,여행업,113434.0
201912,경기도,육상운송,917069.0
201912,경기도,수상운송,1551.0
201912,경기도,렌터카,196905.0
201912,경기도,면세점,73111.0
201912,경기도,기타관광쇼핑,7162681.0
201912,경기도,레저용품쇼핑,1273968.0
201912,경기도,대형쇼핑몰,1.0496467E7
201912,경기도,관광유원시설,318850.0
201912,경기도,골프장,85030.0
201912,경기도,스키장,28859.0
201912,경기도,기타레저,283170.0
201912,경기도,문화서비스,66876.0
201912,경기도,의료관광,2073185.0
201912,경기도,뷰티,863548.0
201912,경기도,일반외식업,8323098.0
201912,경기도,제과음료업,567776.0
201912,충청북도,관광총소비,1367915.0
201912,충청북도,호텔,75192.0
201912,충청북도,콘도,12.0
201912,충청북도,캠핑장/펜션,1112.0
201912,충청북도,기타숙박,416115.0
201912,충청북도,육상운송,42936.0
201912,충청북도,면세점,6079.0
201912,충청북도,기타관광쇼핑,216080.0
201912,충청북도,레저용품쇼핑,27618.0
201912,충청북도,대형쇼핑몰,250309.0
201912,충청북도,관광유원시설,43.0
201912,충청북도,골프장,5534.0
201912,충청북도,기타레저,7364.0
201912,충청북도,문화서비스,636.0
201912,충청북도,의료관광,34577.0
201912,충청북도,뷰티,16553.0
201912,충청북도,일반외식업,251249.0
201912,충청북도,제과음료업,16506.0
201912,충청남도,관광총소비,2090368.0
201912,충청남도,호텔,422249.0
201912,충청남도,콘도,11112.0
201912,충청남도,캠핑장/펜션,797.0
201912,충청남도,기타숙박,251480.0
201912,충청남도,여행업,48.0
201912,충청남도,육상운송,56396.0
201912,충청남도,항공운송,94.0
201912,충청남도,렌터카,7592.0
201912,충청남도,기타관광쇼핑,341523.0
201912,충청남도,레저용품쇼핑,50529.0
201912,충청남도,대형쇼핑몰,329416.0
201912,충청남도,관광유원시설,60.0
201912,충청남도,골프장,3368.0
201912,충청남도,기타레저,11368.0
201912,충청남도,문화서비스,940.0
201912,충청남도,의료관광,151445.0
201912,충청남도,뷰티,33227.0
201912,충청남도,일반외식업,376349.0
201912,충청남도,제과음료업,42377.0
201912,전라남도,관광총소비,706064.0
201912,전라남도,호텔,94970.0
201912,전라남도,콘도,1869.0
201912,전라남도,캠핑장/펜션,799.0
201912,전라남도,기타숙박,57152.0
201912,전라남도,육상운송,17501.0
201912,전라남도,수상운송,538.0
201912,전라남도,렌터카,220.0
201912,전라남도,기타관광쇼핑,147099.0
201912,전라남도,레저용품쇼핑,15117.0
201912,전라남도,대형쇼핑몰,138905.0
201912,전라남도,관광유원시설,269.0
201912,전라남도,골프장,4594.0
201912,전라남도,기타레저,10083.0
201912,전라남도,문화서비스,560.0
201912,전라남도,의료관광,15073.0
201912,전라남도,뷰티,12801.0
201912,전라남도,일반외식업,135034.0
201912,전라남도,제과음료업,53480.0
201912,경상북도,관광총소비,1961687.0
201912,경상북도,호텔,512107.0
201912,경상북도,콘도,4468.0
201912,경상북도,캠핑장/펜션,4834.0
201912,경상북도,기타숙박,161339.0
201912,경상북도,여행업,1240.0
201912,경상북도,육상운송,66960.0
201912,경상북도,수상운송,24.0
201912,경상북도,렌터카,6589.0
201912,경상북도,기타관광쇼핑,282583.0
201912,경상북도,레저용품쇼핑,34457.0
201912,경상북도,대형쇼핑몰,216421.0
201912,경상북도,관광유원시설,462.0
201912,경상북도,골프장,9012.0
201912,경상북도,기타레저,10020.0
201912,경상북도,문화서비스,1504.0
201912,경상북도,의료관광,42381.0
201912,경상북도,뷰티,71880.0
201912,경상북도,일반외식업,484214.0
201912,경상북도,제과음료업,51192.0
201912,경상남도,관광총소비,4042998.0
201912,경상남도,호텔,696543.0
201912,경상남도,콘도,36.0
201912,경상남도,캠핑장/펜션,2204.0
201912,경상남도,기타숙박,471818.0
201912,경상남도,여행업,486.0
201912,경상남도,육상운송,113851.0
201912,경상남도,수상운송,68.0
201912,경상남도,렌터카,7938.0
201912,경상남도,기타관광쇼핑,293694.0
201912,경상남도,레저용품쇼핑,36245.0
201912,경상남도,대형쇼핑몰,1139556.0
201912,경상남도,관광유원시설,942.0
201912,경상남도,골프장,57432.0
201912,경상남도,기타레저,30681.0
201912,경상남도,문화서비스,1573.0
201912,경상남도,의료관광,174993.0
201912,경상남도,뷰티,43281.0
201912,경상남도,일반외식업,924043.0
201912,경상남도,제과음료업,47615.0
201912,제주특별자치도,관광총소비,1.7274688E7
201912,제주특별자치도,호텔,850876.0
201912,제주특별자치도,콘도,2635797.0
201912,제주특별자치도,캠핑장/펜션,25023.0
201912,제주특별자치도,기타숙박,803655.0
201912,제주특별자치도,여행업,131694.0
201912,제주특별자치도,육상운송,53985.0
201912,제주특별자치도,수상운송,11349.0
201912,제주특별자치도,항공운송,208885.0
201912,제주특별자치도,렌터카,245366.0
201912,제주특별자치도,면세점,2494292.0
201912,제주특별자치도,기타관광쇼핑,4887344.0
201912,제주특별자치도,레저용품쇼핑,410245.0
201912,제주특별자치도,대형쇼핑몰,627922.0
201912,제주특별자치도,관광유원시설,24094.0
201912,제주특별자치도,골프장,50846.0
201912,제주특별자치도,기타레저,74800.0
201912,제주특별자치도,문화서비스,61908.0
201912,제주특별자치도,의료관광,379806.0
201912,제주특별자치도,뷰티,885617.0
201912,제주특별자치도,일반외식업,2200891.0
201912,제주특별자치도,제과음료업,210293.0
201912,강원특별자치도,관광총소비,4753697.0
201912,강원특별자치도,호텔,1412409.0
201912,강원특별자치도,콘도,542215.0
201912,강원특별자치도,캠핑장/펜션,134466.0
201912,강원특별자치도,기타숙박,300060.0
201912,강원특별자치도,여행업,17865.0
201912,강원특별자치도,육상운송,46229.0
201912,강원특별자치도,수상운송,40.0
201912,강원특별자치도,렌터카,6918.0
201912,강원특별자치도,면세점,38753.0
201912,강원특별자치도,기타관광쇼핑,380636.0
201912,강원특별자치도,레저용품쇼핑,182191.0
201912,강원특별자치도,대형쇼핑몰,155620.0
201912,강원특별자치도,관광유원시설,283.0
201912,강원특별자치도,골프장,165049.0
201912,강원특별자치도,기타레저,599584.0
201912,강원특별자치도,문화서비스,57057.0
201912,강원특별자치도,의료관광,92549.0
201912,강원특별자치도,뷰티,21413.0
201912,강원특별자치도,일반외식업,550096.0
201912,강원특별자치도,제과음료업,50265.0
201912,전북특별자치도,관광총소비,1648890.0
201912,전북특별자치도,호텔,17234.0
201912,전북특별자치도,콘도,652.0
201912,전북특별자치도,캠핑장/펜션,3388.0
201912,전북특별자치도,기타숙박,189683.0
201912,전북특별자치도,여행업,4.0
201912,전북특별자치도,육상운송,31547.0
201912,전북특별자치도,수상운송,195.0
201912,전북특별자치도,항공운송,71981.0
201912,전북특별자치도,렌터카,6133.0
201912,전북특별자치도,기타관광쇼핑,253030.0
201912,전북특별자치도,레저용품쇼핑,31813.0
201912,전북특별자치도,대형쇼핑몰,462238.0
201912,전북특별자치도,관광유원시설,20.0
201912,전북특별자치도,골프장,1236.0
201912,전북특별자치도,기타레저,10392.0
201912,전북특별자치도,문화서비스,35874.0
201912,전북특별자치도,의료관광,80802.0
201912,전북특별자치도,뷰티,45211.0
201912,전북특별자치도,일반외식업,365747.0
201912,전북특별자치도,제과음료업,41710.0
201912,기타(지역 미분류),관광총소비,1.28649552E8
201912,기타(지역 미분류),호텔,4.3835562E7
201912,기타(지역 미분류),콘도,1754681.0
201912,기타(지역 미분류),캠핑장/펜션,254668.0
201912,기타(지역 미분류),기타숙박,1.6163417E7
201912,기타(지역 미분류),여행업,1238686.0
201912,기타(지역 미분류),육상운송,4831866.0
201912,기타(지역 미분류),수상운송,6278.0
201912,기타(지역 미분류),항공운송,2.5062323E7
201912,기타(지역 미분류),렌터카,227300.0
201912,기타(지역 미분류),면세점,1.814005E7
201912,기타(지역 미분류),기타관광쇼핑,38283.0
201912,기타(지역 미분류),레저용품쇼핑,1106364.0
201912,기타(지역 미분류),관광유원시설,8513.0
201912,기타(지역 미분류),골프장,374095.0
201912,기타(지역 미분류),기타레저,125036.0
201912,기타(지역 미분류),문화서비스,375869.0
201912,기타(지역 미분류),의료관광,5357884.0
201912,기타(지역 미분류),뷰티,694602.0
201912,기타(지역 미분류),일반외식업,7592005.0
201912,기타(지역 미분류),제과음료업,1462069.0
