기준년월,지자체,KTO업종중분류명,소비액(천원)
201801,서울특별시,관광총소비,2.8045855E8
201801,서울특별시,호텔,4.0670757E7
201801,서울특별시,콘도,81856.0
201801,서울특별시,캠핑장/펜션,180730.0
201801,서울특별시,기타숙박,4711323.0
201801,서울특별시,여행업,437907.0
201801,서울특별시,육상운송,2305082.0
201801,서울특별시,항공운송,1532572.0
201801,서울특별시,렌터카,47859.0
201801,서울특별시,면세점,3.0712875E7
201801,서울특별시,기타관광쇼핑,4.1691442E7
201801,서울특별시,레저용품쇼핑,3603757.0
201801,서울특별시,대형쇼핑몰,9.1298524E7
201801,서울특별시,카지노,1.3656409E7
201801,서울특별시,관광유원시설,8498.0
201801,서울특별시,골프장,13370.0
201801,서울특별시,기타레저,326257.0
201801,서울특별시,문화서비스,453244.0
201801,서울특별시,의료관광,1.6789349E7
201801,서울특별시,뷰티,1.3714868E7
201801,서울특별시,일반외식업,1.5629161E7
201801,서울특별시,제과음료업,2592709.0
201801,부산광역시,관광총소비,2.3402963E7
201801,부산광역시,호텔,1819192.0
201801,부산광역시,콘도,879.0
201801,부산광역시,캠핑장/펜션,6749.0
201801,부산광역시,기타숙박,428266.0
201801,부산광역시,여행업,15687.0
201801,부산광역시,육상운송,106731.0
201801,부산광역시,수상운송,7071.0
201801,부산광역시,항공운송,1460.0
201801,부산광역시,렌터카,18372.0
201801,부산광역시,면세점,2736906.0
201801,부산광역시,기타관광쇼핑,1892283.0
201801,부산광역시,레저용품쇼핑,166116.0
201801,부산광역시,대형쇼핑몰,5477307.0
201801,부산광역시,카지노,7949910.0
201801,부산광역시,관광유원시설,17958.0
201801,부산광역시,골프장,9576.0
201801,부산광역시,기타레저,29629.0
201801,부산광역시,문화서비스,7601.0
201801,부산광역시,의료관광,808013.0
201801,부산광역시,뷰티,950268.0
201801,부산광역시,일반외식업,875198.0
201801,부산광역시,제과음료업,77793.0
201801,대구광역시,관광총소비,3020290.0
201801,대구광역시,호텔,701388.0
201801,대구광역시,캠핑장/펜션,2766.0
201801,대구광역시,기타숙박,98872.0
201801,대구광역시,육상운송,74258.0
201801,대구광역시,렌터카,1029.0
201801,대구광역시,기타관광쇼핑,649004.0
201801,대구광역시,레저용품쇼핑,50945.0
201801,대구광역시,대형쇼핑몰,685634.0
201801,대구광역시,관광유원시설,7692.0
201801,대구광역시,골프장,696.0
201801,대구광역시,기타레저,43370.0
201801,대구광역시,문화서비스,5352.0
201801,대구광역시,의료관광,302736.0
201801,대구광역시,뷰티,68537.0
201801,대구광역시,일반외식업,278926.0
201801,대구광역시,제과음료업,49085.0
201801,인천광역시,관광총소비,3.7278114E7
201801,인천광역시,호텔,9805651.0
201801,인천광역시,캠핑장/펜션,4831.0
201801,인천광역시,기타숙박,445974.0
201801,인천광역시,여행업,7652.0
201801,인천광역시,육상운송,142859.0
201801,인천광역시,수상운송,565.0
201801,인천광역시,항공운송,145829.0
201801,인천광역시,렌터카,191330.0
201801,인천광역시,면세점,2.1297432E7
201801,인천광역시,기타관광쇼핑,743845.0
201801,인천광역시,레저용품쇼핑,37379.0
201801,인천광역시,대형쇼핑몰,1642093.0
201801,인천광역시,관광유원시설,44.0
201801,인천광역시,골프장,10710.0
201801,인천광역시,기타레저,21509.0
201801,인천광역시,문화서비스,14282.0
201801,인천광역시,의료관광,627320.0
201801,인천광역시,뷰티,72478.0
201801,인천광역시,일반외식업,1490217.0
201801,인천광역시,제과음료업,576114.0
201801,광주광역시,관광총소비,985685.0
201801,광주광역시,호텔,109855.0
201801,광주광역시,캠핑장/펜션,105.0
201801,광주광역시,기타숙박,356666.0
201801,광주광역시,육상운송,6091.0
201801,광주광역시,렌터카,459.0
201801,광주광역시,기타관광쇼핑,85679.0
201801,광주광역시,레저용품쇼핑,31291.0
201801,광주광역시,대형쇼핑몰,239479.0
201801,광주광역시,관광유원시설,12.0
201801,광주광역시,골프장,80.0
201801,광주광역시,기타레저,1393.0
201801,광주광역시,문화서비스,479.0
201801,광주광역시,의료관광,34931.0
201801,광주광역시,뷰티,13491.0
201801,광주광역시,일반외식업,95201.0
201801,광주광역시,제과음료업,10472.0
201801,대전광역시,관광총소비,1865199.0
201801,대전광역시,호텔,314436.0
201801,대전광역시,캠핑장/펜션,578.0
201801,대전광역시,기타숙박,60810.0
201801,대전광역시,육상운송,786878.0
201801,대전광역시,면세점,1263.0
201801,대전광역시,기타관광쇼핑,116550.0
201801,대전광역시,레저용품쇼핑,16100.0
201801,대전광역시,대형쇼핑몰,293114.0
201801,대전광역시,관광유원시설,55.0
201801,대전광역시,골프장,13851.0
201801,대전광역시,기타레저,8622.0
201801,대전광역시,문화서비스,1267.0
201801,대전광역시,의료관광,71852.0
201801,대전광역시,뷰티,32849.0
201801,대전광역시,일반외식업,131173.0
201801,대전광역시,제과음료업,15801.0
201801,울산광역시,관광총소비,1030543.0
201801,울산광역시,호텔,594926.0
201801,울산광역시,캠핑장/펜션,1840.0
201801,울산광역시,기타숙박,12116.0
201801,울산광역시,여행업,735.0
201801,울산광역시,육상운송,12833.0
201801,울산광역시,렌터카,1910.0
201801,울산광역시,면세점,2766.0
201801,울산광역시,기타관광쇼핑,50708.0
201801,울산광역시,레저용품쇼핑,3832.0
201801,울산광역시,대형쇼핑몰,190752.0
201801,울산광역시,골프장,1049.0
201801,울산광역시,기타레저,833.0
201801,울산광역시,문화서비스,556.0
201801,울산광역시,의료관광,27338.0
201801,울산광역시,뷰티,9708.0
201801,울산광역시,일반외식업,110997.0
201801,울산광역시,제과음료업,7643.0
201801,세종특별자치시,관광총소비,57398.0
201801,세종특별자치시,기타숙박,8523.0
201801,세종특별자치시,육상운송,3073.0
201801,세종특별자치시,기타관광쇼핑,10666.0
201801,세종특별자치시,레저용품쇼핑,1311.0
201801,세종특별자치시,대형쇼핑몰,16661.0
201801,세종특별자치시,기타레저,16.0
201801,세종특별자치시,의료관광,2848.0
201801,세종특별자치시,뷰티,2077.0
201801,세종특별자치시,일반외식업,10074.0
201801,세종특별자치시,제과음료업,2148.0
201801,경기도,관광총소비,2.7216676E7
201801,경기도,호텔,3962623.0
201801,경기도,콘도,17298.0
201801,경기도,캠핑장/펜션,53304.0
201801,경기도,기타숙박,4216761.0
201801,경기도,여행업,64210.0
201801,경기도,육상운송,257542.0
201801,경기도,수상운송,378.0
201801,경기도,렌터카,56021.0
201801,경기도,면세점,134.0
201801,경기도,기타관광쇼핑,4581999.0
201801,경기도,레저용품쇼핑,549640.0
201801,경기도,대형쇼핑몰,6618745.0
201801,경기도,관광유원시설,106511.0
201801,경기도,골프장,24667.0
201801,경기도,스키장,33428.0
201801,경기도,기타레저,103578.0
201801,경기도,문화서비스,21651.0
201801,경기도,의료관광,2177817.0
201801,경기도,뷰티,365874.0
201801,경기도,일반외식업,3739216.0
201801,경기도,제과음료업,265281.0
201801,충청북도,관광총소비,684757.0
201801,충청북도,호텔,85205.0
201801,충청북도,콘도,364.0
201801,충청북도,캠핑장/펜션,456.0
201801,충청북도,기타숙박,205576.0
201801,충청북도,여행업,3651.0
201801,충청북도,육상운송,22405.0
201801,충청북도,렌터카,1142.0
201801,충청북도,기타관광쇼핑,84844.0
201801,충청북도,레저용품쇼핑,9538.0
201801,충청북도,대형쇼핑몰,129316.0
201801,충청북도,골프장,1432.0
201801,충청북도,기타레저,1961.0
201801,충청북도,문화서비스,287.0
201801,충청북도,의료관광,22630.0
201801,충청북도,뷰티,9613.0
201801,충청북도,일반외식업,97541.0
201801,충청북도,제과음료업,8797.0
201801,충청남도,관광총소비,1332187.0
201801,충청남도,호텔,453731.0
201801,충청남도,콘도,10686.0
201801,충청남도,캠핑장/펜션,4143.0
201801,충청남도,기타숙박,161100.0
201801,충청남도,육상운송,39031.0
201801,충청남도,수상운송,14.0
201801,충청남도,항공운송,189.0
201801,충청남도,렌터카,2341.0
201801,충청남도,기타관광쇼핑,144044.0
201801,충청남도,레저용품쇼핑,14487.0
201801,충청남도,대형쇼핑몰,240103.0
201801,충청남도,관광유원시설,66.0
201801,충청남도,골프장,724.0
201801,충청남도,기타레저,6540.0
201801,충청남도,문화서비스,391.0
201801,충청남도,의료관광,49921.0
201801,충청남도,뷰티,19086.0
201801,충청남도,일반외식업,169009.0
201801,충청남도,제과음료업,16580.0
201801,전라남도,관광총소비,488652.0
201801,전라남도,호텔,89684.0
201801,전라남도,콘도,6541.0
201801,전라남도,캠핑장/펜션,439.0
201801,전라남도,기타숙박,74987.0
201801,전라남도,여행업,235.0
201801,전라남도,육상운송,11131.0
201801,전라남도,수상운송,245.0
201801,전라남도,렌터카,1545.0
201801,전라남도,기타관광쇼핑,67254.0
201801,전라남도,레저용품쇼핑,1228.0
201801,전라남도,대형쇼핑몰,114084.0
201801,전라남도,관광유원시설,119.0
201801,전라남도,골프장,860.0
201801,전라남도,기타레저,3262.0
201801,전라남도,문화서비스,174.0
201801,전라남도,의료관광,13097.0
201801,전라남도,뷰티,5312.0
201801,전라남도,일반외식업,61035.0
201801,전라남도,제과음료업,37419.0
201801,경상북도,관광총소비,1382961.0
201801,경상북도,호텔,428812.0
201801,경상북도,콘도,1944.0
201801,경상북도,캠핑장/펜션,4346.0
201801,경상북도,기타숙박,182490.0
201801,경상북도,여행업,120.0
201801,경상북도,육상운송,37992.0
201801,경상북도,렌터카,7274.0
201801,경상북도,기타관광쇼핑,175030.0
201801,경상북도,레저용품쇼핑,23361.0
201801,경상북도,대형쇼핑몰,142868.0
201801,경상북도,관광유원시설,654.0
201801,경상북도,골프장,3468.0
201801,경상북도,기타레저,6816.0
201801,경상북도,문화서비스,795.0
201801,경상북도,의료관광,51182.0
201801,경상북도,뷰티,44850.0
201801,경상북도,일반외식업,238996.0
201801,경상북도,제과음료업,31963.0
201801,경상남도,관광총소비,2928953.0
201801,경상남도,호텔,543734.0
201801,경상남도,콘도,470.0
201801,경상남도,캠핑장/펜션,3056.0
201801,경상남도,기타숙박,402869.0
201801,경상남도,육상운송,71686.0
201801,경상남도,렌터카,5469.0
201801,경상남도,기타관광쇼핑,225569.0
201801,경상남도,레저용품쇼핑,21217.0
201801,경상남도,대형쇼핑몰,765383.0
201801,경상남도,관광유원시설,379.0
201801,경상남도,골프장,22295.0
201801,경상남도,기타레저,14342.0
201801,경상남도,문화서비스,2358.0
201801,경상남도,의료관광,148460.0
201801,경상남도,뷰티,43270.0
201801,경상남도,일반외식업,628966.0
201801,경상남도,제과음료업,29432.0
201801,제주특별자치도,관광총소비,8537621.0
201801,제주특별자치도,호텔,305980.0
201801,제주특별자치도,콘도,1783653.0
201801,제주특별자치도,캠핑장/펜션,9179.0
201801,제주특별자치도,기타숙박,274431.0
201801,제주특별자치도,여행업,103.0
201801,제주특별자치도,육상운송,28805.0
201801,제주특별자치도,수상운송,3872.0
201801,제주특별자치도,항공운송,11155.0
201801,제주특별자치도,렌터카,64565.0
201801,제주특별자치도,면세점,2075887.0
201801,제주특별자치도,기타관광쇼핑,1712863.0
201801,제주특별자치도,레저용품쇼핑,184264.0
201801,제주특별자치도,대형쇼핑몰,323743.0
201801,제주특별자치도,관광유원시설,4238.0
201801,제주특별자치도,골프장,98528.0
201801,제주특별자치도,기타레저,16362.0
201801,제주특별자치도,문화서비스,30437.0
201801,제주특별자치도,의료관광,97329.0
201801,제주특별자치도,뷰티,712835.0
201801,제주특별자치도,일반외식업,719227.0
201801,제주특별자치도,제과음료업,80167.0
201801,강원특별자치도,관광총소비,3398672.0
201801,강원특별자치도,호텔,946319.0
201801,강원특별자치도,콘도,222935.0
201801,강원특별자치도,캠핑장/펜션,21825.0
201801,강원특별자치도,기타숙박,226864.0
201801,강원특별자치도,여행업,3239.0
201801,강원특별자치도,육상운송,85500.0
201801,강원특별자치도,렌터카,8237.0
201801,강원특별자치도,면세점,734.0
201801,강원특별자치도,기타관광쇼핑,384189.0
201801,강원특별자치도,레저용품쇼핑,142984.0
201801,강원특별자치도,대형쇼핑몰,575255.0
201801,강원특별자치도,관광유원시설,56.0
201801,강원특별자치도,골프장,26503.0
201801,강원특별자치도,기타레저,21053.0
201801,강원특별자치도,문화서비스,26119.0
201801,강원특별자치도,의료관광,66713.0
201801,강원특별자치도,뷰티,46116.0
201801,강원특별자치도,일반외식업,547474.0
201801,강원특별자치도,제과음료업,46557.0
201801,전북특별자치도,관광총소비,813178.0
201801,전북특별자치도,호텔,21903.0
201801,전북특별자치도,콘도,248.0
201801,전북특별자치도,캠핑장/펜션,1701.0
201801,전북특별자치도,기타숙박,147338.0
201801,전북특별자치도,여행업,81.0
201801,전북특별자치도,육상운송,16682.0
201801,전북특별자치도,렌터카,1218.0
201801,전북특별자치도,기타관광쇼핑,186517.0
201801,전북특별자치도,레저용품쇼핑,22261.0
201801,전북특별자치도,대형쇼핑몰,200897.0
201801,전북특별자치도,관광유원시설,5.0
201801,전북특별자치도,골프장,802.0
201801,전북특별자치도,기타레저,3556.0
201801,전북특별자치도,문화서비스,899.0
201801,전북특별자치도,의료관광,44482.0
201801,전북특별자치도,뷰티,15542.0
201801,전북특별자치도,일반외식업,129351.0
201801,전북특별자치도,제과음료업,19696.0
201801,기타(지역 미분류),관광총소비,7.6096454E7
201801,기타(지역 미분류),호텔,2.8977332E7
201801,기타(지역 미분류),콘도,730060.0
201801,기타(지역 미분류),캠핑장/펜션,268170.0
201801,기타(지역 미분류),기타숙박,8676266.0
201801,기타(지역 미분류),여행업,1407035.0
201801,기타(지역 미분류),육상운송,3257868.0
201801,기타(지역 미분류),수상운송,6075.0
201801,기타(지역 미분류),항공운송,2.0275884E7
201801,기타(지역 미분류),렌터카,171554.0
201801,기타(지역 미분류),면세점,6689144.0
201801,기타(지역 미분류),기타관광쇼핑,11182.0
201801,기타(지역 미분류),레저용품쇼핑,363257.0
201801,기타(지역 미분류),관광유원시설,4873.0
201801,기타(지역 미분류),골프장,46785.0
201801,기타(지역 미분류),기타레저,56716.0
201801,기타(지역 미분류),문화서비스,84546.0
201801,기타(지역 미분류),의료관광,1883522.0
201801,기타(지역 미분류),뷰티,216979.0
201801,기타(지역 미분류),일반외식업,2612734.0
201801,기타(지역 미분류),제과음료업,356473.0
201802,서울특별시,관광총소비,2.73854263E8
201802,서울특별시,호텔,3.9706026E7
201802,서울특별시,콘도,64501.0
201802,서울특별시,캠핑장/펜션,249374.0
201802,서울특별시,기타숙박,4950228.0
201802,서울특별시,여행업,674030.0
201802,서울특별시,육상운송,2659178.0
201802,서울특별시,항공운송,1641900.0
201802,서울특별시,렌터카,64675.0
201802,서울특별시,면세점,2.3696677E7
201802,서울특별시,기타관광쇼핑,4.2782992E7
201802,서울특별시,레저용품쇼핑,3358693.0
201802,서울특별시,대형쇼핑몰,9.3673289E7
201802,서울특별시,카지노,1.0820003E7
201802,서울특별시,관광유원시설,6200.0
201802,서울특별시,골프장,14385.0
201802,서울특별시,기타레저,408448.0
201802,서울특별시,문화서비스,484063.0
201802,서울특별시,의료관광,1.3890894E7
201802,서울특별시,뷰티,1.5005598E7
201802,서울특별시,일반외식업,1.6828627E7
201802,서울특별시,제과음료업,2874482.0
201802,부산광역시,관광총소비,2.5171969E7
201802,부산광역시,호텔,2029418.0
201802,부산광역시,콘도,319.0
201802,부산광역시,캠핑장/펜션,9724.0
201802,부산광역시,기타숙박,472547.0
201802,부산광역시,여행업,3340.0
201802,부산광역시,육상운송,97475.0
201802,부산광역시,수상운송,8397.0
201802,부산광역시,항공운송,4560.0
201802,부산광역시,렌터카,10815.0
201802,부산광역시,면세점,3005516.0
201802,부산광역시,기타관광쇼핑,2221705.0
201802,부산광역시,레저용품쇼핑,212312.0
201802,부산광역시,대형쇼핑몰,7093682.0
201802,부산광역시,카지노,6951450.0
201802,부산광역시,관광유원시설,30417.0
201802,부산광역시,골프장,13580.0
201802,부산광역시,기타레저,37315.0
201802,부산광역시,문화서비스,6280.0
201802,부산광역시,의료관광,594957.0
201802,부산광역시,뷰티,1306741.0
201802,부산광역시,일반외식업,973421.0
201802,부산광역시,제과음료업,87998.0
201802,대구광역시,관광총소비,3248924.0
201802,대구광역시,호텔,597352.0
201802,대구광역시,캠핑장/펜션,2191.0
201802,대구광역시,기타숙박,68558.0
201802,대구광역시,여행업,5.0
201802,대구광역시,육상운송,72398.0
201802,대구광역시,렌터카,1738.0
201802,대구광역시,기타관광쇼핑,1003754.0
201802,대구광역시,레저용품쇼핑,66226.0
201802,대구광역시,대형쇼핑몰,620720.0
201802,대구광역시,관광유원시설,13196.0
201802,대구광역시,골프장,299.0
201802,대구광역시,기타레저,39527.0
201802,대구광역시,문화서비스,8287.0
201802,대구광역시,의료관광,344843.0
201802,대구광역시,뷰티,59144.0
201802,대구광역시,일반외식업,292717.0
201802,대구광역시,제과음료업,57970.0
201802,인천광역시,관광총소비,3.9760531E7
201802,인천광역시,호텔,1.0399207E7
201802,인천광역시,캠핑장/펜션,10326.0
201802,인천광역시,기타숙박,482857.0
201802,인천광역시,여행업,14302.0
201802,인천광역시,육상운송,172030.0
201802,인천광역시,수상운송,854.0
201802,인천광역시,항공운송,108575.0
201802,인천광역시,렌터카,221073.0
201802,인천광역시,면세점,2.2679491E7
201802,인천광역시,기타관광쇼핑,908067.0
201802,인천광역시,레저용품쇼핑,42650.0
201802,인천광역시,대형쇼핑몰,1517589.0
201802,인천광역시,관광유원시설,283.0
201802,인천광역시,골프장,9357.0
201802,인천광역시,기타레저,42432.0
201802,인천광역시,문화서비스,12112.0
201802,인천광역시,의료관광,674872.0
201802,인천광역시,뷰티,87948.0
201802,인천광역시,일반외식업,1723039.0
201802,인천광역시,제과음료업,653469.0
201802,광주광역시,관광총소비,647459.0
201802,광주광역시,호텔,56939.0
201802,광주광역시,캠핑장/펜션,317.0
201802,광주광역시,기타숙박,130112.0
201802,광주광역시,육상운송,4567.0
201802,광주광역시,기타관광쇼핑,70987.0
201802,광주광역시,레저용품쇼핑,23496.0
201802,광주광역시,대형쇼핑몰,233188.0
201802,광주광역시,관광유원시설,48.0
201802,광주광역시,골프장,166.0
201802,광주광역시,기타레저,2515.0
201802,광주광역시,문화서비스,758.0
201802,광주광역시,의료관광,34782.0
201802,광주광역시,뷰티,10768.0
201802,광주광역시,일반외식업,71762.0
201802,광주광역시,제과음료업,7053.0
201802,대전광역시,관광총소비,2718417.0
201802,대전광역시,호텔,283230.0
201802,대전광역시,캠핑장/펜션,175.0
201802,대전광역시,기타숙박,80234.0
201802,대전광역시,육상운송,1675186.0
201802,대전광역시,렌터카,580.0
201802,대전광역시,면세점,537.0
201802,대전광역시,기타관광쇼핑,92205.0
201802,대전광역시,레저용품쇼핑,12856.0
201802,대전광역시,대형쇼핑몰,341654.0
201802,대전광역시,관광유원시설,416.0
201802,대전광역시,골프장,29013.0
201802,대전광역시,기타레저,3284.0
201802,대전광역시,문화서비스,878.0
201802,대전광역시,의료관광,36641.0
201802,대전광역시,뷰티,33613.0
201802,대전광역시,일반외식업,114005.0
201802,대전광역시,제과음료업,13910.0
201802,울산광역시,관광총소비,1513611.0
201802,울산광역시,호텔,771834.0
201802,울산광역시,캠핑장/펜션,65.0
201802,울산광역시,기타숙박,9240.0
201802,울산광역시,여행업,793.0
201802,울산광역시,육상운송,12963.0
201802,울산광역시,렌터카,1275.0
201802,울산광역시,면세점,3711.0
201802,울산광역시,기타관광쇼핑,65293.0
201802,울산광역시,레저용품쇼핑,10856.0
201802,울산광역시,대형쇼핑몰,425339.0
201802,울산광역시,골프장,1758.0
201802,울산광역시,기타레저,2593.0
201802,울산광역시,문화서비스,799.0
201802,울산광역시,의료관광,58555.0
201802,울산광역시,뷰티,16350.0
201802,울산광역시,일반외식업,125444.0
201802,울산광역시,제과음료업,6743.0
201802,세종특별자치시,관광총소비,73493.0
201802,세종특별자치시,캠핑장/펜션,90.0
201802,세종특별자치시,기타숙박,6171.0
201802,세종특별자치시,육상운송,1435.0
201802,세종특별자치시,기타관광쇼핑,12462.0
201802,세종특별자치시,대형쇼핑몰,27531.0
201802,세종특별자치시,기타레저,78.0
201802,세종특별자치시,의료관광,9424.0
201802,세종특별자치시,뷰티,1361.0
201802,세종특별자치시,일반외식업,13443.0
201802,세종특별자치시,제과음료업,1498.0
201802,경기도,관광총소비,2.8405924E7
201802,경기도,호텔,3784112.0
201802,경기도,콘도,17165.0
201802,경기도,캠핑장/펜션,43380.0
201802,경기도,기타숙박,3867589.0
201802,경기도,여행업,41858.0
201802,경기도,육상운송,339406.0
201802,경기도,수상운송,879.0
201802,경기도,렌터카,97351.0
201802,경기도,면세점,1212.0
201802,경기도,기타관광쇼핑,5343795.0
201802,경기도,레저용품쇼핑,1122046.0
201802,경기도,대형쇼핑몰,7472899.0
201802,경기도,관광유원시설,123153.0
201802,경기도,골프장,49655.0
201802,경기도,스키장,56119.0
201802,경기도,기타레저,117051.0
201802,경기도,문화서비스,34459.0
201802,경기도,의료관광,1628174.0
201802,경기도,뷰티,396236.0
201802,경기도,일반외식업,3611503.0
201802,경기도,제과음료업,257883.0
201802,충청북도,관광총소비,813935.0
201802,충청북도,호텔,97608.0
201802,충청북도,콘도,120.0
201802,충청북도,캠핑장/펜션,803.0
201802,충청북도,기타숙박,185253.0
201802,충청북도,여행업,1893.0
201802,충청북도,육상운송,25196.0
201802,충청북도,렌터카,186.0
201802,충청북도,기타관광쇼핑,88882.0
201802,충청북도,레저용품쇼핑,9498.0
201802,충청북도,대형쇼핑몰,226483.0
201802,충청북도,골프장,1238.0
201802,충청북도,기타레저,1350.0
201802,충청북도,문화서비스,217.0
201802,충청북도,의료관광,27121.0
201802,충청북도,뷰티,6690.0
201802,충청북도,일반외식업,134715.0
201802,충청북도,제과음료업,6683.0
201802,충청남도,관광총소비,1322200.0
201802,충청남도,호텔,414298.0
201802,충청남도,콘도,1713.0
201802,충청남도,캠핑장/펜션,7031.0
201802,충청남도,기타숙박,156561.0
201802,충청남도,육상운송,65627.0
201802,충청남도,렌터카,1466.0
201802,충청남도,기타관광쇼핑,135555.0
201802,충청남도,레저용품쇼핑,27357.0
201802,충청남도,대형쇼핑몰,263462.0
201802,충청남도,관광유원시설,46.0
201802,충청남도,골프장,2627.0
201802,충청남도,기타레저,11075.0
201802,충청남도,문화서비스,872.0
201802,충청남도,의료관광,72500.0
201802,충청남도,뷰티,16337.0
201802,충청남도,일반외식업,130663.0
201802,충청남도,제과음료업,15008.0
201802,전라남도,관광총소비,474571.0
201802,전라남도,호텔,113311.0
201802,전라남도,콘도,491.0
201802,전라남도,캠핑장/펜션,3270.0
201802,전라남도,기타숙박,52301.0
201802,전라남도,육상운송,16836.0
201802,전라남도,수상운송,96.0
201802,전라남도,렌터카,70.0
201802,전라남도,기타관광쇼핑,76915.0
201802,전라남도,레저용품쇼핑,9474.0
201802,전라남도,대형쇼핑몰,80296.0
201802,전라남도,관광유원시설,187.0
201802,전라남도,골프장,2952.0
201802,전라남도,기타레저,3984.0
201802,전라남도,문화서비스,277.0
201802,전라남도,의료관광,11435.0
201802,전라남도,뷰티,2912.0
201802,전라남도,일반외식업,66456.0
201802,전라남도,제과음료업,33308.0
201802,경상북도,관광총소비,1396313.0
201802,경상북도,호텔,408445.0
201802,경상북도,콘도,3166.0
201802,경상북도,캠핑장/펜션,1578.0
201802,경상북도,기타숙박,144562.0
201802,경상북도,여행업,310.0
201802,경상북도,육상운송,43432.0
201802,경상북도,수상운송,48.0
201802,경상북도,렌터카,9399.0
201802,경상북도,기타관광쇼핑,208125.0
201802,경상북도,레저용품쇼핑,9583.0
201802,경상북도,대형쇼핑몰,176887.0
201802,경상북도,관광유원시설,482.0
201802,경상북도,골프장,10356.0
201802,경상북도,기타레저,6512.0
201802,경상북도,문화서비스,2432.0
201802,경상북도,의료관광,35289.0
201802,경상북도,뷰티,51436.0
201802,경상북도,일반외식업,261041.0
201802,경상북도,제과음료업,23230.0
201802,경상남도,관광총소비,2884065.0
201802,경상남도,호텔,542291.0
201802,경상남도,콘도,100.0
201802,경상남도,캠핑장/펜션,1939.0
201802,경상남도,기타숙박,344645.0
201802,경상남도,육상운송,90830.0
201802,경상남도,수상운송,81.0
201802,경상남도,렌터카,18077.0
201802,경상남도,기타관광쇼핑,298886.0
201802,경상남도,레저용품쇼핑,38545.0
201802,경상남도,대형쇼핑몰,727524.0
201802,경상남도,관광유원시설,228.0
201802,경상남도,골프장,35814.0
201802,경상남도,기타레저,19445.0
201802,경상남도,문화서비스,2408.0
201802,경상남도,의료관광,125708.0
201802,경상남도,뷰티,34472.0
201802,경상남도,일반외식업,574687.0
201802,경상남도,제과음료업,28383.0
201802,제주특별자치도,관광총소비,9277800.0
201802,제주특별자치도,호텔,671096.0
201802,제주특별자치도,콘도,725329.0
201802,제주특별자치도,캠핑장/펜션,38488.0
201802,제주특별자치도,기타숙박,470995.0
201802,제주특별자치도,여행업,553.0
201802,제주특별자치도,육상운송,30056.0
201802,제주특별자치도,수상운송,13360.0
201802,제주특별자치도,항공운송,8335.0
201802,제주특별자치도,렌터카,82896.0
201802,제주특별자치도,면세점,1994680.0
201802,제주특별자치도,기타관광쇼핑,2044406.0
201802,제주특별자치도,레저용품쇼핑,254393.0
201802,제주특별자치도,대형쇼핑몰,426559.0
201802,제주특별자치도,관광유원시설,7745.0
201802,제주특별자치도,골프장,102942.0
201802,제주특별자치도,기타레저,37447.0
201802,제주특별자치도,문화서비스,60146.0
201802,제주특별자치도,의료관광,248783.0
201802,제주특별자치도,뷰티,846537.0
201802,제주특별자치도,일반외식업,1115087.0
201802,제주특별자치도,제과음료업,97966.0
201802,강원특별자치도,관광총소비,1.1730792E7
201802,강원특별자치도,호텔,1700145.0
201802,강원특별자치도,콘도,531708.0
201802,강원특별자치도,캠핑장/펜션,305298.0
201802,강원특별자치도,기타숙박,1925335.0
201802,강원특별자치도,여행업,15001.0
201802,강원특별자치도,육상운송,252535.0
201802,강원특별자치도,수상운송,36.0
201802,강원특별자치도,렌터카,58357.0
201802,강원특별자치도,면세점,13462.0
201802,강원특별자치도,기타관광쇼핑,1538378.0
201802,강원특별자치도,레저용품쇼핑,462878.0
201802,강원특별자치도,대형쇼핑몰,1175011.0
201802,강원특별자치도,관광유원시설,398.0
201802,강원특별자치도,골프장,43330.0
201802,강원특별자치도,기타레저,95867.0
201802,강원특별자치도,문화서비스,174640.0
201802,강원특별자치도,의료관광,124159.0
201802,강원특별자치도,뷰티,100327.0
201802,강원특별자치도,일반외식업,2828341.0
201802,강원특별자치도,제과음료업,385586.0
201802,전북특별자치도,관광총소비,744554.0
201802,전북특별자치도,호텔,24246.0
201802,전북특별자치도,콘도,331.0
201802,전북특별자치도,캠핑장/펜션,2188.0
201802,전북특별자치도,기타숙박,116338.0
201802,전북특별자치도,육상운송,15417.0
201802,전북특별자치도,렌터카,1130.0
201802,전북특별자치도,기타관광쇼핑,116122.0
201802,전북특별자치도,레저용품쇼핑,24159.0
201802,전북특별자치도,대형쇼핑몰,241454.0
201802,전북특별자치도,골프장,1329.0
201802,전북특별자치도,기타레저,4871.0
201802,전북특별자치도,문화서비스,1713.0
201802,전북특별자치도,의료관광,35838.0
201802,전북특별자치도,뷰티,15555.0
201802,전북특별자치도,일반외식업,125326.0
201802,전북특별자치도,제과음료업,18536.0
201802,기타(지역 미분류),관광총소비,7.0413029E7
201802,기타(지역 미분류),호텔,2.891471E7
201802,기타(지역 미분류),콘도,724291.0
201802,기타(지역 미분류),캠핑장/펜션,295010.0
201802,기타(지역 미분류),기타숙박,7880058.0
201802,기타(지역 미분류),여행업,762704.0
201802,기타(지역 미분류),육상운송,2458696.0
201802,기타(지역 미분류),수상운송,5916.0
201802,기타(지역 미분류),항공운송,1.6464865E7
201802,기타(지역 미분류),렌터카,178145.0
201802,기타(지역 미분류),면세점,6548826.0
201802,기타(지역 미분류),기타관광쇼핑,15367.0
201802,기타(지역 미분류),레저용품쇼핑,369657.0
201802,기타(지역 미분류),관광유원시설,4859.0
201802,기타(지역 미분류),골프장,33920.0
201802,기타(지역 미분류),기타레저,50736.0
201802,기타(지역 미분류),문화서비스,77414.0
201802,기타(지역 미분류),의료관광,1693826.0
201802,기타(지역 미분류),뷰티,230850.0
201802,기타(지역 미분류),일반외식업,3299375.0
201802,기타(지역 미분류),제과음료업,403803.0
201803,서울특별시,관광총소비,3.18524082E8
201803,서울특별시,호텔,5.3418567E7
201803,서울특별시,콘도,43803.0
201803,서울특별시,캠핑장/펜션,309310.0
201803,서울특별시,기타숙박,6780382.0
201803,서울특별시,여행업,726663.0
201803,서울특별시,육상운송,2874193.0
201803,서울특별시,수상운송,196.0
201803,서울특별시,항공운송,1935801.0
201803,서울특별시,렌터카,53904.0
201803,서울특별시,면세점,3.5971949E7
201803,서울특별시,기타관광쇼핑,5.401897E7
201803,서울특별시,레저용품쇼핑,4569834.0
201803,서울특별시,대형쇼핑몰,8.0062256E7
201803,서울특별시,카지노,1.5394051E7
201803,서울특별시,관광유원시설,5229.0
201803,서울특별시,골프장,20007.0
201803,서울특별시,기타레저,485301.0
201803,서울특별시,문화서비스,392645.0
201803,서울특별시,의료관광,1.9146467E7
201803,서울특별시,뷰티,1.8620218E7
201803,서울특별시,일반외식업,1.9980304E7
201803,서울특별시,제과음료업,3714034.0
201803,부산광역시,관광총소비,3.0758007E7
201803,부산광역시,호텔,2600598.0
201803,부산광역시,콘도,1993.0
201803,부산광역시,캠핑장/펜션,15745.0
201803,부산광역시,기타숙박,732552.0
201803,부산광역시,여행업,5034.0
201803,부산광역시,육상운송,118892.0
201803,부산광역시,수상운송,9028.0
201803,부산광역시,항공운송,4484.0
201803,부산광역시,렌터카,13635.0
201803,부산광역시,면세점,3899634.0
201803,부산광역시,기타관광쇼핑,2786472.0
201803,부산광역시,레저용품쇼핑,226193.0
201803,부산광역시,대형쇼핑몰,7798765.0
201803,부산광역시,카지노,8395774.0
201803,부산광역시,관광유원시설,32987.0
201803,부산광역시,골프장,19538.0
201803,부산광역시,기타레저,60682.0
201803,부산광역시,문화서비스,5606.0
201803,부산광역시,의료관광,982628.0
201803,부산광역시,뷰티,1645665.0
201803,부산광역시,일반외식업,1282382.0
201803,부산광역시,제과음료업,119721.0
201803,대구광역시,관광총소비,4321007.0
201803,대구광역시,호텔,1172518.0
201803,대구광역시,캠핑장/펜션,1712.0
201803,대구광역시,기타숙박,121746.0
201803,대구광역시,여행업,8.0
201803,대구광역시,육상운송,77090.0
201803,대구광역시,렌터카,3195.0
201803,대구광역시,기타관광쇼핑,1261775.0
201803,대구광역시,레저용품쇼핑,101194.0
201803,대구광역시,대형쇼핑몰,573485.0
201803,대구광역시,관광유원시설,28917.0
201803,대구광역시,골프장,570.0
201803,대구광역시,기타레저,61414.0
201803,대구광역시,문화서비스,5683.0
201803,대구광역시,의료관광,310205.0
201803,대구광역시,뷰티,84838.0
201803,대구광역시,일반외식업,459028.0
201803,대구광역시,제과음료업,57630.0
201803,인천광역시,관광총소비,4.337131E7
201803,인천광역시,호텔,1.3573771E7
201803,인천광역시,캠핑장/펜션,8533.0
201803,인천광역시,기타숙박,740401.0
201803,인천광역시,여행업,4078.0
201803,인천광역시,육상운송,200838.0
201803,인천광역시,수상운송,172.0
201803,인천광역시,항공운송,98158.0
201803,인천광역시,렌터카,245887.0
201803,인천광역시,면세점,2.2996831E7
201803,인천광역시,기타관광쇼핑,762513.0
201803,인천광역시,레저용품쇼핑,51164.0
201803,인천광역시,대형쇼핑몰,1556154.0
201803,인천광역시,관광유원시설,279.0
201803,인천광역시,골프장,40998.0
201803,인천광역시,기타레저,58041.0
201803,인천광역시,문화서비스,2547.0
201803,인천광역시,의료관광,623299.0
201803,인천광역시,뷰티,96800.0
201803,인천광역시,일반외식업,1648061.0
201803,인천광역시,제과음료업,662786.0
201803,광주광역시,관광총소비,1089385.0
201803,광주광역시,호텔,93568.0
201803,광주광역시,캠핑장/펜션,697.0
201803,광주광역시,기타숙박,252103.0
201803,광주광역시,육상운송,4613.0
201803,광주광역시,렌터카,940.0
201803,광주광역시,기타관광쇼핑,131664.0
201803,광주광역시,레저용품쇼핑,27739.0
201803,광주광역시,대형쇼핑몰,366809.0
201803,광주광역시,관광유원시설,64.0
201803,광주광역시,골프장,185.0
201803,광주광역시,기타레저,3138.0
201803,광주광역시,문화서비스,626.0
201803,광주광역시,의료관광,60393.0
201803,광주광역시,뷰티,19163.0
201803,광주광역시,일반외식업,113701.0
201803,광주광역시,제과음료업,13982.0
201803,대전광역시,관광총소비,2375069.0
201803,대전광역시,호텔,318340.0
201803,대전광역시,캠핑장/펜션,60.0
201803,대전광역시,기타숙박,94648.0
201803,대전광역시,육상운송,1014584.0
201803,대전광역시,렌터카,1191.0
201803,대전광역시,기타관광쇼핑,194446.0
201803,대전광역시,레저용품쇼핑,19127.0
201803,대전광역시,대형쇼핑몰,348977.0
201803,대전광역시,관광유원시설,952.0
201803,대전광역시,골프장,54819.0
201803,대전광역시,기타레저,11544.0
201803,대전광역시,문화서비스,934.0
201803,대전광역시,의료관광,65984.0
201803,대전광역시,뷰티,41464.0
201803,대전광역시,일반외식업,186205.0
201803,대전광역시,제과음료업,21793.0
201803,울산광역시,관광총소비,1343983.0
201803,울산광역시,호텔,707143.0
201803,울산광역시,캠핑장/펜션,4355.0
201803,울산광역시,기타숙박,28200.0
201803,울산광역시,여행업,641.0
201803,울산광역시,육상운송,13883.0
201803,울산광역시,렌터카,1620.0
201803,울산광역시,기타관광쇼핑,82462.0
201803,울산광역시,레저용품쇼핑,8098.0
201803,울산광역시,대형쇼핑몰,240579.0
201803,울산광역시,골프장,2046.0
201803,울산광역시,기타레저,3336.0
201803,울산광역시,문화서비스,317.0
201803,울산광역시,의료관광,56927.0
201803,울산광역시,뷰티,15958.0
201803,울산광역시,일반외식업,169642.0
201803,울산광역시,제과음료업,8778.0
201803,세종특별자치시,관광총소비,78045.0
201803,세종특별자치시,캠핑장/펜션,1.0
201803,세종특별자치시,기타숙박,1585.0
201803,세종특별자치시,육상운송,2523.0
201803,세종특별자치시,기타관광쇼핑,19134.0
201803,세종특별자치시,레저용품쇼핑,569.0
201803,세종특별자치시,대형쇼핑몰,23060.0
201803,세종특별자치시,골프장,3452.0
201803,세종특별자치시,기타레저,728.0
201803,세종특별자치시,의료관광,2662.0
201803,세종특별자치시,뷰티,2619.0
201803,세종특별자치시,일반외식업,18502.0
201803,세종특별자치시,제과음료업,3208.0
201803,경기도,관광총소비,3.3236988E7
201803,경기도,호텔,5009471.0
201803,경기도,콘도,3862.0
201803,경기도,캠핑장/펜션,47819.0
201803,경기도,기타숙박,5117577.0
201803,경기도,여행업,50810.0
201803,경기도,육상운송,333385.0
201803,경기도,수상운송,3127.0
201803,경기도,렌터카,94603.0
201803,경기도,면세점,350.0
201803,경기도,기타관광쇼핑,6376018.0
201803,경기도,레저용품쇼핑,520609.0
201803,경기도,대형쇼핑몰,7169190.0
201803,경기도,관광유원시설,235110.0
201803,경기도,골프장,327707.0
201803,경기도,스키장,3044.0
201803,경기도,기타레저,142691.0
201803,경기도,문화서비스,15811.0
201803,경기도,의료관광,2100449.0
201803,경기도,뷰티,619395.0
201803,경기도,일반외식업,4727989.0
201803,경기도,제과음료업,337969.0
201803,충청북도,관광총소비,1112429.0
201803,충청북도,호텔,119775.0
201803,충청북도,캠핑장/펜션,6210.0
201803,충청북도,기타숙박,324725.0
201803,충청북도,여행업,391.0
201803,충청북도,육상운송,27083.0
201803,충청북도,수상운송,10.0
201803,충청북도,렌터카,538.0
201803,충청북도,기타관광쇼핑,135405.0
201803,충청북도,레저용품쇼핑,9605.0
201803,충청북도,대형쇼핑몰,205061.0
201803,충청북도,관광유원시설,124.0
201803,충청북도,골프장,21812.0
201803,충청북도,기타레저,7945.0
201803,충청북도,문화서비스,77.0
201803,충청북도,의료관광,48216.0
201803,충청북도,뷰티,14320.0
201803,충청북도,일반외식업,182101.0
201803,충청북도,제과음료업,9029.0
201803,충청남도,관광총소비,1801956.0
201803,충청남도,호텔,682728.0
201803,충청남도,콘도,2971.0
201803,충청남도,캠핑장/펜션,4406.0
201803,충청남도,기타숙박,197206.0
201803,충청남도,육상운송,50147.0
201803,충청남도,수상운송,122.0
201803,충청남도,렌터카,20039.0
201803,충청남도,기타관광쇼핑,188320.0
201803,충청남도,레저용품쇼핑,10069.0
201803,충청남도,대형쇼핑몰,279800.0
201803,충청남도,관광유원시설,52.0
201803,충청남도,골프장,9491.0
201803,충청남도,기타레저,10257.0
201803,충청남도,문화서비스,458.0
201803,충청남도,의료관광,69994.0
201803,충청남도,뷰티,20261.0
201803,충청남도,일반외식업,234008.0
201803,충청남도,제과음료업,21626.0
201803,전라남도,관광총소비,681474.0
201803,전라남도,호텔,134320.0
201803,전라남도,콘도,579.0
201803,전라남도,캠핑장/펜션,613.0
201803,전라남도,기타숙박,75063.0
201803,전라남도,육상운송,15374.0
201803,전라남도,수상운송,151.0
201803,전라남도,렌터카,1520.0
201803,전라남도,기타관광쇼핑,97307.0
201803,전라남도,레저용품쇼핑,18779.0
201803,전라남도,대형쇼핑몰,132034.0
201803,전라남도,관광유원시설,171.0
201803,전라남도,골프장,3064.0
201803,전라남도,기타레저,5532.0
201803,전라남도,문화서비스,272.0
201803,전라남도,의료관광,16183.0
201803,전라남도,뷰티,6581.0
201803,전라남도,일반외식업,96027.0
201803,전라남도,제과음료업,77904.0
201803,경상북도,관광총소비,2021306.0
201803,경상북도,호텔,692897.0
201803,경상북도,콘도,6992.0
201803,경상북도,캠핑장/펜션,2009.0
201803,경상북도,기타숙박,283467.0
201803,경상북도,여행업,115.0
201803,경상북도,육상운송,47978.0
201803,경상북도,수상운송,21.0
201803,경상북도,렌터카,11818.0
201803,경상북도,기타관광쇼핑,270268.0
201803,경상북도,레저용품쇼핑,16271.0
201803,경상북도,대형쇼핑몰,175479.0
201803,경상북도,관광유원시설,297.0
201803,경상북도,골프장,18803.0
201803,경상북도,기타레저,7700.0
201803,경상북도,문화서비스,1226.0
201803,경상북도,의료관광,33772.0
201803,경상북도,뷰티,57151.0
201803,경상북도,일반외식업,358020.0
201803,경상북도,제과음료업,37021.0
201803,경상남도,관광총소비,3558041.0
201803,경상남도,호텔,811436.0
201803,경상남도,콘도,2042.0
201803,경상남도,캠핑장/펜션,2404.0
201803,경상남도,기타숙박,484861.0
201803,경상남도,육상운송,101146.0
201803,경상남도,수상운송,130.0
201803,경상남도,렌터카,9242.0
201803,경상남도,기타관광쇼핑,291360.0
201803,경상남도,레저용품쇼핑,37756.0
201803,경상남도,대형쇼핑몰,869382.0
201803,경상남도,관광유원시설,486.0
201803,경상남도,골프장,23979.0
201803,경상남도,기타레저,15563.0
201803,경상남도,문화서비스,1195.0
201803,경상남도,의료관광,94375.0
201803,경상남도,뷰티,34969.0
201803,경상남도,일반외식업,741481.0
201803,경상남도,제과음료업,36234.0
201803,제주특별자치도,관광총소비,1.9283999E7
201803,제주특별자치도,호텔,725687.0
201803,제주특별자치도,콘도,7082803.0
201803,제주특별자치도,캠핑장/펜션,26899.0
201803,제주특별자치도,기타숙박,487223.0
201803,제주특별자치도,여행업,942.0
201803,제주특별자치도,육상운송,37224.0
201803,제주특별자치도,수상운송,9912.0
201803,제주특별자치도,항공운송,13655.0
201803,제주특별자치도,렌터카,152741.0
201803,제주특별자치도,면세점,3461493.0
201803,제주특별자치도,기타관광쇼핑,3044270.0
201803,제주특별자치도,레저용품쇼핑,201468.0
201803,제주특별자치도,대형쇼핑몰,461142.0
201803,제주특별자치도,관광유원시설,6087.0
201803,제주특별자치도,골프장,912550.0
201803,제주특별자치도,기타레저,24778.0
201803,제주특별자치도,문화서비스,44740.0
201803,제주특별자치도,의료관광,239581.0
201803,제주특별자치도,뷰티,1137365.0
201803,제주특별자치도,일반외식업,1085222.0
201803,제주특별자치도,제과음료업,128218.0
201803,강원특별자치도,관광총소비,2444131.0
201803,강원특별자치도,호텔,591783.0
201803,강원특별자치도,콘도,108509.0
201803,강원특별자치도,캠핑장/펜션,14425.0
201803,강원특별자치도,기타숙박,255686.0
201803,강원특별자치도,여행업,3317.0
201803,강원특별자치도,육상운송,80413.0
201803,강원특별자치도,수상운송,36.0
201803,강원특별자치도,렌터카,19473.0
201803,강원특별자치도,면세점,5745.0
201803,강원특별자치도,기타관광쇼핑,338058.0
201803,강원특별자치도,레저용품쇼핑,85612.0
201803,강원특별자치도,대형쇼핑몰,238478.0
201803,강원특별자치도,관광유원시설,155.0
201803,강원특별자치도,골프장,18359.0
201803,강원특별자치도,기타레저,17121.0
201803,강원특별자치도,문화서비스,21142.0
201803,강원특별자치도,의료관광,49330.0
201803,강원특별자치도,뷰티,40818.0
201803,강원특별자치도,일반외식업,508519.0
201803,강원특별자치도,제과음료업,47152.0
201803,전북특별자치도,관광총소비,1148283.0
201803,전북특별자치도,호텔,49673.0
201803,전북특별자치도,콘도,923.0
201803,전북특별자치도,캠핑장/펜션,768.0
201803,전북특별자치도,기타숙박,173732.0
201803,전북특별자치도,여행업,70.0
201803,전북특별자치도,육상운송,26952.0
201803,전북특별자치도,렌터카,3244.0
201803,전북특별자치도,기타관광쇼핑,275191.0
201803,전북특별자치도,레저용품쇼핑,40605.0
201803,전북특별자치도,대형쇼핑몰,274044.0
201803,전북특별자치도,관광유원시설,5.0
201803,전북특별자치도,골프장,14523.0
201803,전북특별자치도,기타레저,8933.0
201803,전북특별자치도,문화서비스,2017.0
201803,전북특별자치도,의료관광,36658.0
201803,전북특별자치도,뷰티,19995.0
201803,전북특별자치도,일반외식업,195464.0
201803,전북특별자치도,제과음료업,25486.0
201803,기타(지역 미분류),관광총소비,8.8418014E7
201803,기타(지역 미분류),호텔,3.4542723E7
201803,기타(지역 미분류),콘도,612435.0
201803,기타(지역 미분류),캠핑장/펜션,239249.0
201803,기타(지역 미분류),기타숙박,9502797.0
201803,기타(지역 미분류),여행업,1085960.0
201803,기타(지역 미분류),육상운송,2440077.0
201803,기타(지역 미분류),수상운송,17196.0
201803,기타(지역 미분류),항공운송,2.1927742E7
201803,기타(지역 미분류),렌터카,174097.0
201803,기타(지역 미분류),면세점,9796686.0
201803,기타(지역 미분류),기타관광쇼핑,19528.0
201803,기타(지역 미분류),레저용품쇼핑,489151.0
201803,기타(지역 미분류),관광유원시설,10850.0
201803,기타(지역 미분류),골프장,107640.0
201803,기타(지역 미분류),기타레저,77261.0
201803,기타(지역 미분류),문화서비스,126290.0
201803,기타(지역 미분류),의료관광,2397234.0
201803,기타(지역 미분류),뷰티,313604.0
201803,기타(지역 미분류),일반외식업,3972024.0
201803,기타(지역 미분류),제과음료업,565471.0
201804,서울특별시,관광총소비,3.42276406E8
201804,서울특별시,호텔,5.8565123E7
201804,서울특별시,콘도,85095.0
201804,서울특별시,캠핑장/펜션,298398.0
201804,서울특별시,기타숙박,7110960.0
201804,서울특별시,여행업,719767.0
201804,서울특별시,육상운송,6913805.0
201804,서울특별시,수상운송,7605.0
201804,서울특별시,항공운송,1605698.0
201804,서울특별시,렌터카,54197.0
201804,서울특별시,면세점,3.5278007E7
201804,서울특별시,기타관광쇼핑,5.5084865E7
201804,서울특별시,레저용품쇼핑,4680561.0
201804,서울특별시,대형쇼핑몰,8.8046046E7
201804,서울특별시,카지노,1.6354544E7
201804,서울특별시,관광유원시설,5136.0
201804,서울특별시,골프장,25851.0
201804,서울특별시,기타레저,448949.0
201804,서울특별시,문화서비스,511501.0
201804,서울특별시,의료관광,1.9749725E7
201804,서울특별시,뷰티,2.1584554E7
201804,서울특별시,일반외식업,2.136622E7
201804,서울특별시,제과음료업,3779802.0
201804,부산광역시,관광총소비,3.3372991E7
201804,부산광역시,호텔,3142217.0
201804,부산광역시,콘도,2397.0
201804,부산광역시,캠핑장/펜션,18284.0
201804,부산광역시,기타숙박,855571.0
201804,부산광역시,여행업,7529.0
201804,부산광역시,육상운송,133571.0
201804,부산광역시,수상운송,9721.0
201804,부산광역시,항공운송,7451.0
201804,부산광역시,렌터카,18761.0
201804,부산광역시,면세점,4298130.0
201804,부산광역시,기타관광쇼핑,3122869.0
201804,부산광역시,레저용품쇼핑,277049.0
201804,부산광역시,대형쇼핑몰,8428182.0
201804,부산광역시,카지노,8097885.0
201804,부산광역시,관광유원시설,46813.0
201804,부산광역시,골프장,31437.0
201804,부산광역시,기타레저,84896.0
201804,부산광역시,문화서비스,9203.0
201804,부산광역시,의료관광,1062331.0
201804,부산광역시,뷰티,2033859.0
201804,부산광역시,일반외식업,1547015.0
201804,부산광역시,제과음료업,137820.0
201804,대구광역시,관광총소비,4885780.0
201804,대구광역시,호텔,1139557.0
201804,대구광역시,캠핑장/펜션,2280.0
201804,대구광역시,기타숙박,168027.0
201804,대구광역시,여행업,6.0
201804,대구광역시,육상운송,45668.0
201804,대구광역시,렌터카,1588.0
201804,대구광역시,기타관광쇼핑,1483747.0
201804,대구광역시,레저용품쇼핑,85173.0
201804,대구광역시,대형쇼핑몰,809835.0
201804,대구광역시,관광유원시설,28293.0
201804,대구광역시,골프장,2098.0
201804,대구광역시,기타레저,83315.0
201804,대구광역시,문화서비스,5651.0
201804,대구광역시,의료관광,404751.0
201804,대구광역시,뷰티,73170.0
201804,대구광역시,일반외식업,485115.0
201804,대구광역시,제과음료업,67506.0
201804,인천광역시,관광총소비,4.4084415E7
201804,인천광역시,호텔,1.3728501E7
201804,인천광역시,캠핑장/펜션,13524.0
201804,인천광역시,기타숙박,661435.0
201804,인천광역시,여행업,877.0
201804,인천광역시,육상운송,197250.0
201804,인천광역시,수상운송,761.0
201804,인천광역시,항공운송,61444.0
201804,인천광역시,렌터카,277710.0
201804,인천광역시,면세점,2.3474117E7
201804,인천광역시,기타관광쇼핑,808330.0
201804,인천광역시,레저용품쇼핑,45101.0
201804,인천광역시,대형쇼핑몰,1543141.0
201804,인천광역시,관광유원시설,227.0
201804,인천광역시,골프장,104948.0
201804,인천광역시,기타레저,68135.0
201804,인천광역시,문화서비스,3652.0
201804,인천광역시,의료관광,796093.0
201804,인천광역시,뷰티,104093.0
201804,인천광역시,일반외식업,1584954.0
201804,인천광역시,제과음료업,610123.0
201804,광주광역시,관광총소비,1322267.0
201804,광주광역시,호텔,126705.0
201804,광주광역시,캠핑장/펜션,461.0
201804,광주광역시,기타숙박,499677.0
201804,광주광역시,육상운송,6867.0
201804,광주광역시,렌터카,4085.0
201804,광주광역시,기타관광쇼핑,132161.0
201804,광주광역시,레저용품쇼핑,29211.0
201804,광주광역시,대형쇼핑몰,318641.0
201804,광주광역시,관광유원시설,71.0
201804,광주광역시,골프장,321.0
201804,광주광역시,기타레저,4272.0
201804,광주광역시,문화서비스,1218.0
201804,광주광역시,의료관광,34349.0
201804,광주광역시,뷰티,13331.0
201804,광주광역시,일반외식업,137047.0
201804,광주광역시,제과음료업,13849.0
201804,대전광역시,관광총소비,2445727.0
201804,대전광역시,호텔,394617.0
201804,대전광역시,캠핑장/펜션,30.0
201804,대전광역시,기타숙박,129038.0
201804,대전광역시,여행업,916.0
201804,대전광역시,육상운송,1037221.0
201804,대전광역시,렌터카,2003.0
201804,대전광역시,기타관광쇼핑,153254.0
201804,대전광역시,레저용품쇼핑,15136.0
201804,대전광역시,대형쇼핑몰,344128.0
201804,대전광역시,관광유원시설,932.0
201804,대전광역시,골프장,45576.0
201804,대전광역시,기타레저,4951.0
201804,대전광역시,문화서비스,1553.0
201804,대전광역시,의료관광,59264.0
201804,대전광역시,뷰티,38756.0
201804,대전광역시,일반외식업,195123.0
201804,대전광역시,제과음료업,23229.0
201804,울산광역시,관광총소비,1123909.0
201804,울산광역시,호텔,491313.0
201804,울산광역시,캠핑장/펜션,2584.0
201804,울산광역시,기타숙박,30353.0
201804,울산광역시,여행업,1077.0
201804,울산광역시,육상운송,13645.0
201804,울산광역시,면세점,481.0
201804,울산광역시,기타관광쇼핑,92044.0
201804,울산광역시,레저용품쇼핑,8090.0
201804,울산광역시,대형쇼핑몰,286859.0
201804,울산광역시,관광유원시설,45.0
201804,울산광역시,골프장,5529.0
201804,울산광역시,기타레저,1262.0
201804,울산광역시,문화서비스,208.0
201804,울산광역시,의료관광,35069.0
201804,울산광역시,뷰티,10652.0
201804,울산광역시,일반외식업,135040.0
201804,울산광역시,제과음료업,9658.0
201804,세종특별자치시,관광총소비,77173.0
201804,세종특별자치시,캠핑장/펜션,215.0
201804,세종특별자치시,기타숙박,1875.0
201804,세종특별자치시,육상운송,2982.0
201804,세종특별자치시,기타관광쇼핑,19011.0
201804,세종특별자치시,레저용품쇼핑,1035.0
201804,세종특별자치시,대형쇼핑몰,17878.0
201804,세종특별자치시,골프장,5158.0
201804,세종특별자치시,기타레저,804.0
201804,세종특별자치시,문화서비스,16.0
201804,세종특별자치시,의료관광,5226.0
201804,세종특별자치시,뷰티,1501.0
201804,세종특별자치시,일반외식업,18595.0
201804,세종특별자치시,제과음료업,2877.0
201804,경기도,관광총소비,3.4128668E7
201804,경기도,호텔,4897190.0
201804,경기도,콘도,7531.0
201804,경기도,캠핑장/펜션,57894.0
201804,경기도,기타숙박,4934559.0
201804,경기도,여행업,57133.0
201804,경기도,육상운송,315535.0
201804,경기도,수상운송,4600.0
201804,경기도,렌터카,100466.0
201804,경기도,면세점,144.0
201804,경기도,기타관광쇼핑,7562505.0
201804,경기도,레저용품쇼핑,477809.0
201804,경기도,대형쇼핑몰,7265153.0
201804,경기도,관광유원시설,369504.0
201804,경기도,골프장,483690.0
201804,경기도,스키장,40.0
201804,경기도,기타레저,131381.0
201804,경기도,문화서비스,23969.0
201804,경기도,의료관광,2163479.0
201804,경기도,뷰티,504624.0
201804,경기도,일반외식업,4421012.0
201804,경기도,제과음료업,350452.0
201804,충청북도,관광총소비,981002.0
201804,충청북도,호텔,116335.0
201804,충청북도,콘도,189.0
201804,충청북도,캠핑장/펜션,1266.0
201804,충청북도,기타숙박,249551.0
201804,충청북도,육상운송,27202.0
201804,충청북도,렌터카,277.0
201804,충청북도,기타관광쇼핑,132055.0
201804,충청북도,레저용품쇼핑,16335.0
201804,충청북도,대형쇼핑몰,209405.0
201804,충청북도,관광유원시설,50.0
201804,충청북도,골프장,13693.0
201804,충청북도,기타레저,3812.0
201804,충청북도,문화서비스,252.0
201804,충청북도,의료관광,40005.0
201804,충청북도,뷰티,12138.0
201804,충청북도,일반외식업,145881.0
201804,충청북도,제과음료업,12556.0
201804,충청남도,관광총소비,1676600.0
201804,충청남도,호텔,583293.0
201804,충청남도,콘도,5308.0
201804,충청남도,캠핑장/펜션,4472.0
201804,충청남도,기타숙박,202799.0
201804,충청남도,여행업,47.0
201804,충청남도,육상운송,48685.0
201804,충청남도,수상운송,10.0
201804,충청남도,렌터카,4511.0
201804,충청남도,기타관광쇼핑,168949.0
201804,충청남도,레저용품쇼핑,9494.0
201804,충청남도,대형쇼핑몰,263491.0
201804,충청남도,관광유원시설,122.0
201804,충청남도,골프장,17766.0
201804,충청남도,기타레저,6300.0
201804,충청남도,문화서비스,658.0
201804,충청남도,의료관광,85913.0
201804,충청남도,뷰티,24099.0
201804,충청남도,일반외식업,228787.0
201804,충청남도,제과음료업,21896.0
201804,전라남도,관광총소비,782390.0
201804,전라남도,호텔,147547.0
201804,전라남도,콘도,172.0
201804,전라남도,캠핑장/펜션,1351.0
201804,전라남도,기타숙박,89966.0
201804,전라남도,여행업,340.0
201804,전라남도,육상운송,16082.0
201804,전라남도,수상운송,548.0
201804,전라남도,렌터카,2077.0
201804,전라남도,기타관광쇼핑,123041.0
201804,전라남도,레저용품쇼핑,19720.0
201804,전라남도,대형쇼핑몰,141740.0
201804,전라남도,관광유원시설,522.0
201804,전라남도,골프장,7235.0
201804,전라남도,기타레저,6044.0
201804,전라남도,문화서비스,969.0
201804,전라남도,의료관광,20901.0
201804,전라남도,뷰티,9060.0
201804,전라남도,일반외식업,129860.0
201804,전라남도,제과음료업,65215.0
201804,경상북도,관광총소비,2262984.0
201804,경상북도,호텔,644027.0
201804,경상북도,콘도,27314.0
201804,경상북도,캠핑장/펜션,8441.0
201804,경상북도,기타숙박,285672.0
201804,경상북도,여행업,4700.0
201804,경상북도,육상운송,72743.0
201804,경상북도,수상운송,10.0
201804,경상북도,렌터카,15296.0
201804,경상북도,기타관광쇼핑,370963.0
201804,경상북도,레저용품쇼핑,34115.0
201804,경상북도,대형쇼핑몰,198384.0
201804,경상북도,관광유원시설,618.0
201804,경상북도,골프장,13702.0
201804,경상북도,기타레저,14430.0
201804,경상북도,문화서비스,3563.0
201804,경상북도,의료관광,53125.0
201804,경상북도,뷰티,57737.0
201804,경상북도,일반외식업,398234.0
201804,경상북도,제과음료업,59911.0
201804,경상남도,관광총소비,3902083.0
201804,경상남도,호텔,846589.0
201804,경상남도,콘도,1260.0
201804,경상남도,캠핑장/펜션,3473.0
201804,경상남도,기타숙박,506719.0
201804,경상남도,여행업,2386.0
201804,경상남도,육상운송,109510.0
201804,경상남도,수상운송,36.0
201804,경상남도,렌터카,6062.0
201804,경상남도,기타관광쇼핑,280187.0
201804,경상남도,레저용품쇼핑,40284.0
201804,경상남도,대형쇼핑몰,1028962.0
201804,경상남도,관광유원시설,1134.0
201804,경상남도,골프장,73041.0
201804,경상남도,기타레저,19756.0
201804,경상남도,문화서비스,4182.0
201804,경상남도,의료관광,138579.0
201804,경상남도,뷰티,41248.0
201804,경상남도,일반외식업,751027.0
201804,경상남도,제과음료업,47646.0
201804,제주특별자치도,관광총소비,2.0871356E7
201804,제주특별자치도,호텔,1344163.0
201804,제주특별자치도,콘도,6592228.0
201804,제주특별자치도,캠핑장/펜션,49870.0
201804,제주특별자치도,기타숙박,1082894.0
201804,제주특별자치도,여행업,10707.0
201804,제주특별자치도,육상운송,59321.0
201804,제주특별자치도,수상운송,21764.0
201804,제주특별자치도,항공운송,38417.0
201804,제주특별자치도,렌터카,201194.0
201804,제주특별자치도,면세점,2828889.0
201804,제주특별자치도,기타관광쇼핑,3787140.0
201804,제주특별자치도,레저용품쇼핑,292154.0
201804,제주특별자치도,대형쇼핑몰,518565.0
201804,제주특별자치도,관광유원시설,12151.0
201804,제주특별자치도,골프장,260881.0
201804,제주특별자치도,기타레저,69950.0
201804,제주특별자치도,문화서비스,81821.0
201804,제주특별자치도,의료관광,151906.0
201804,제주특별자치도,뷰티,1650743.0
201804,제주특별자치도,일반외식업,1656421.0
201804,제주특별자치도,제과음료업,160176.0
201804,강원특별자치도,관광총소비,1136797.0
201804,강원특별자치도,호텔,120160.0
201804,강원특별자치도,콘도,76951.0
201804,강원특별자치도,캠핑장/펜션,7262.0
201804,강원특별자치도,기타숙박,88969.0
201804,강원특별자치도,여행업,9151.0
201804,강원특별자치도,육상운송,115485.0
201804,강원특별자치도,수상운송,66.0
201804,강원특별자치도,렌터카,2772.0
201804,강원특별자치도,면세점,6588.0
201804,강원특별자치도,기타관광쇼핑,214760.0
201804,강원특별자치도,레저용품쇼핑,20866.0
201804,강원특별자치도,대형쇼핑몰,138170.0
201804,강원특별자치도,관광유원시설,185.0
201804,강원특별자치도,골프장,48670.0
201804,강원특별자치도,기타레저,14316.0
201804,강원특별자치도,문화서비스,2672.0
201804,강원특별자치도,의료관광,32964.0
201804,강원특별자치도,뷰티,14782.0
201804,강원특별자치도,일반외식업,202931.0
201804,강원특별자치도,제과음료업,19076.0
201804,전북특별자치도,관광총소비,1075783.0
201804,전북특별자치도,호텔,25983.0
201804,전북특별자치도,콘도,1939.0
201804,전북특별자치도,캠핑장/펜션,17333.0
201804,전북특별자치도,기타숙박,184216.0
201804,전북특별자치도,육상운송,26715.0
201804,전북특별자치도,렌터카,4682.0
201804,전북특별자치도,기타관광쇼핑,182370.0
201804,전북특별자치도,레저용품쇼핑,35487.0
201804,전북특별자치도,대형쇼핑몰,258990.0
201804,전북특별자치도,관광유원시설,23.0
201804,전북특별자치도,골프장,5958.0
201804,전북특별자치도,기타레저,11482.0
201804,전북특별자치도,문화서비스,3408.0
201804,전북특별자치도,의료관광,82079.0
201804,전북특별자치도,뷰티,20248.0
201804,전북특별자치도,일반외식업,188336.0
201804,전북특별자치도,제과음료업,26534.0
201804,기타(지역 미분류),관광총소비,9.1545912E7
201804,기타(지역 미분류),호텔,3.7857958E7
201804,기타(지역 미분류),콘도,746076.0
201804,기타(지역 미분류),캠핑장/펜션,124023.0
201804,기타(지역 미분류),기타숙박,1.0564987E7
201804,기타(지역 미분류),여행업,778083.0
201804,기타(지역 미분류),육상운송,2192882.0
201804,기타(지역 미분류),수상운송,22410.0
201804,기타(지역 미분류),항공운송,2.0663519E7
201804,기타(지역 미분류),렌터카,170201.0
201804,기타(지역 미분류),면세점,9510106.0
201804,기타(지역 미분류),기타관광쇼핑,27392.0
201804,기타(지역 미분류),레저용품쇼핑,588999.0
201804,기타(지역 미분류),관광유원시설,20352.0
201804,기타(지역 미분류),골프장,233003.0
201804,기타(지역 미분류),기타레저,58845.0
201804,기타(지역 미분류),문화서비스,178950.0
201804,기타(지역 미분류),의료관광,2724544.0
201804,기타(지역 미분류),뷰티,342847.0
201804,기타(지역 미분류),일반외식업,4018894.0
201804,기타(지역 미분류),제과음료업,721843.0
201805,서울특별시,관광총소비,3.54686156E8
201805,서울특별시,호텔,5.4937732E7
201805,서울특별시,콘도,112294.0
201805,서울특별시,캠핑장/펜션,182855.0
201805,서울특별시,기타숙박,6741752.0
201805,서울특별시,여행업,699214.0
201805,서울특별시,육상운송,6799614.0
201805,서울특별시,수상운송,16743.0
201805,서울특별시,항공운송,1760562.0
201805,서울특별시,렌터카,64526.0
201805,서울특별시,면세점,3.7743837E7
201805,서울특별시,기타관광쇼핑,5.1155063E7
201805,서울특별시,레저용품쇼핑,4936313.0
201805,서울특별시,대형쇼핑몰,9.8006343E7
201805,서울특별시,카지노,2.2435644E7
201805,서울특별시,관광유원시설,3384.0
201805,서울특별시,골프장,20253.0
201805,서울특별시,기타레저,546588.0
201805,서울특별시,문화서비스,739928.0
201805,서울특별시,의료관광,2.0041566E7
201805,서울특별시,뷰티,2.12049E7
201805,서울특별시,일반외식업,2.2952346E7
201805,서울특별시,제과음료업,3584701.0
201805,부산광역시,관광총소비,3.73011E7
201805,부산광역시,호텔,4652176.0
201805,부산광역시,콘도,2835.0
201805,부산광역시,캠핑장/펜션,21265.0
201805,부산광역시,기타숙박,1205269.0
201805,부산광역시,여행업,6697.0
201805,부산광역시,육상운송,154629.0
201805,부산광역시,수상운송,9901.0
201805,부산광역시,항공운송,8330.0
201805,부산광역시,렌터카,13527.0
201805,부산광역시,면세점,4593517.0
201805,부산광역시,기타관광쇼핑,3162865.0
201805,부산광역시,레저용품쇼핑,282659.0
201805,부산광역시,대형쇼핑몰,9270008.0
201805,부산광역시,카지노,9336350.0
201805,부산광역시,관광유원시설,54573.0
201805,부산광역시,골프장,39106.0
201805,부산광역시,기타레저,73802.0
201805,부산광역시,문화서비스,10520.0
201805,부산광역시,의료관광,834394.0
201805,부산광역시,뷰티,1591384.0
201805,부산광역시,일반외식업,1824053.0
201805,부산광역시,제과음료업,153239.0
201805,대구광역시,관광총소비,4083270.0
201805,대구광역시,호텔,867767.0
201805,대구광역시,캠핑장/펜션,3361.0
201805,대구광역시,기타숙박,140789.0
201805,대구광역시,여행업,960.0
201805,대구광역시,육상운송,38750.0
201805,대구광역시,렌터카,4782.0
201805,대구광역시,기타관광쇼핑,1147354.0
201805,대구광역시,레저용품쇼핑,160430.0
201805,대구광역시,대형쇼핑몰,649644.0
201805,대구광역시,관광유원시설,27953.0
201805,대구광역시,골프장,2939.0
201805,대구광역시,기타레저,70704.0
201805,대구광역시,문화서비스,5561.0
201805,대구광역시,의료관광,333069.0
201805,대구광역시,뷰티,71358.0
201805,대구광역시,일반외식업,485663.0
201805,대구광역시,제과음료업,72183.0
201805,인천광역시,관광총소비,4.5550701E7
201805,인천광역시,호텔,1.1777006E7
201805,인천광역시,캠핑장/펜션,9903.0
201805,인천광역시,기타숙박,829686.0
201805,인천광역시,여행업,8575.0
201805,인천광역시,육상운송,189501.0
201805,인천광역시,수상운송,729.0
201805,인천광역시,항공운송,57448.0
201805,인천광역시,렌터카,226142.0
201805,인천광역시,면세점,2.6577876E7
201805,인천광역시,기타관광쇼핑,954907.0
201805,인천광역시,레저용품쇼핑,45229.0
201805,인천광역시,대형쇼핑몰,1626393.0
201805,인천광역시,관광유원시설,402.0
201805,인천광역시,골프장,119681.0
201805,인천광역시,기타레저,51287.0
201805,인천광역시,문화서비스,2934.0
201805,인천광역시,의료관광,536786.0
201805,인천광역시,뷰티,108766.0
201805,인천광역시,일반외식업,1798023.0
201805,인천광역시,제과음료업,629426.0
201805,광주광역시,관광총소비,2005266.0
201805,광주광역시,호텔,104541.0
201805,광주광역시,캠핑장/펜션,379.0
201805,광주광역시,기타숙박,822078.0
201805,광주광역시,육상운송,11608.0
201805,광주광역시,렌터카,1960.0
201805,광주광역시,기타관광쇼핑,170156.0
201805,광주광역시,레저용품쇼핑,41416.0
201805,광주광역시,대형쇼핑몰,502268.0
201805,광주광역시,관광유원시설,60.0
201805,광주광역시,골프장,1260.0
201805,광주광역시,기타레저,5081.0
201805,광주광역시,문화서비스,2710.0
201805,광주광역시,의료관광,68409.0
201805,광주광역시,뷰티,36184.0
201805,광주광역시,일반외식업,212657.0
201805,광주광역시,제과음료업,24500.0
201805,대전광역시,관광총소비,2442345.0
201805,대전광역시,호텔,373589.0
201805,대전광역시,캠핑장/펜션,340.0
201805,대전광역시,기타숙박,73696.0
201805,대전광역시,여행업,4705.0
201805,대전광역시,육상운송,1075973.0
201805,대전광역시,렌터카,3385.0
201805,대전광역시,기타관광쇼핑,182518.0
201805,대전광역시,레저용품쇼핑,14190.0
201805,대전광역시,대형쇼핑몰,293061.0
201805,대전광역시,관광유원시설,2359.0
201805,대전광역시,골프장,41534.0
201805,대전광역시,기타레저,7053.0
201805,대전광역시,문화서비스,1016.0
201805,대전광역시,의료관광,74349.0
201805,대전광역시,뷰티,43596.0
201805,대전광역시,일반외식업,224725.0
201805,대전광역시,제과음료업,26257.0
201805,울산광역시,관광총소비,1112923.0
201805,울산광역시,호텔,440824.0
201805,울산광역시,캠핑장/펜션,4378.0
201805,울산광역시,기타숙박,59408.0
201805,울산광역시,여행업,1007.0
201805,울산광역시,육상운송,14810.0
201805,울산광역시,렌터카,70.0
201805,울산광역시,면세점,6069.0
201805,울산광역시,기타관광쇼핑,89164.0
201805,울산광역시,레저용품쇼핑,8863.0
201805,울산광역시,대형쇼핑몰,236072.0
201805,울산광역시,골프장,3608.0
201805,울산광역시,기타레저,2466.0
201805,울산광역시,문화서비스,427.0
201805,울산광역시,의료관광,71571.0
201805,울산광역시,뷰티,14591.0
201805,울산광역시,일반외식업,148478.0
201805,울산광역시,제과음료업,11116.0
201805,세종특별자치시,관광총소비,85550.0
201805,세종특별자치시,캠핑장/펜션,720.0
201805,세종특별자치시,기타숙박,1260.0
201805,세종특별자치시,육상운송,1751.0
201805,세종특별자치시,기타관광쇼핑,16214.0
201805,세종특별자치시,레저용품쇼핑,764.0
201805,세종특별자치시,대형쇼핑몰,25972.0
201805,세종특별자치시,골프장,9194.0
201805,세종특별자치시,기타레저,373.0
201805,세종특별자치시,문화서비스,86.0
201805,세종특별자치시,의료관광,2685.0
201805,세종특별자치시,뷰티,2991.0
201805,세종특별자치시,일반외식업,19968.0
201805,세종특별자치시,제과음료업,3573.0
201805,경기도,관광총소비,3.442776E7
201805,경기도,호텔,4018003.0
201805,경기도,콘도,1986.0
201805,경기도,캠핑장/펜션,84639.0
201805,경기도,기타숙박,5013989.0
201805,경기도,여행업,62808.0
201805,경기도,육상운송,340507.0
201805,경기도,수상운송,4222.0
201805,경기도,렌터카,117347.0
201805,경기도,면세점,20.0
201805,경기도,기타관광쇼핑,6444427.0
201805,경기도,레저용품쇼핑,537283.0
201805,경기도,대형쇼핑몰,8261150.0
201805,경기도,관광유원시설,306325.0
201805,경기도,골프장,543536.0
201805,경기도,스키장,40.0
201805,경기도,기타레저,145636.0
201805,경기도,문화서비스,39696.0
201805,경기도,의료관광,2332198.0
201805,경기도,뷰티,713748.0
201805,경기도,일반외식업,5066134.0
201805,경기도,제과음료업,394064.0
201805,충청북도,관광총소비,1212536.0
201805,충청북도,호텔,143146.0
201805,충청북도,콘도,163.0
201805,충청북도,캠핑장/펜션,951.0
201805,충청북도,기타숙박,328404.0
201805,충청북도,여행업,1907.0
201805,충청북도,육상운송,27891.0
201805,충청북도,수상운송,39.0
201805,충청북도,렌터카,819.0
201805,충청북도,기타관광쇼핑,186599.0
201805,충청북도,레저용품쇼핑,27355.0
201805,충청북도,대형쇼핑몰,223927.0
201805,충청북도,관광유원시설,117.0
201805,충청북도,골프장,33981.0
201805,충청북도,기타레저,4695.0
201805,충청북도,문화서비스,337.0
201805,충청북도,의료관광,24523.0
201805,충청북도,뷰티,11075.0
201805,충청북도,일반외식업,180089.0
201805,충청북도,제과음료업,16519.0
201805,충청남도,관광총소비,1906374.0
201805,충청남도,호텔,639992.0
201805,충청남도,콘도,6904.0
201805,충청남도,캠핑장/펜션,6000.0
201805,충청남도,기타숙박,240353.0
201805,충청남도,여행업,98.0
201805,충청남도,육상운송,62396.0
201805,충청남도,수상운송,51.0
201805,충청남도,렌터카,10450.0
201805,충청남도,기타관광쇼핑,213525.0
201805,충청남도,레저용품쇼핑,21641.0
201805,충청남도,대형쇼핑몰,270922.0
201805,충청남도,관광유원시설,370.0
201805,충청남도,골프장,24774.0
201805,충청남도,기타레저,10450.0
201805,충청남도,문화서비스,560.0
201805,충청남도,의료관광,49674.0
201805,충청남도,뷰티,24492.0
201805,충청남도,일반외식업,297315.0
201805,충청남도,제과음료업,26407.0
201805,전라남도,관광총소비,894475.0
201805,전라남도,호텔,111212.0
201805,전라남도,콘도,360.0
201805,전라남도,캠핑장/펜션,5718.0
201805,전라남도,기타숙박,94845.0
201805,전라남도,여행업,490.0
201805,전라남도,육상운송,20778.0
201805,전라남도,수상운송,229.0
201805,전라남도,렌터카,2230.0
201805,전라남도,기타관광쇼핑,165022.0
201805,전라남도,레저용품쇼핑,11271.0
201805,전라남도,대형쇼핑몰,130247.0
201805,전라남도,관광유원시설,565.0
201805,전라남도,골프장,94580.0
201805,전라남도,기타레저,5195.0
201805,전라남도,문화서비스,1039.0
201805,전라남도,의료관광,22982.0
201805,전라남도,뷰티,19590.0
201805,전라남도,일반외식업,124547.0
201805,전라남도,제과음료업,83575.0
201805,경상북도,관광총소비,2174205.0
201805,경상북도,호텔,746481.0
201805,경상북도,콘도,9443.0
201805,경상북도,캠핑장/펜션,9267.0
201805,경상북도,기타숙박,243547.0
201805,경상북도,여행업,805.0
201805,경상북도,육상운송,53485.0
201805,경상북도,수상운송,99.0
201805,경상북도,렌터카,14122.0
201805,경상북도,기타관광쇼핑,348362.0
201805,경상북도,레저용품쇼핑,27675.0
201805,경상북도,대형쇼핑몰,183943.0
201805,경상북도,관광유원시설,544.0
201805,경상북도,골프장,16150.0
201805,경상북도,기타레저,10709.0
201805,경상북도,문화서비스,3626.0
201805,경상북도,의료관광,38773.0
201805,경상북도,뷰티,49802.0
201805,경상북도,일반외식업,360549.0
201805,경상북도,제과음료업,56822.0
201805,경상남도,관광총소비,3911424.0
201805,경상남도,호텔,688508.0
201805,경상남도,콘도,1587.0
201805,경상남도,캠핑장/펜션,6858.0
201805,경상남도,기타숙박,516378.0
201805,경상남도,여행업,750.0
201805,경상남도,육상운송,99488.0
201805,경상남도,수상운송,202.0
201805,경상남도,렌터카,4740.0
201805,경상남도,기타관광쇼핑,339079.0
201805,경상남도,레저용품쇼핑,42778.0
201805,경상남도,대형쇼핑몰,1082225.0
201805,경상남도,관광유원시설,351.0
201805,경상남도,골프장,73389.0
201805,경상남도,기타레저,24101.0
201805,경상남도,문화서비스,5416.0
201805,경상남도,의료관광,148285.0
201805,경상남도,뷰티,54537.0
201805,경상남도,일반외식업,769100.0
201805,경상남도,제과음료업,53651.0
201805,제주특별자치도,관광총소비,2.1955397E7
201805,제주특별자치도,호텔,1421962.0
201805,제주특별자치도,콘도,5888264.0
201805,제주특별자치도,캠핑장/펜션,60518.0
201805,제주특별자치도,기타숙박,1054220.0
201805,제주특별자치도,여행업,25922.0
201805,제주특별자치도,육상운송,67588.0
201805,제주특별자치도,수상운송,26624.0
201805,제주특별자치도,항공운송,42652.0
201805,제주특별자치도,렌터카,234535.0
201805,제주특별자치도,면세점,3432165.0
201805,제주특별자치도,기타관광쇼핑,3839620.0
201805,제주특별자치도,레저용품쇼핑,650539.0
201805,제주특별자치도,대형쇼핑몰,542690.0
201805,제주특별자치도,관광유원시설,9201.0
201805,제주특별자치도,골프장,360909.0
201805,제주특별자치도,기타레저,95210.0
201805,제주특별자치도,문화서비스,75631.0
201805,제주특별자치도,의료관광,258633.0
201805,제주특별자치도,뷰티,1587462.0
201805,제주특별자치도,일반외식업,2089311.0
201805,제주특별자치도,제과음료업,191742.0
201805,강원특별자치도,관광총소비,1282649.0
201805,강원특별자치도,호텔,91465.0
201805,강원특별자치도,콘도,68389.0
201805,강원특별자치도,캠핑장/펜션,9011.0
201805,강원특별자치도,기타숙박,162105.0
201805,강원특별자치도,여행업,14574.0
201805,강원특별자치도,육상운송,86481.0
201805,강원특별자치도,수상운송,112.0
201805,강원특별자치도,렌터카,10819.0
201805,강원특별자치도,면세점,267.0
201805,강원특별자치도,기타관광쇼핑,205445.0
201805,강원특별자치도,레저용품쇼핑,29735.0
201805,강원특별자치도,대형쇼핑몰,167472.0
201805,강원특별자치도,관광유원시설,1845.0
201805,강원특별자치도,골프장,53951.0
201805,강원특별자치도,기타레저,18626.0
201805,강원특별자치도,문화서비스,3355.0
201805,강원특별자치도,의료관광,28422.0
201805,강원특별자치도,뷰티,49121.0
201805,강원특별자치도,일반외식업,254253.0
201805,강원특별자치도,제과음료업,27203.0
201805,전북특별자치도,관광총소비,1134323.0
201805,전북특별자치도,호텔,37439.0
201805,전북특별자치도,콘도,3009.0
201805,전북특별자치도,캠핑장/펜션,7451.0
201805,전북특별자치도,기타숙박,160725.0
201805,전북특별자치도,여행업,52.0
201805,전북특별자치도,육상운송,31158.0
201805,전북특별자치도,수상운송,381.0
201805,전북특별자치도,렌터카,11746.0
201805,전북특별자치도,기타관광쇼핑,226332.0
201805,전북특별자치도,레저용품쇼핑,25148.0
201805,전북특별자치도,대형쇼핑몰,290543.0
201805,전북특별자치도,관광유원시설,6.0
201805,전북특별자치도,골프장,10656.0
201805,전북특별자치도,기타레저,4415.0
201805,전북특별자치도,문화서비스,4724.0
201805,전북특별자치도,의료관광,40186.0
201805,전북특별자치도,뷰티,31340.0
201805,전북특별자치도,일반외식업,218680.0
201805,전북특별자치도,제과음료업,30331.0
201805,기타(지역 미분류),관광총소비,9.6986164E7
201805,기타(지역 미분류),호텔,3.8024781E7
201805,기타(지역 미분류),콘도,742703.0
201805,기타(지역 미분류),캠핑장/펜션,105487.0
201805,기타(지역 미분류),기타숙박,1.0966605E7
201805,기타(지역 미분류),여행업,1234561.0
201805,기타(지역 미분류),육상운송,2421857.0
201805,기타(지역 미분류),수상운송,17299.0
201805,기타(지역 미분류),항공운송,2.4742256E7
201805,기타(지역 미분류),렌터카,198295.0
201805,기타(지역 미분류),면세점,9023990.0
201805,기타(지역 미분류),기타관광쇼핑,24549.0
201805,기타(지역 미분류),레저용품쇼핑,582194.0
201805,기타(지역 미분류),관광유원시설,11627.0
201805,기타(지역 미분류),골프장,225253.0
201805,기타(지역 미분류),기타레저,73935.0
201805,기타(지역 미분류),문화서비스,213611.0
201805,기타(지역 미분류),의료관광,2718583.0
201805,기타(지역 미분류),뷰티,375378.0
201805,기타(지역 미분류),일반외식업,4498402.0
201805,기타(지역 미분류),제과음료업,784799.0
201806,서울특별시,관광총소비,3.19132659E8
201806,서울특별시,호텔,5.4436232E7
201806,서울특별시,콘도,60423.0
201806,서울특별시,캠핑장/펜션,208972.0
201806,서울특별시,기타숙박,6759593.0
201806,서울특별시,여행업,729257.0
201806,서울특별시,육상운송,6322238.0
201806,서울특별시,수상운송,19015.0
201806,서울특별시,항공운송,1694766.0
201806,서울특별시,렌터카,60530.0
201806,서울특별시,면세점,3.5060475E7
201806,서울특별시,기타관광쇼핑,5.0720304E7
201806,서울특별시,레저용품쇼핑,4258814.0
201806,서울특별시,대형쇼핑몰,7.0476878E7
201806,서울특별시,카지노,2.0816359E7
201806,서울특별시,관광유원시설,8044.0
201806,서울특별시,골프장,25968.0
201806,서울특별시,기타레저,515395.0
201806,서울특별시,문화서비스,513461.0
201806,서울특별시,의료관광,1.8922646E7
201806,서울특별시,뷰티,2.149668E7
201806,서울특별시,일반외식업,2.2594537E7
201806,서울특별시,제과음료업,3432073.0
201806,부산광역시,관광총소비,3.3904524E7
201806,부산광역시,호텔,2968534.0
201806,부산광역시,콘도,1630.0
201806,부산광역시,캠핑장/펜션,21988.0
201806,부산광역시,기타숙박,823480.0
201806,부산광역시,여행업,18589.0
201806,부산광역시,육상운송,157191.0
201806,부산광역시,수상운송,9408.0
201806,부산광역시,항공운송,5404.0
201806,부산광역시,렌터카,18019.0
201806,부산광역시,면세점,4222909.0
201806,부산광역시,기타관광쇼핑,2957703.0
201806,부산광역시,레저용품쇼핑,236211.0
201806,부산광역시,대형쇼핑몰,8450922.0
201806,부산광역시,카지노,9218187.0
201806,부산광역시,관광유원시설,52833.0
201806,부산광역시,골프장,28203.0
201806,부산광역시,기타레저,92554.0
201806,부산광역시,문화서비스,5237.0
201806,부산광역시,의료관광,1014650.0
201806,부산광역시,뷰티,1728764.0
201806,부산광역시,일반외식업,1725601.0
201806,부산광역시,제과음료업,146507.0
201806,대구광역시,관광총소비,4521087.0
201806,대구광역시,호텔,950526.0
201806,대구광역시,캠핑장/펜션,2508.0
201806,대구광역시,기타숙박,103306.0
201806,대구광역시,여행업,4.0
201806,대구광역시,육상운송,33750.0
201806,대구광역시,렌터카,1843.0
201806,대구광역시,기타관광쇼핑,1399422.0
201806,대구광역시,레저용품쇼핑,87328.0
201806,대구광역시,대형쇼핑몰,910080.0
201806,대구광역시,관광유원시설,25525.0
201806,대구광역시,골프장,1477.0
201806,대구광역시,기타레저,45759.0
201806,대구광역시,문화서비스,4591.0
201806,대구광역시,의료관광,364712.0
201806,대구광역시,뷰티,74126.0
201806,대구광역시,일반외식업,439409.0
201806,대구광역시,제과음료업,76719.0
201806,인천광역시,관광총소비,4.1209903E7
201806,인천광역시,호텔,1.1593212E7
201806,인천광역시,캠핑장/펜션,8364.0
201806,인천광역시,기타숙박,696173.0
201806,인천광역시,여행업,1123.0
201806,인천광역시,육상운송,197654.0
201806,인천광역시,수상운송,1480.0
201806,인천광역시,항공운송,50249.0
201806,인천광역시,렌터카,258822.0
201806,인천광역시,면세점,2.2678499E7
201806,인천광역시,기타관광쇼핑,1017104.0
201806,인천광역시,레저용품쇼핑,42132.0
201806,인천광역시,대형쇼핑몰,1485617.0
201806,인천광역시,관광유원시설,293.0
201806,인천광역시,골프장,118940.0
201806,인천광역시,기타레저,52761.0
201806,인천광역시,문화서비스,2826.0
201806,인천광역시,의료관광,571623.0
201806,인천광역시,뷰티,149019.0
201806,인천광역시,일반외식업,1688519.0
201806,인천광역시,제과음료업,595495.0
201806,광주광역시,관광총소비,1183224.0
201806,광주광역시,호텔,86246.0
201806,광주광역시,캠핑장/펜션,248.0
201806,광주광역시,기타숙박,317067.0
201806,광주광역시,육상운송,7082.0
201806,광주광역시,렌터카,1713.0
201806,광주광역시,기타관광쇼핑,130421.0
201806,광주광역시,레저용품쇼핑,29374.0
201806,광주광역시,대형쇼핑몰,325714.0
201806,광주광역시,관광유원시설,74.0
201806,광주광역시,골프장,284.0
201806,광주광역시,기타레저,8660.0
201806,광주광역시,문화서비스,39253.0
201806,광주광역시,의료관광,65866.0
201806,광주광역시,뷰티,17074.0
201806,광주광역시,일반외식업,137732.0
201806,광주광역시,제과음료업,16416.0
201806,대전광역시,관광총소비,2385303.0
201806,대전광역시,호텔,425336.0
201806,대전광역시,캠핑장/펜션,35.0
201806,대전광역시,기타숙박,68647.0
201806,대전광역시,여행업,3526.0
201806,대전광역시,육상운송,983826.0
201806,대전광역시,렌터카,908.0
201806,대전광역시,기타관광쇼핑,153974.0
201806,대전광역시,레저용품쇼핑,17320.0
201806,대전광역시,대형쇼핑몰,328621.0
201806,대전광역시,관광유원시설,1144.0
201806,대전광역시,골프장,25095.0
201806,대전광역시,기타레저,3487.0
201806,대전광역시,문화서비스,1240.0
201806,대전광역시,의료관광,88464.0
201806,대전광역시,뷰티,49610.0
201806,대전광역시,일반외식업,210733.0
201806,대전광역시,제과음료업,23336.0
201806,울산광역시,관광총소비,1054830.0
201806,울산광역시,호텔,432547.0
201806,울산광역시,캠핑장/펜션,3715.0
201806,울산광역시,기타숙박,37266.0
201806,울산광역시,여행업,880.0
201806,울산광역시,육상운송,24790.0
201806,울산광역시,렌터카,300.0
201806,울산광역시,면세점,2964.0
201806,울산광역시,기타관광쇼핑,79384.0
201806,울산광역시,레저용품쇼핑,7340.0
201806,울산광역시,대형쇼핑몰,252883.0
201806,울산광역시,골프장,4185.0
201806,울산광역시,기타레저,1802.0
201806,울산광역시,문화서비스,452.0
201806,울산광역시,의료관광,27941.0
201806,울산광역시,뷰티,12608.0
201806,울산광역시,일반외식업,155975.0
201806,울산광역시,제과음료업,9796.0
201806,세종특별자치시,관광총소비,104058.0
201806,세종특별자치시,기타숙박,2031.0
201806,세종특별자치시,육상운송,2698.0
201806,세종특별자치시,기타관광쇼핑,37696.0
201806,세종특별자치시,레저용품쇼핑,453.0
201806,세종특별자치시,대형쇼핑몰,21442.0
201806,세종특별자치시,골프장,1191.0
201806,세종특별자치시,기타레저,2105.0
201806,세종특별자치시,문화서비스,14.0
201806,세종특별자치시,의료관광,9878.0
201806,세종특별자치시,뷰티,2662.0
201806,세종특별자치시,일반외식업,21136.0
201806,세종특별자치시,제과음료업,2752.0
201806,경기도,관광총소비,3.3455667E7
201806,경기도,호텔,4373758.0
201806,경기도,콘도,25035.0
201806,경기도,캠핑장/펜션,65486.0
201806,경기도,기타숙박,4890027.0
201806,경기도,여행업,90745.0
201806,경기도,육상운송,344589.0
201806,경기도,수상운송,4729.0
201806,경기도,렌터카,142061.0
201806,경기도,면세점,97.0
201806,경기도,기타관광쇼핑,6710315.0
201806,경기도,레저용품쇼핑,369490.0
201806,경기도,대형쇼핑몰,7071451.0
201806,경기도,관광유원시설,397065.0
201806,경기도,골프장,513412.0
201806,경기도,기타레저,168691.0
201806,경기도,문화서비스,16232.0
201806,경기도,의료관광,2148129.0
201806,경기도,뷰티,632069.0
201806,경기도,일반외식업,5118229.0
201806,경기도,제과음료업,374054.0
201806,충청북도,관광총소비,1070854.0
201806,충청북도,호텔,107260.0
201806,충청북도,캠핑장/펜션,1323.0
201806,충청북도,기타숙박,320845.0
201806,충청북도,육상운송,25835.0
201806,충청북도,렌터카,695.0
201806,충청북도,기타관광쇼핑,137124.0
201806,충청북도,레저용품쇼핑,18859.0
201806,충청북도,대형쇼핑몰,205309.0
201806,충청북도,관광유원시설,112.0
201806,충청북도,골프장,24961.0
201806,충청북도,기타레저,8894.0
201806,충청북도,문화서비스,192.0
201806,충청북도,의료관광,27349.0
201806,충청북도,뷰티,10158.0
201806,충청북도,일반외식업,167827.0
201806,충청북도,제과음료업,14111.0
201806,충청남도,관광총소비,1704052.0
201806,충청남도,호텔,555515.0
201806,충청남도,콘도,9189.0
201806,충청남도,캠핑장/펜션,7038.0
201806,충청남도,기타숙박,169500.0
201806,충청남도,여행업,4.0
201806,충청남도,육상운송,54572.0
201806,충청남도,렌터카,2834.0
201806,충청남도,기타관광쇼핑,212402.0
201806,충청남도,레저용품쇼핑,23768.0
201806,충청남도,대형쇼핑몰,279941.0
201806,충청남도,관광유원시설,224.0
201806,충청남도,골프장,14796.0
201806,충청남도,기타레저,9545.0
201806,충청남도,문화서비스,746.0
201806,충청남도,의료관광,77799.0
201806,충청남도,뷰티,22938.0
201806,충청남도,일반외식업,236998.0
201806,충청남도,제과음료업,26243.0
201806,전라남도,관광총소비,781978.0
201806,전라남도,호텔,106189.0
201806,전라남도,콘도,166.0
201806,전라남도,캠핑장/펜션,1536.0
201806,전라남도,기타숙박,112415.0
201806,전라남도,여행업,480.0
201806,전라남도,육상운송,17279.0
201806,전라남도,수상운송,497.0
201806,전라남도,렌터카,1631.0
201806,전라남도,기타관광쇼핑,125549.0
201806,전라남도,레저용품쇼핑,13506.0
201806,전라남도,대형쇼핑몰,148553.0
201806,전라남도,관광유원시설,287.0
201806,전라남도,골프장,10117.0
201806,전라남도,기타레저,6911.0
201806,전라남도,문화서비스,1001.0
201806,전라남도,의료관광,67769.0
201806,전라남도,뷰티,7620.0
201806,전라남도,일반외식업,111848.0
201806,전라남도,제과음료업,48624.0
201806,경상북도,관광총소비,1902963.0
201806,경상북도,호텔,613625.0
201806,경상북도,콘도,11167.0
201806,경상북도,캠핑장/펜션,6110.0
201806,경상북도,기타숙박,201707.0
201806,경상북도,여행업,706.0
201806,경상북도,육상운송,52862.0
201806,경상북도,수상운송,212.0
201806,경상북도,렌터카,8402.0
201806,경상북도,기타관광쇼핑,250110.0
201806,경상북도,레저용품쇼핑,36006.0
201806,경상북도,대형쇼핑몰,213762.0
201806,경상북도,관광유원시설,508.0
201806,경상북도,골프장,17153.0
201806,경상북도,기타레저,9583.0
201806,경상북도,문화서비스,1408.0
201806,경상북도,의료관광,54227.0
201806,경상북도,뷰티,48753.0
201806,경상북도,일반외식업,327099.0
201806,경상북도,제과음료업,49564.0
201806,경상남도,관광총소비,3758631.0
201806,경상남도,호텔,696384.0
201806,경상남도,콘도,594.0
201806,경상남도,캠핑장/펜션,3243.0
201806,경상남도,기타숙박,510795.0
201806,경상남도,육상운송,109308.0
201806,경상남도,렌터카,3842.0
201806,경상남도,기타관광쇼핑,292577.0
201806,경상남도,레저용품쇼핑,35296.0
201806,경상남도,대형쇼핑몰,895804.0
201806,경상남도,관광유원시설,2157.0
201806,경상남도,골프장,109042.0
201806,경상남도,기타레저,14407.0
201806,경상남도,문화서비스,5371.0
201806,경상남도,의료관광,224966.0
201806,경상남도,뷰티,32366.0
201806,경상남도,일반외식업,765719.0
201806,경상남도,제과음료업,56762.0
201806,제주특별자치도,관광총소비,2.3491872E7
201806,제주특별자치도,호텔,1855714.0
201806,제주특별자치도,콘도,6449305.0
201806,제주특별자치도,캠핑장/펜션,83690.0
201806,제주특별자치도,기타숙박,1434877.0
201806,제주특별자치도,여행업,1585.0
201806,제주특별자치도,육상운송,67107.0
201806,제주특별자치도,수상운송,23197.0
201806,제주특별자치도,항공운송,31376.0
201806,제주특별자치도,렌터카,229491.0
201806,제주특별자치도,면세점,4136264.0
201806,제주특별자치도,기타관광쇼핑,3689500.0
201806,제주특별자치도,레저용품쇼핑,460534.0
201806,제주특별자치도,대형쇼핑몰,588426.0
201806,제주특별자치도,관광유원시설,14962.0
201806,제주특별자치도,골프장,384357.0
201806,제주특별자치도,기타레저,71796.0
201806,제주특별자치도,문화서비스,96774.0
201806,제주특별자치도,의료관광,127946.0
201806,제주특별자치도,뷰티,1216768.0
201806,제주특별자치도,일반외식업,2330160.0
201806,제주특별자치도,제과음료업,198044.0
201806,강원특별자치도,관광총소비,1278447.0
201806,강원특별자치도,호텔,84472.0
201806,강원특별자치도,콘도,139861.0
201806,강원특별자치도,캠핑장/펜션,8888.0
201806,강원특별자치도,기타숙박,90780.0
201806,강원특별자치도,여행업,13079.0
201806,강원특별자치도,육상운송,44405.0
201806,강원특별자치도,수상운송,66.0
201806,강원특별자치도,렌터카,17448.0
201806,강원특별자치도,면세점,2567.0
201806,강원특별자치도,기타관광쇼핑,203601.0
201806,강원특별자치도,레저용품쇼핑,26455.0
201806,강원특별자치도,대형쇼핑몰,128973.0
201806,강원특별자치도,관광유원시설,231.0
201806,강원특별자치도,골프장,131696.0
201806,강원특별자치도,기타레저,28064.0
201806,강원특별자치도,문화서비스,1662.0
201806,강원특별자치도,의료관광,59516.0
201806,강원특별자치도,뷰티,49381.0
201806,강원특별자치도,일반외식업,222868.0
201806,강원특별자치도,제과음료업,24434.0
201806,전북특별자치도,관광총소비,1058311.0
201806,전북특별자치도,호텔,35629.0
201806,전북특별자치도,콘도,4038.0
201806,전북특별자치도,캠핑장/펜션,3274.0
201806,전북특별자치도,기타숙박,128132.0
201806,전북특별자치도,육상운송,30435.0
201806,전북특별자치도,수상운송,982.0
201806,전북특별자치도,렌터카,6051.0
201806,전북특별자치도,기타관광쇼핑,196829.0
201806,전북특별자치도,레저용품쇼핑,28452.0
201806,전북특별자치도,대형쇼핑몰,304591.0
201806,전북특별자치도,관광유원시설,2.0
201806,전북특별자치도,골프장,9164.0
201806,전북특별자치도,기타레저,6953.0
201806,전북특별자치도,문화서비스,1536.0
201806,전북특별자치도,의료관광,39163.0
201806,전북특별자치도,뷰티,23978.0
201806,전북특별자치도,일반외식업,211307.0
201806,전북특별자치도,제과음료업,27795.0
201806,기타(지역 미분류),관광총소비,9.455364E7
201806,기타(지역 미분류),호텔,3.661738E7
201806,기타(지역 미분류),콘도,854931.0
201806,기타(지역 미분류),캠핑장/펜션,129373.0
201806,기타(지역 미분류),기타숙박,1.1029665E7
201806,기타(지역 미분류),여행업,1238292.0
201806,기타(지역 미분류),육상운송,2069480.0
201806,기타(지역 미분류),수상운송,26294.0
201806,기타(지역 미분류),항공운송,2.3895926E7
201806,기타(지역 미분류),렌터카,173776.0
201806,기타(지역 미분류),면세점,8550020.0
201806,기타(지역 미분류),기타관광쇼핑,27037.0
201806,기타(지역 미분류),레저용품쇼핑,567122.0
201806,기타(지역 미분류),관광유원시설,21110.0
201806,기타(지역 미분류),골프장,268068.0
201806,기타(지역 미분류),기타레저,93143.0
201806,기타(지역 미분류),문화서비스,233342.0
201806,기타(지역 미분류),의료관광,2693916.0
201806,기타(지역 미분류),뷰티,428942.0
201806,기타(지역 미분류),일반외식업,4789994.0
201806,기타(지역 미분류),제과음료업,845828.0
201807,서울특별시,관광총소비,3.02076296E8
201807,서울특별시,호텔,5.2530323E7
201807,서울특별시,콘도,141726.0
201807,서울특별시,캠핑장/펜션,189753.0
201807,서울특별시,기타숙박,6825886.0
201807,서울특별시,여행업,693088.0
201807,서울특별시,육상운송,6092604.0
201807,서울특별시,수상운송,25041.0
201807,서울특별시,항공운송,1433081.0
201807,서울특별시,렌터카,59755.0
201807,서울특별시,면세점,3.1228305E7
201807,서울특별시,기타관광쇼핑,4.5442751E7
201807,서울특별시,레저용품쇼핑,3977617.0
201807,서울특별시,대형쇼핑몰,6.7776412E7
201807,서울특별시,카지노,2.0792414E7
201807,서울특별시,관광유원시설,6890.0
201807,서울특별시,골프장,27817.0
201807,서울특별시,기타레저,570989.0
201807,서울특별시,문화서비스,583912.0
201807,서울특별시,의료관광,1.6963347E7
201807,서울특별시,뷰티,2.1777851E7
201807,서울특별시,일반외식업,2.1500526E7
201807,서울특별시,제과음료업,3436210.0
201807,부산광역시,관광총소비,3.3494052E7
201807,부산광역시,호텔,3243507.0
201807,부산광역시,콘도,4285.0
201807,부산광역시,캠핑장/펜션,20040.0
201807,부산광역시,기타숙박,1033519.0
201807,부산광역시,여행업,8127.0
201807,부산광역시,육상운송,163564.0
201807,부산광역시,수상운송,9072.0
201807,부산광역시,항공운송,27453.0
201807,부산광역시,렌터카,10957.0
201807,부산광역시,면세점,3121891.0
201807,부산광역시,기타관광쇼핑,2790145.0
201807,부산광역시,레저용품쇼핑,179639.0
201807,부산광역시,대형쇼핑몰,8100676.0
201807,부산광역시,카지노,1.01757E7
201807,부산광역시,관광유원시설,68527.0
201807,부산광역시,골프장,13829.0
201807,부산광역시,기타레저,105611.0
201807,부산광역시,문화서비스,7799.0
201807,부산광역시,의료관광,948882.0
201807,부산광역시,뷰티,1548902.0
201807,부산광역시,일반외식업,1760691.0
201807,부산광역시,제과음료업,151235.0
201807,대구광역시,관광총소비,4571556.0
201807,대구광역시,호텔,959162.0
201807,대구광역시,캠핑장/펜션,2637.0
201807,대구광역시,기타숙박,130402.0
201807,대구광역시,여행업,30493.0
201807,대구광역시,육상운송,30141.0
201807,대구광역시,항공운송,164.0
201807,대구광역시,렌터카,3322.0
201807,대구광역시,기타관광쇼핑,1055154.0
201807,대구광역시,레저용품쇼핑,77315.0
201807,대구광역시,대형쇼핑몰,1426128.0
201807,대구광역시,관광유원시설,24396.0
201807,대구광역시,골프장,1892.0
201807,대구광역시,기타레저,38742.0
201807,대구광역시,문화서비스,6767.0
201807,대구광역시,의료관광,252685.0
201807,대구광역시,뷰티,89110.0
201807,대구광역시,일반외식업,388241.0
201807,대구광역시,제과음료업,54805.0
201807,인천광역시,관광총소비,4.4129861E7
201807,인천광역시,호텔,1.4150798E7
201807,인천광역시,캠핑장/펜션,10372.0
201807,인천광역시,기타숙박,612159.0
201807,인천광역시,여행업,5109.0
201807,인천광역시,육상운송,172253.0
201807,인천광역시,수상운송,2895.0
201807,인천광역시,항공운송,40294.0
201807,인천광역시,렌터카,249406.0
201807,인천광역시,면세점,2.2879834E7
201807,인천광역시,기타관광쇼핑,900699.0
201807,인천광역시,레저용품쇼핑,38512.0
201807,인천광역시,대형쇼핑몰,1611340.0
201807,인천광역시,관광유원시설,523.0
201807,인천광역시,골프장,86911.0
201807,인천광역시,기타레저,61744.0
201807,인천광역시,문화서비스,2887.0
201807,인천광역시,의료관광,646977.0
201807,인천광역시,뷰티,154672.0
201807,인천광역시,일반외식업,1834228.0
201807,인천광역시,제과음료업,668249.0
201807,광주광역시,관광총소비,1059438.0
201807,광주광역시,호텔,79478.0
201807,광주광역시,캠핑장/펜션,732.0
201807,광주광역시,기타숙박,310014.0
201807,광주광역시,육상운송,7228.0
201807,광주광역시,렌터카,1700.0
201807,광주광역시,기타관광쇼핑,96483.0
201807,광주광역시,레저용품쇼핑,27595.0
201807,광주광역시,대형쇼핑몰,283201.0
201807,광주광역시,관광유원시설,142.0
201807,광주광역시,골프장,466.0
201807,광주광역시,기타레저,2314.0
201807,광주광역시,문화서비스,39772.0
201807,광주광역시,의료관광,50850.0
201807,광주광역시,뷰티,25995.0
201807,광주광역시,일반외식업,119049.0
201807,광주광역시,제과음료업,14419.0
201807,대전광역시,관광총소비,2680086.0
201807,대전광역시,호텔,398858.0
201807,대전광역시,캠핑장/펜션,20.0
201807,대전광역시,기타숙박,107307.0
201807,대전광역시,여행업,4951.0
201807,대전광역시,육상운송,1181766.0
201807,대전광역시,렌터카,4686.0
201807,대전광역시,기타관광쇼핑,157219.0
201807,대전광역시,레저용품쇼핑,11508.0
201807,대전광역시,대형쇼핑몰,356651.0
201807,대전광역시,관광유원시설,1173.0
201807,대전광역시,골프장,62373.0
201807,대전광역시,기타레저,9009.0
201807,대전광역시,문화서비스,1357.0
201807,대전광역시,의료관광,55211.0
201807,대전광역시,뷰티,62500.0
201807,대전광역시,일반외식업,240889.0
201807,대전광역시,제과음료업,24608.0
201807,울산광역시,관광총소비,1129936.0
201807,울산광역시,호텔,413075.0
201807,울산광역시,캠핑장/펜션,550.0
201807,울산광역시,기타숙박,44514.0
201807,울산광역시,여행업,1303.0
201807,울산광역시,육상운송,20955.0
201807,울산광역시,렌터카,2423.0
201807,울산광역시,면세점,1317.0
201807,울산광역시,기타관광쇼핑,82579.0
201807,울산광역시,레저용품쇼핑,7037.0
201807,울산광역시,대형쇼핑몰,303200.0
201807,울산광역시,골프장,5909.0
201807,울산광역시,기타레저,3255.0
201807,울산광역시,문화서비스,132.0
201807,울산광역시,의료관광,56386.0
201807,울산광역시,뷰티,17308.0
201807,울산광역시,일반외식업,159855.0
201807,울산광역시,제과음료업,10136.0
201807,세종특별자치시,관광총소비,79556.0
201807,세종특별자치시,캠핑장/펜션,172.0
201807,세종특별자치시,기타숙박,1923.0
201807,세종특별자치시,육상운송,3050.0
201807,세종특별자치시,기타관광쇼핑,13574.0
201807,세종특별자치시,레저용품쇼핑,933.0
201807,세종특별자치시,대형쇼핑몰,21695.0
201807,세종특별자치시,골프장,1810.0
201807,세종특별자치시,기타레저,1092.0
201807,세종특별자치시,문화서비스,46.0
201807,세종특별자치시,의료관광,9915.0
201807,세종특별자치시,뷰티,1126.0
201807,세종특별자치시,일반외식업,21620.0
201807,세종특별자치시,제과음료업,2600.0
201807,경기도,관광총소비,3.3400747E7
201807,경기도,호텔,3690605.0
201807,경기도,콘도,13399.0
201807,경기도,캠핑장/펜션,40867.0
201807,경기도,기타숙박,5659848.0
201807,경기도,여행업,63336.0
201807,경기도,육상운송,355074.0
201807,경기도,수상운송,3833.0
201807,경기도,렌터카,119736.0
201807,경기도,면세점,3616.0
201807,경기도,기타관광쇼핑,6703167.0
201807,경기도,레저용품쇼핑,406478.0
201807,경기도,대형쇼핑몰,7202884.0
201807,경기도,관광유원시설,458973.0
201807,경기도,골프장,323904.0
201807,경기도,기타레저,193223.0
201807,경기도,문화서비스,18209.0
201807,경기도,의료관광,2173924.0
201807,경기도,뷰티,584710.0
201807,경기도,일반외식업,4994833.0
201807,경기도,제과음료업,390127.0
201807,충청북도,관광총소비,1223466.0
201807,충청북도,호텔,99744.0
201807,충청북도,캠핑장/펜션,2446.0
201807,충청북도,기타숙박,411137.0
201807,충청북도,여행업,1929.0
201807,충청북도,육상운송,38762.0
201807,충청북도,수상운송,20.0
201807,충청북도,렌터카,967.0
201807,충청북도,기타관광쇼핑,134847.0
201807,충청북도,레저용품쇼핑,16517.0
201807,충청북도,대형쇼핑몰,230895.0
201807,충청북도,관광유원시설,77.0
201807,충청북도,골프장,35023.0
201807,충청북도,기타레저,10054.0
201807,충청북도,문화서비스,267.0
201807,충청북도,의료관광,46932.0
201807,충청북도,뷰티,11214.0
201807,충청북도,일반외식업,167658.0
201807,충청북도,제과음료업,14977.0
201807,충청남도,관광총소비,1792768.0
201807,충청남도,호텔,584330.0
201807,충청남도,콘도,13248.0
201807,충청남도,캠핑장/펜션,3355.0
201807,충청남도,기타숙박,171576.0
201807,충청남도,여행업,4.0
201807,충청남도,육상운송,56370.0
201807,충청남도,수상운송,49.0
201807,충청남도,항공운송,653.0
201807,충청남도,렌터카,1859.0
201807,충청남도,기타관광쇼핑,222720.0
201807,충청남도,레저용품쇼핑,14918.0
201807,충청남도,대형쇼핑몰,277680.0
201807,충청남도,관광유원시설,1595.0
201807,충청남도,골프장,9699.0
201807,충청남도,기타레저,16685.0
201807,충청남도,문화서비스,546.0
201807,충청남도,의료관광,93869.0
201807,충청남도,뷰티,18619.0
201807,충청남도,일반외식업,276716.0
201807,충청남도,제과음료업,28280.0
201807,전라남도,관광총소비,890628.0
201807,전라남도,호텔,150925.0
201807,전라남도,콘도,306.0
201807,전라남도,캠핑장/펜션,2473.0
201807,전라남도,기타숙박,85514.0
201807,전라남도,여행업,826.0
201807,전라남도,육상운송,21197.0
201807,전라남도,수상운송,529.0
201807,전라남도,렌터카,1434.0
201807,전라남도,기타관광쇼핑,122643.0
201807,전라남도,레저용품쇼핑,23255.0
201807,전라남도,대형쇼핑몰,230896.0
201807,전라남도,관광유원시설,534.0
201807,전라남도,골프장,13377.0
201807,전라남도,기타레저,11578.0
201807,전라남도,문화서비스,1235.0
201807,전라남도,의료관광,15705.0
201807,전라남도,뷰티,8026.0
201807,전라남도,일반외식업,133104.0
201807,전라남도,제과음료업,67070.0
201807,경상북도,관광총소비,2048238.0
201807,경상북도,호텔,657798.0
201807,경상북도,콘도,18682.0
201807,경상북도,캠핑장/펜션,29507.0
201807,경상북도,기타숙박,234488.0
201807,경상북도,여행업,1714.0
201807,경상북도,육상운송,57613.0
201807,경상북도,수상운송,140.0
201807,경상북도,렌터카,6951.0
201807,경상북도,기타관광쇼핑,251824.0
201807,경상북도,레저용품쇼핑,21772.0
201807,경상북도,대형쇼핑몰,238340.0
201807,경상북도,관광유원시설,852.0
201807,경상북도,골프장,9733.0
201807,경상북도,기타레저,13744.0
201807,경상북도,문화서비스,1728.0
201807,경상북도,의료관광,33083.0
201807,경상북도,뷰티,55507.0
201807,경상북도,일반외식업,362759.0
201807,경상북도,제과음료업,52005.0
201807,경상남도,관광총소비,3403040.0
201807,경상남도,호텔,566819.0
201807,경상남도,콘도,5218.0
201807,경상남도,캠핑장/펜션,5250.0
201807,경상남도,기타숙박,472463.0
201807,경상남도,육상운송,104508.0
201807,경상남도,수상운송,83.0
201807,경상남도,렌터카,7231.0
201807,경상남도,기타관광쇼핑,299169.0
201807,경상남도,레저용품쇼핑,31237.0
201807,경상남도,대형쇼핑몰,897667.0
201807,경상남도,관광유원시설,3071.0
201807,경상남도,골프장,40395.0
201807,경상남도,기타레저,19854.0
201807,경상남도,문화서비스,3287.0
201807,경상남도,의료관광,131955.0
201807,경상남도,뷰티,46353.0
201807,경상남도,일반외식업,721731.0
201807,경상남도,제과음료업,46752.0
201807,제주특별자치도,관광총소비,2.3016739E7
201807,제주특별자치도,호텔,2809163.0
201807,제주특별자치도,콘도,4367782.0
201807,제주특별자치도,캠핑장/펜션,125678.0
201807,제주특별자치도,기타숙박,1906121.0
201807,제주특별자치도,여행업,54126.0
201807,제주특별자치도,육상운송,74207.0
201807,제주특별자치도,수상운송,44570.0
201807,제주특별자치도,항공운송,103080.0
201807,제주특별자치도,렌터카,224447.0
201807,제주특별자치도,면세점,3467748.0
201807,제주특별자치도,기타관광쇼핑,3590732.0
201807,제주특별자치도,레저용품쇼핑,458068.0
201807,제주특별자치도,대형쇼핑몰,714897.0
201807,제주특별자치도,관광유원시설,24550.0
201807,제주특별자치도,골프장,288250.0
201807,제주특별자치도,기타레저,130418.0
201807,제주특별자치도,문화서비스,146931.0
201807,제주특별자치도,의료관광,148984.0
201807,제주특별자치도,뷰티,1357489.0
201807,제주특별자치도,일반외식업,2758269.0
201807,제주특별자치도,제과음료업,221228.0
201807,강원특별자치도,관광총소비,1390700.0
201807,강원특별자치도,호텔,136583.0
201807,강원특별자치도,콘도,152864.0
201807,강원특별자치도,캠핑장/펜션,15193.0
201807,강원특별자치도,기타숙박,137195.0
201807,강원특별자치도,여행업,22254.0
201807,강원특별자치도,육상운송,50716.0
201807,강원특별자치도,수상운송,282.0
201807,강원특별자치도,렌터카,8929.0
201807,강원특별자치도,면세점,3039.0
201807,강원특별자치도,기타관광쇼핑,195918.0
201807,강원특별자치도,레저용품쇼핑,20220.0
201807,강원특별자치도,대형쇼핑몰,167570.0
201807,강원특별자치도,관광유원시설,355.0
201807,강원특별자치도,골프장,35945.0
201807,강원특별자치도,기타레저,42530.0
201807,강원특별자치도,문화서비스,2515.0
201807,강원특별자치도,의료관광,53957.0
201807,강원특별자치도,뷰티,39239.0
201807,강원특별자치도,일반외식업,275221.0
201807,강원특별자치도,제과음료업,30175.0
201807,전북특별자치도,관광총소비,1163998.0
201807,전북특별자치도,호텔,55839.0
201807,전북특별자치도,콘도,3891.0
201807,전북특별자치도,캠핑장/펜션,35790.0
201807,전북특별자치도,기타숙박,145519.0
201807,전북특별자치도,여행업,130.0
201807,전북특별자치도,육상운송,25710.0
201807,전북특별자치도,수상운송,48.0
201807,전북특별자치도,항공운송,11543.0
201807,전북특별자치도,렌터카,3712.0
201807,전북특별자치도,기타관광쇼핑,187346.0
201807,전북특별자치도,레저용품쇼핑,26235.0
201807,전북특별자치도,대형쇼핑몰,348804.0
201807,전북특별자치도,관광유원시설,1.0
201807,전북특별자치도,골프장,5860.0
201807,전북특별자치도,기타레저,17581.0
201807,전북특별자치도,문화서비스,1344.0
201807,전북특별자치도,의료관광,59539.0
201807,전북특별자치도,뷰티,20240.0
201807,전북특별자치도,일반외식업,188824.0
201807,전북특별자치도,제과음료업,26043.0
201807,기타(지역 미분류),관광총소비,9.6089671E7
201807,기타(지역 미분류),호텔,3.5448286E7
201807,기타(지역 미분류),콘도,1276483.0
201807,기타(지역 미분류),캠핑장/펜션,149336.0
201807,기타(지역 미분류),기타숙박,1.1607322E7
201807,기타(지역 미분류),여행업,1332254.0
201807,기타(지역 미분류),육상운송,2996238.0
201807,기타(지역 미분류),수상운송,14697.0
201807,기타(지역 미분류),항공운송,2.3244766E7
201807,기타(지역 미분류),렌터카,191877.0
201807,기타(지역 미분류),면세점,8863998.0
201807,기타(지역 미분류),기타관광쇼핑,21523.0
201807,기타(지역 미분류),레저용품쇼핑,541302.0
201807,기타(지역 미분류),관광유원시설,27100.0
201807,기타(지역 미분류),골프장,254435.0
201807,기타(지역 미분류),기타레저,103378.0
201807,기타(지역 미분류),문화서비스,215547.0
201807,기타(지역 미분류),의료관광,3559976.0
201807,기타(지역 미분류),뷰티,420807.0
201807,기타(지역 미분류),일반외식업,4876443.0
201807,기타(지역 미분류),제과음료업,943901.0
201808,서울특별시,관광총소비,3.23361494E8
201808,서울특별시,호텔,4.9257129E7
201808,서울특별시,콘도,84453.0
201808,서울특별시,캠핑장/펜션,206963.0
201808,서울특별시,기타숙박,7232401.0
201808,서울특별시,여행업,711099.0
201808,서울특별시,육상운송,6252566.0
201808,서울특별시,수상운송,21426.0
201808,서울특별시,항공운송,1368258.0
201808,서울특별시,렌터카,50752.0
201808,서울특별시,면세점,3.3933866E7
201808,서울특별시,기타관광쇼핑,5.1096062E7
201808,서울특별시,레저용품쇼핑,4369753.0
201808,서울특별시,대형쇼핑몰,7.6946223E7
201808,서울특별시,카지노,2.4822336E7
201808,서울특별시,관광유원시설,6905.0
201808,서울특별시,골프장,28453.0
201808,서울특별시,기타레저,541125.0
201808,서울특별시,문화서비스,585944.0
201808,서울특별시,의료관광,1.5734471E7
201808,서울특별시,뷰티,2.4406091E7
201808,서울특별시,일반외식업,2.2093837E7
201808,서울특별시,제과음료업,3611381.0
201808,부산광역시,관광총소비,3.5154224E7
201808,부산광역시,호텔,3334418.0
201808,부산광역시,콘도,5233.0
201808,부산광역시,캠핑장/펜션,23146.0
201808,부산광역시,기타숙박,1146495.0
201808,부산광역시,여행업,9617.0
201808,부산광역시,육상운송,187367.0
201808,부산광역시,수상운송,15786.0
201808,부산광역시,항공운송,46378.0
201808,부산광역시,렌터카,11374.0
201808,부산광역시,면세점,3735749.0
201808,부산광역시,기타관광쇼핑,2697789.0
201808,부산광역시,레저용품쇼핑,238724.0
201808,부산광역시,대형쇼핑몰,8960503.0
201808,부산광역시,카지노,9681219.0
201808,부산광역시,관광유원시설,80210.0
201808,부산광역시,골프장,12044.0
201808,부산광역시,기타레저,105246.0
201808,부산광역시,문화서비스,6878.0
201808,부산광역시,의료관광,1231063.0
201808,부산광역시,뷰티,1608558.0
201808,부산광역시,일반외식업,1844662.0
201808,부산광역시,제과음료업,171765.0
201808,대구광역시,관광총소비,4307535.0
201808,대구광역시,호텔,1369501.0
201808,대구광역시,캠핑장/펜션,1194.0
201808,대구광역시,기타숙박,133907.0
201808,대구광역시,여행업,1550.0
201808,대구광역시,육상운송,20973.0
201808,대구광역시,항공운송,15979.0
201808,대구광역시,렌터카,4846.0
201808,대구광역시,기타관광쇼핑,1115351.0
201808,대구광역시,레저용품쇼핑,48503.0
201808,대구광역시,대형쇼핑몰,814102.0
201808,대구광역시,관광유원시설,17237.0
201808,대구광역시,골프장,520.0
201808,대구광역시,기타레저,34738.0
201808,대구광역시,문화서비스,6084.0
201808,대구광역시,의료관광,197762.0
201808,대구광역시,뷰티,75044.0
201808,대구광역시,일반외식업,392103.0
201808,대구광역시,제과음료업,58139.0
201808,인천광역시,관광총소비,4.120973E7
201808,인천광역시,호텔,1.3976656E7
201808,인천광역시,캠핑장/펜션,11702.0
201808,인천광역시,기타숙박,611212.0
201808,인천광역시,여행업,433.0
201808,인천광역시,육상운송,137308.0
201808,인천광역시,수상운송,1081.0
201808,인천광역시,항공운송,50867.0
201808,인천광역시,렌터카,179967.0
201808,인천광역시,면세점,1.9734154E7
201808,인천광역시,기타관광쇼핑,989551.0
201808,인천광역시,레저용품쇼핑,42676.0
201808,인천광역시,대형쇼핑몰,1914971.0
201808,인천광역시,관광유원시설,249.0
201808,인천광역시,골프장,77652.0
201808,인천광역시,기타레저,55751.0
201808,인천광역시,문화서비스,2744.0
201808,인천광역시,의료관광,622215.0
201808,인천광역시,뷰티,176094.0
201808,인천광역시,일반외식업,1936412.0
201808,인천광역시,제과음료업,688036.0
201808,광주광역시,관광총소비,1088102.0
201808,광주광역시,호텔,61468.0
201808,광주광역시,캠핑장/펜션,870.0
201808,광주광역시,기타숙박,402212.0
201808,광주광역시,육상운송,7764.0
201808,광주광역시,기타관광쇼핑,88847.0
201808,광주광역시,레저용품쇼핑,15391.0
201808,광주광역시,대형쇼핑몰,303328.0
201808,광주광역시,관광유원시설,154.0
201808,광주광역시,골프장,308.0
201808,광주광역시,기타레저,4721.0
201808,광주광역시,문화서비스,29012.0
201808,광주광역시,의료관광,39408.0
201808,광주광역시,뷰티,18055.0
201808,광주광역시,일반외식업,102201.0
201808,광주광역시,제과음료업,14364.0
201808,대전광역시,관광총소비,2819370.0
201808,대전광역시,호텔,403084.0
201808,대전광역시,캠핑장/펜션,85.0
201808,대전광역시,기타숙박,91440.0
201808,대전광역시,여행업,9.0
201808,대전광역시,육상운송,1213639.0
201808,대전광역시,렌터카,3596.0
201808,대전광역시,기타관광쇼핑,147595.0
201808,대전광역시,레저용품쇼핑,17378.0
201808,대전광역시,대형쇼핑몰,533210.0
201808,대전광역시,관광유원시설,707.0
201808,대전광역시,골프장,5276.0
201808,대전광역시,기타레저,9032.0
201808,대전광역시,문화서비스,987.0
201808,대전광역시,의료관광,70939.0
201808,대전광역시,뷰티,87637.0
201808,대전광역시,일반외식업,212330.0
201808,대전광역시,제과음료업,22424.0
201808,울산광역시,관광총소비,976882.0
201808,울산광역시,호텔,388254.0
201808,울산광역시,캠핑장/펜션,60.0
201808,울산광역시,기타숙박,41927.0
201808,울산광역시,여행업,1021.0
201808,울산광역시,육상운송,15614.0
201808,울산광역시,렌터카,429.0
201808,울산광역시,기타관광쇼핑,67239.0
201808,울산광역시,레저용품쇼핑,3309.0
201808,울산광역시,대형쇼핑몰,274002.0
201808,울산광역시,골프장,3275.0
201808,울산광역시,기타레저,1935.0
201808,울산광역시,문화서비스,414.0
201808,울산광역시,의료관광,24417.0
201808,울산광역시,뷰티,12126.0
201808,울산광역시,일반외식업,130047.0
201808,울산광역시,제과음료업,12812.0
201808,세종특별자치시,관광총소비,91740.0
201808,세종특별자치시,캠핑장/펜션,480.0
201808,세종특별자치시,기타숙박,6141.0
201808,세종특별자치시,육상운송,2403.0
201808,세종특별자치시,기타관광쇼핑,14683.0
201808,세종특별자치시,레저용품쇼핑,163.0
201808,세종특별자치시,대형쇼핑몰,33059.0
201808,세종특별자치시,골프장,2899.0
201808,세종특별자치시,기타레저,708.0
201808,세종특별자치시,문화서비스,219.0
201808,세종특별자치시,의료관광,6417.0
201808,세종특별자치시,뷰티,1930.0
201808,세종특별자치시,일반외식업,19656.0
201808,세종특별자치시,제과음료업,2982.0
201808,경기도,관광총소비,3.2961134E7
201808,경기도,호텔,3065410.0
201808,경기도,콘도,21149.0
201808,경기도,캠핑장/펜션,66945.0
201808,경기도,기타숙박,6008005.0
201808,경기도,여행업,67692.0
201808,경기도,육상운송,335297.0
201808,경기도,수상운송,3419.0
201808,경기도,렌터카,99343.0
201808,경기도,면세점,145.0
201808,경기도,기타관광쇼핑,6667754.0
201808,경기도,레저용품쇼핑,387780.0
201808,경기도,대형쇼핑몰,7553314.0
201808,경기도,관광유원시설,383551.0
201808,경기도,골프장,265655.0
201808,경기도,스키장,420.0
201808,경기도,기타레저,179366.0
201808,경기도,문화서비스,9963.0
201808,경기도,의료관광,1894613.0
201808,경기도,뷰티,632904.0
201808,경기도,일반외식업,4958814.0
201808,경기도,제과음료업,359594.0
201808,충청북도,관광총소비,1065319.0
201808,충청북도,호텔,75265.0
201808,충청북도,콘도,5.0
201808,충청북도,캠핑장/펜션,2701.0
201808,충청북도,기타숙박,391184.0
201808,충청북도,육상운송,27216.0
201808,충청북도,렌터카,1070.0
201808,충청북도,기타관광쇼핑,125093.0
201808,충청북도,레저용품쇼핑,15794.0
201808,충청북도,대형쇼핑몰,183490.0
201808,충청북도,관광유원시설,24.0
201808,충청북도,골프장,9278.0
201808,충청북도,기타레저,5034.0
201808,충청북도,문화서비스,359.0
201808,충청북도,의료관광,35060.0
201808,충청북도,뷰티,11147.0
201808,충청북도,일반외식업,170981.0
201808,충청북도,제과음료업,11618.0
201808,충청남도,관광총소비,1689563.0
201808,충청남도,호텔,561938.0
201808,충청남도,콘도,11225.0
201808,충청남도,캠핑장/펜션,6037.0
201808,충청남도,기타숙박,124243.0
201808,충청남도,여행업,138.0
201808,충청남도,육상운송,50793.0
201808,충청남도,수상운송,158.0
201808,충청남도,항공운송,752.0
201808,충청남도,렌터카,1440.0
201808,충청남도,기타관광쇼핑,205959.0
201808,충청남도,레저용품쇼핑,12262.0
201808,충청남도,대형쇼핑몰,317352.0
201808,충청남도,관광유원시설,699.0
201808,충청남도,골프장,8589.0
201808,충청남도,기타레저,15599.0
201808,충청남도,문화서비스,413.0
201808,충청남도,의료관광,66301.0
201808,충청남도,뷰티,27215.0
201808,충청남도,일반외식업,252053.0
201808,충청남도,제과음료업,26397.0
201808,전라남도,관광총소비,727604.0
201808,전라남도,호텔,102700.0
201808,전라남도,콘도,70.0
201808,전라남도,캠핑장/펜션,3509.0
201808,전라남도,기타숙박,90327.0
201808,전라남도,여행업,10.0
201808,전라남도,육상운송,18984.0
201808,전라남도,수상운송,460.0
201808,전라남도,렌터카,1670.0
201808,전라남도,기타관광쇼핑,116788.0
201808,전라남도,레저용품쇼핑,13019.0
201808,전라남도,대형쇼핑몰,128690.0
201808,전라남도,관광유원시설,529.0
201808,전라남도,골프장,5390.0
201808,전라남도,기타레저,8291.0
201808,전라남도,문화서비스,1137.0
201808,전라남도,의료관광,28551.0
201808,전라남도,뷰티,8114.0
201808,전라남도,일반외식업,134058.0
201808,전라남도,제과음료업,65306.0
201808,경상북도,관광총소비,1997699.0
201808,경상북도,호텔,624514.0
201808,경상북도,콘도,11383.0
201808,경상북도,캠핑장/펜션,11818.0
201808,경상북도,기타숙박,282224.0
201808,경상북도,여행업,1680.0
201808,경상북도,육상운송,55503.0
201808,경상북도,수상운송,123.0
201808,경상북도,렌터카,2724.0
201808,경상북도,기타관광쇼핑,218664.0
201808,경상북도,레저용품쇼핑,18603.0
201808,경상북도,대형쇼핑몰,204453.0
201808,경상북도,관광유원시설,378.0
201808,경상북도,골프장,9340.0
201808,경상북도,기타레저,13025.0
201808,경상북도,문화서비스,2749.0
201808,경상북도,의료관광,44292.0
201808,경상북도,뷰티,69644.0
201808,경상북도,일반외식업,376973.0
201808,경상북도,제과음료업,49609.0
201808,경상남도,관광총소비,3197105.0
201808,경상남도,호텔,479214.0
201808,경상남도,콘도,518.0
201808,경상남도,캠핑장/펜션,6137.0
201808,경상남도,기타숙박,331313.0
201808,경상남도,여행업,275.0
201808,경상남도,육상운송,99072.0
201808,경상남도,수상운송,108.0
201808,경상남도,렌터카,5252.0
201808,경상남도,기타관광쇼핑,235030.0
201808,경상남도,레저용품쇼핑,32814.0
201808,경상남도,대형쇼핑몰,1003593.0
201808,경상남도,관광유원시설,2196.0
201808,경상남도,골프장,35055.0
201808,경상남도,기타레저,16116.0
201808,경상남도,문화서비스,2567.0
201808,경상남도,의료관광,142774.0
201808,경상남도,뷰티,41832.0
201808,경상남도,일반외식업,710983.0
201808,경상남도,제과음료업,52253.0
201808,제주특별자치도,관광총소비,3.1690886E7
201808,제주특별자치도,호텔,3629862.0
201808,제주특별자치도,콘도,9264630.0
201808,제주특별자치도,캠핑장/펜션,132299.0
201808,제주특별자치도,기타숙박,2198285.0
201808,제주특별자치도,여행업,177595.0
201808,제주특별자치도,육상운송,70827.0
201808,제주특별자치도,수상운송,32409.0
201808,제주특별자치도,항공운송,207740.0
201808,제주특별자치도,렌터카,204318.0
201808,제주특별자치도,면세점,3839881.0
201808,제주특별자치도,기타관광쇼핑,4301318.0
201808,제주특별자치도,레저용품쇼핑,463592.0
201808,제주특별자치도,대형쇼핑몰,931173.0
201808,제주특별자치도,관광유원시설,41264.0
201808,제주특별자치도,골프장,306379.0
201808,제주특별자치도,기타레저,147106.0
201808,제주특별자치도,문화서비스,164459.0
201808,제주특별자치도,의료관광,270239.0
201808,제주특별자치도,뷰티,1826219.0
201808,제주특별자치도,일반외식업,3211323.0
201808,제주특별자치도,제과음료업,269967.0
201808,강원특별자치도,관광총소비,1539552.0
201808,강원특별자치도,호텔,196138.0
201808,강원특별자치도,콘도,157309.0
201808,강원특별자치도,캠핑장/펜션,10571.0
201808,강원특별자치도,기타숙박,221286.0
201808,강원특별자치도,여행업,42910.0
201808,강원특별자치도,육상운송,47366.0
201808,강원특별자치도,수상운송,98.0
201808,강원특별자치도,렌터카,2585.0
201808,강원특별자치도,면세점,10.0
201808,강원특별자치도,기타관광쇼핑,226135.0
201808,강원특별자치도,레저용품쇼핑,23264.0
201808,강원특별자치도,대형쇼핑몰,140467.0
201808,강원특별자치도,관광유원시설,704.0
201808,강원특별자치도,골프장,61113.0
201808,강원특별자치도,기타레저,42329.0
201808,강원특별자치도,문화서비스,2601.0
201808,강원특별자치도,의료관광,36511.0
201808,강원특별자치도,뷰티,15955.0
201808,강원특별자치도,일반외식업,263441.0
201808,강원특별자치도,제과음료업,48758.0
201808,전북특별자치도,관광총소비,963426.0
201808,전북특별자치도,호텔,52428.0
201808,전북특별자치도,콘도,2518.0
201808,전북특별자치도,캠핑장/펜션,6098.0
201808,전북특별자치도,기타숙박,139757.0
201808,전북특별자치도,육상운송,22658.0
201808,전북특별자치도,항공운송,30312.0
201808,전북특별자치도,기타관광쇼핑,139131.0
201808,전북특별자치도,레저용품쇼핑,14670.0
201808,전북특별자치도,대형쇼핑몰,300984.0
201808,전북특별자치도,골프장,6990.0
201808,전북특별자치도,기타레저,7226.0
201808,전북특별자치도,문화서비스,805.0
201808,전북특별자치도,의료관광,31006.0
201808,전북특별자치도,뷰티,16743.0
201808,전북특별자치도,일반외식업,165911.0
201808,전북특별자치도,제과음료업,26189.0
201808,기타(지역 미분류),관광총소비,1.02613155E8
201808,기타(지역 미분류),호텔,3.6604393E7
201808,기타(지역 미분류),콘도,1758692.0
201808,기타(지역 미분류),캠핑장/펜션,151713.0
201808,기타(지역 미분류),기타숙박,1.2754737E7
201808,기타(지역 미분류),여행업,1257287.0
201808,기타(지역 미분류),육상운송,3191208.0
201808,기타(지역 미분류),수상운송,10178.0
201808,기타(지역 미분류),항공운송,2.1754382E7
201808,기타(지역 미분류),렌터카,286974.0
201808,기타(지역 미분류),면세점,1.3397862E7
201808,기타(지역 미분류),기타관광쇼핑,22925.0
201808,기타(지역 미분류),레저용품쇼핑,496920.0
201808,기타(지역 미분류),관광유원시설,23459.0
201808,기타(지역 미분류),골프장,361501.0
201808,기타(지역 미분류),기타레저,91450.0
201808,기타(지역 미분류),문화서비스,181660.0
201808,기타(지역 미분류),의료관광,3930895.0
201808,기타(지역 미분류),뷰티,404874.0
201808,기타(지역 미분류),일반외식업,4970056.0
201808,기타(지역 미분류),제과음료업,961987.0
201809,서울특별시,관광총소비,3.48504624E8
201809,서울특별시,호텔,5.3805662E7
201809,서울특별시,콘도,49002.0
201809,서울특별시,캠핑장/펜션,193318.0
201809,서울특별시,기타숙박,7545223.0
201809,서울특별시,여행업,579539.0
201809,서울특별시,육상운송,6476468.0
201809,서울특별시,수상운송,24998.0
201809,서울특별시,항공운송,1538804.0
201809,서울특별시,렌터카,49985.0
201809,서울특별시,면세점,3.4757808E7
201809,서울특별시,기타관광쇼핑,5.7009967E7
201809,서울특별시,레저용품쇼핑,4956093.0
201809,서울특별시,대형쇼핑몰,9.1615241E7
201809,서울특별시,카지노,2.3144504E7
201809,서울특별시,관광유원시설,3387.0
201809,서울특별시,골프장,21135.0
201809,서울특별시,기타레저,608232.0
201809,서울특별시,문화서비스,353350.0
201809,서울특별시,의료관광,1.6323521E7
201809,서울특별시,뷰티,2.2256424E7
201809,서울특별시,일반외식업,2.3723065E7
201809,서울특별시,제과음료업,3468897.0
201809,부산광역시,관광총소비,3.4095488E7
201809,부산광역시,호텔,3242468.0
201809,부산광역시,콘도,3287.0
201809,부산광역시,캠핑장/펜션,30000.0
201809,부산광역시,기타숙박,989633.0
201809,부산광역시,여행업,17165.0
201809,부산광역시,육상운송,160236.0
201809,부산광역시,수상운송,21406.0
201809,부산광역시,항공운송,60279.0
201809,부산광역시,렌터카,14586.0
201809,부산광역시,면세점,3742530.0
201809,부산광역시,기타관광쇼핑,3036004.0
201809,부산광역시,레저용품쇼핑,250087.0
201809,부산광역시,대형쇼핑몰,9016667.0
201809,부산광역시,카지노,8495182.0
201809,부산광역시,관광유원시설,60992.0
201809,부산광역시,골프장,52085.0
201809,부산광역시,기타레저,88221.0
201809,부산광역시,문화서비스,5179.0
201809,부산광역시,의료관광,991508.0
201809,부산광역시,뷰티,1691187.0
201809,부산광역시,일반외식업,1960106.0
201809,부산광역시,제과음료업,166677.0
201809,대구광역시,관광총소비,4231711.0
201809,대구광역시,호텔,868465.0
201809,대구광역시,캠핑장/펜션,3059.0
201809,대구광역시,기타숙박,126082.0
201809,대구광역시,여행업,9307.0
201809,대구광역시,육상운송,24304.0
201809,대구광역시,항공운송,10671.0
201809,대구광역시,렌터카,6819.0
201809,대구광역시,기타관광쇼핑,1497171.0
201809,대구광역시,레저용품쇼핑,73505.0
201809,대구광역시,대형쇼핑몰,777668.0
201809,대구광역시,관광유원시설,27107.0
201809,대구광역시,골프장,1991.0
201809,대구광역시,기타레저,24424.0
201809,대구광역시,문화서비스,5036.0
201809,대구광역시,의료관광,193952.0
201809,대구광역시,뷰티,56084.0
201809,대구광역시,일반외식업,465258.0
201809,대구광역시,제과음료업,60809.0
201809,인천광역시,관광총소비,4.2408573E7
201809,인천광역시,호텔,1.3746544E7
201809,인천광역시,캠핑장/펜션,15119.0
201809,인천광역시,기타숙박,803204.0
201809,인천광역시,여행업,1454.0
201809,인천광역시,육상운송,128620.0
201809,인천광역시,수상운송,385.0
201809,인천광역시,항공운송,51066.0
201809,인천광역시,렌터카,254557.0
201809,인천광역시,면세점,2.070695E7
201809,인천광역시,기타관광쇼핑,1051696.0
201809,인천광역시,레저용품쇼핑,64422.0
201809,인천광역시,대형쇼핑몰,2147089.0
201809,인천광역시,관광유원시설,330.0
201809,인천광역시,골프장,120576.0
201809,인천광역시,기타레저,64311.0
201809,인천광역시,문화서비스,2685.0
201809,인천광역시,의료관광,616135.0
201809,인천광역시,뷰티,139467.0
201809,인천광역시,일반외식업,1899839.0
201809,인천광역시,제과음료업,594123.0
201809,광주광역시,관광총소비,1270753.0
201809,광주광역시,호텔,66505.0
201809,광주광역시,캠핑장/펜션,995.0
201809,광주광역시,기타숙박,349153.0
201809,광주광역시,육상운송,7119.0
201809,광주광역시,기타관광쇼핑,154382.0
201809,광주광역시,레저용품쇼핑,37033.0
201809,광주광역시,대형쇼핑몰,348580.0
201809,광주광역시,관광유원시설,36.0
201809,광주광역시,골프장,1677.0
201809,광주광역시,기타레저,11500.0
201809,광주광역시,문화서비스,22474.0
201809,광주광역시,의료관광,66026.0
201809,광주광역시,뷰티,28353.0
201809,광주광역시,일반외식업,159641.0
201809,광주광역시,제과음료업,17278.0
201809,대전광역시,관광총소비,2739419.0
201809,대전광역시,호텔,391753.0
201809,대전광역시,캠핑장/펜션,185.0
201809,대전광역시,기타숙박,111423.0
201809,대전광역시,여행업,2050.0
201809,대전광역시,육상운송,1121807.0
201809,대전광역시,렌터카,3478.0
201809,대전광역시,기타관광쇼핑,220565.0
201809,대전광역시,레저용품쇼핑,35200.0
201809,대전광역시,대형쇼핑몰,407069.0
201809,대전광역시,관광유원시설,1260.0
201809,대전광역시,골프장,33662.0
201809,대전광역시,기타레저,7667.0
201809,대전광역시,문화서비스,529.0
201809,대전광역시,의료관광,46447.0
201809,대전광역시,뷰티,79807.0
201809,대전광역시,일반외식업,249390.0
201809,대전광역시,제과음료업,27125.0
201809,울산광역시,관광총소비,1138331.0
201809,울산광역시,호텔,483011.0
201809,울산광역시,캠핑장/펜션,214.0
201809,울산광역시,기타숙박,66082.0
201809,울산광역시,여행업,1045.0
201809,울산광역시,육상운송,17789.0
201809,울산광역시,렌터카,120.0
201809,울산광역시,면세점,1359.0
201809,울산광역시,기타관광쇼핑,78199.0
201809,울산광역시,레저용품쇼핑,8468.0
201809,울산광역시,대형쇼핑몰,285407.0
201809,울산광역시,골프장,650.0
201809,울산광역시,기타레저,2159.0
201809,울산광역시,문화서비스,552.0
201809,울산광역시,의료관광,19262.0
201809,울산광역시,뷰티,11092.0
201809,울산광역시,일반외식업,153688.0
201809,울산광역시,제과음료업,9233.0
201809,세종특별자치시,관광총소비,98076.0
201809,세종특별자치시,기타숙박,285.0
201809,세종특별자치시,육상운송,2892.0
201809,세종특별자치시,기타관광쇼핑,22213.0
201809,세종특별자치시,레저용품쇼핑,353.0
201809,세종특별자치시,대형쇼핑몰,27671.0
201809,세종특별자치시,골프장,6745.0
201809,세종특별자치시,기타레저,653.0
201809,세종특별자치시,문화서비스,97.0
201809,세종특별자치시,의료관광,5328.0
201809,세종특별자치시,뷰티,1768.0
201809,세종특별자치시,일반외식업,26710.0
201809,세종특별자치시,제과음료업,3362.0
201809,경기도,관광총소비,3.4620149E7
201809,경기도,호텔,3547061.0
201809,경기도,콘도,6134.0
201809,경기도,캠핑장/펜션,28076.0
201809,경기도,기타숙박,5791607.0
201809,경기도,여행업,85307.0
201809,경기도,육상운송,344169.0
201809,경기도,수상운송,4681.0
201809,경기도,렌터카,112855.0
201809,경기도,면세점,3022.0
201809,경기도,기타관광쇼핑,7030260.0
201809,경기도,레저용품쇼핑,486126.0
201809,경기도,대형쇼핑몰,8170937.0
201809,경기도,관광유원시설,266346.0
201809,경기도,골프장,433053.0
201809,경기도,기타레저,156337.0
201809,경기도,문화서비스,13537.0
201809,경기도,의료관광,1660752.0
201809,경기도,뷰티,624810.0
201809,경기도,일반외식업,5478827.0
201809,경기도,제과음료업,376252.0
201809,충청북도,관광총소비,1739622.0
201809,충청북도,호텔,78512.0
201809,충청북도,콘도,181.0
201809,충청북도,캠핑장/펜션,656.0
201809,충청북도,기타숙박,771960.0
201809,충청북도,육상운송,38847.0
201809,충청북도,수상운송,81.0
201809,충청북도,렌터카,5453.0
201809,충청북도,기타관광쇼핑,198280.0
201809,충청북도,레저용품쇼핑,26516.0
201809,충청북도,대형쇼핑몰,257741.0
201809,충청북도,관광유원시설,176.0
201809,충청북도,골프장,22325.0
201809,충청북도,기타레저,5558.0
201809,충청북도,문화서비스,239.0
201809,충청북도,의료관광,64053.0
201809,충청북도,뷰티,28446.0
201809,충청북도,일반외식업,222531.0
201809,충청북도,제과음료업,18066.0
201809,충청남도,관광총소비,1966279.0
201809,충청남도,호텔,621439.0
201809,충청남도,콘도,10600.0
201809,충청남도,캠핑장/펜션,3866.0
201809,충청남도,기타숙박,190440.0
201809,충청남도,여행업,668.0
201809,충청남도,육상운송,62960.0
201809,충청남도,수상운송,81.0
201809,충청남도,항공운송,105.0
201809,충청남도,렌터카,14284.0
201809,충청남도,기타관광쇼핑,261521.0
201809,충청남도,레저용품쇼핑,30178.0
201809,충청남도,대형쇼핑몰,333642.0
201809,충청남도,관광유원시설,353.0
201809,충청남도,골프장,13232.0
201809,충청남도,기타레저,14432.0
201809,충청남도,문화서비스,424.0
201809,충청남도,의료관광,62681.0
201809,충청남도,뷰티,28460.0
201809,충청남도,일반외식업,283941.0
201809,충청남도,제과음료업,32973.0
201809,전라남도,관광총소비,915372.0
201809,전라남도,호텔,180223.0
201809,전라남도,콘도,16343.0
201809,전라남도,캠핑장/펜션,3559.0
201809,전라남도,기타숙박,154132.0
201809,전라남도,여행업,286.0
201809,전라남도,육상운송,17827.0
201809,전라남도,수상운송,515.0
201809,전라남도,렌터카,1254.0
201809,전라남도,기타관광쇼핑,156451.0
201809,전라남도,레저용품쇼핑,8437.0
201809,전라남도,대형쇼핑몰,126046.0
201809,전라남도,관광유원시설,720.0
201809,전라남도,골프장,11476.0
201809,전라남도,기타레저,5975.0
201809,전라남도,문화서비스,1283.0
201809,전라남도,의료관광,9442.0
201809,전라남도,뷰티,12503.0
201809,전라남도,일반외식업,156473.0
201809,전라남도,제과음료업,52430.0
201809,경상북도,관광총소비,2080348.0
201809,경상북도,호텔,605821.0
201809,경상북도,콘도,13228.0
201809,경상북도,캠핑장/펜션,10124.0
201809,경상북도,기타숙박,284057.0
201809,경상북도,여행업,735.0
201809,경상북도,육상운송,57582.0
201809,경상북도,수상운송,115.0
201809,경상북도,렌터카,920.0
201809,경상북도,기타관광쇼핑,303516.0
201809,경상북도,레저용품쇼핑,35075.0
201809,경상북도,대형쇼핑몰,225888.0
201809,경상북도,관광유원시설,277.0
201809,경상북도,골프장,23522.0
201809,경상북도,기타레저,12764.0
201809,경상북도,문화서비스,1082.0
201809,경상북도,의료관광,26824.0
201809,경상북도,뷰티,59886.0
201809,경상북도,일반외식업,366107.0
201809,경상북도,제과음료업,52825.0
201809,경상남도,관광총소비,3996841.0
201809,경상남도,호텔,646693.0
201809,경상남도,콘도,810.0
201809,경상남도,캠핑장/펜션,2729.0
201809,경상남도,기타숙박,439019.0
201809,경상남도,육상운송,93791.0
201809,경상남도,수상운송,193.0
201809,경상남도,렌터카,11271.0
201809,경상남도,면세점,942.0
201809,경상남도,기타관광쇼핑,347834.0
201809,경상남도,레저용품쇼핑,40669.0
201809,경상남도,대형쇼핑몰,1217842.0
201809,경상남도,관광유원시설,651.0
201809,경상남도,골프장,65797.0
201809,경상남도,기타레저,16621.0
201809,경상남도,문화서비스,2522.0
201809,경상남도,의료관광,90417.0
201809,경상남도,뷰티,50303.0
201809,경상남도,일반외식업,914293.0
201809,경상남도,제과음료업,54444.0
201809,제주특별자치도,관광총소비,2.845202E7
201809,제주특별자치도,호텔,2020413.0
201809,제주특별자치도,콘도,7352382.0
201809,제주특별자치도,캠핑장/펜션,93830.0
201809,제주특별자치도,기타숙박,1575644.0
201809,제주특별자치도,여행업,28657.0
201809,제주특별자치도,육상운송,61053.0
201809,제주특별자치도,수상운송,21505.0
201809,제주특별자치도,항공운송,332902.0
201809,제주특별자치도,렌터카,175442.0
201809,제주특별자치도,면세점,5086392.0
201809,제주특별자치도,기타관광쇼핑,4516327.0
201809,제주특별자치도,레저용품쇼핑,429670.0
201809,제주특별자치도,대형쇼핑몰,690774.0
201809,제주특별자치도,관광유원시설,18631.0
201809,제주특별자치도,골프장,273305.0
201809,제주특별자치도,기타레저,75992.0
201809,제주특별자치도,문화서비스,151756.0
201809,제주특별자치도,의료관광,169117.0
201809,제주특별자치도,뷰티,2553249.0
201809,제주특별자치도,일반외식업,2592202.0
201809,제주특별자치도,제과음료업,232775.0
201809,강원특별자치도,관광총소비,1465727.0
201809,강원특별자치도,호텔,204158.0
201809,강원특별자치도,콘도,103565.0
201809,강원특별자치도,캠핑장/펜션,12868.0
201809,강원특별자치도,기타숙박,160406.0
201809,강원특별자치도,여행업,10073.0
201809,강원특별자치도,육상운송,49977.0
201809,강원특별자치도,수상운송,155.0
201809,강원특별자치도,렌터카,7651.0
201809,강원특별자치도,면세점,774.0
201809,강원특별자치도,기타관광쇼핑,251171.0
201809,강원특별자치도,레저용품쇼핑,38596.0
201809,강원특별자치도,대형쇼핑몰,161173.0
201809,강원특별자치도,관광유원시설,494.0
201809,강원특별자치도,골프장,46297.0
201809,강원특별자치도,기타레저,57033.0
201809,강원특별자치도,문화서비스,3667.0
201809,강원특별자치도,의료관광,47851.0
201809,강원특별자치도,뷰티,25350.0
201809,강원특별자치도,일반외식업,257149.0
201809,강원특별자치도,제과음료업,27319.0
201809,전북특별자치도,관광총소비,1408672.0
201809,전북특별자치도,호텔,105794.0
201809,전북특별자치도,콘도,3379.0
201809,전북특별자치도,캠핑장/펜션,3599.0
201809,전북특별자치도,기타숙박,123566.0
201809,전북특별자치도,여행업,440.0
201809,전북특별자치도,육상운송,27494.0
201809,전북특별자치도,수상운송,564.0
201809,전북특별자치도,항공운송,68412.0
201809,전북특별자치도,렌터카,2662.0
201809,전북특별자치도,기타관광쇼핑,244130.0
201809,전북특별자치도,레저용품쇼핑,37941.0
201809,전북특별자치도,대형쇼핑몰,411059.0
201809,전북특별자치도,골프장,16617.0
201809,전북특별자치도,기타레저,10604.0
201809,전북특별자치도,문화서비스,1237.0
201809,전북특별자치도,의료관광,45593.0
201809,전북특별자치도,뷰티,31296.0
201809,전북특별자치도,일반외식업,241586.0
201809,전북특별자치도,제과음료업,32702.0
201809,기타(지역 미분류),관광총소비,9.7023013E7
201809,기타(지역 미분류),호텔,3.2130104E7
201809,기타(지역 미분류),콘도,1384133.0
201809,기타(지역 미분류),캠핑장/펜션,181439.0
201809,기타(지역 미분류),기타숙박,1.0736849E7
201809,기타(지역 미분류),여행업,1682805.0
201809,기타(지역 미분류),육상운송,3849749.0
201809,기타(지역 미분류),수상운송,9594.0
201809,기타(지역 미분류),항공운송,2.0515981E7
201809,기타(지역 미분류),렌터카,302357.0
201809,기타(지역 미분류),면세점,1.4354754E7
201809,기타(지역 미분류),기타관광쇼핑,23512.0
201809,기타(지역 미분류),레저용품쇼핑,590794.0
201809,기타(지역 미분류),관광유원시설,18143.0
201809,기타(지역 미분류),골프장,289001.0
201809,기타(지역 미분류),기타레저,101557.0
201809,기타(지역 미분류),문화서비스,170337.0
201809,기타(지역 미분류),의료관광,4146796.0
201809,기타(지역 미분류),뷰티,405271.0
201809,기타(지역 미분류),일반외식업,5116890.0
201809,기타(지역 미분류),제과음료업,1012947.0
201810,서울특별시,관광총소비,3.99934395E8
201810,서울특별시,호텔,6.8891299E7
201810,서울특별시,콘도,76370.0
201810,서울특별시,캠핑장/펜션,227035.0
201810,서울특별시,기타숙박,1.0347085E7
201810,서울특별시,여행업,1376615.0
201810,서울특별시,육상운송,8348782.0
201810,서울특별시,수상운송,33368.0
201810,서울특별시,항공운송,1372783.0
201810,서울특별시,렌터카,86737.0
201810,서울특별시,면세점,3.5109215E7
201810,서울특별시,기타관광쇼핑,7.0445297E7
201810,서울특별시,레저용품쇼핑,5410263.0
201810,서울특별시,대형쇼핑몰,9.4415048E7
201810,서울특별시,카지노,2.0782244E7
201810,서울특별시,관광유원시설,5008.0
201810,서울특별시,골프장,22016.0
201810,서울특별시,기타레저,549720.0
201810,서울특별시,문화서비스,494708.0
201810,서울특별시,의료관광,2.0611387E7
201810,서울특별시,뷰티,2.8898157E7
201810,서울특별시,일반외식업,2.8295618E7
201810,서울특별시,제과음료업,4135639.0
201810,부산광역시,관광총소비,4.3786634E7
201810,부산광역시,호텔,5981330.0
201810,부산광역시,콘도,5432.0
201810,부산광역시,캠핑장/펜션,25856.0
201810,부산광역시,기타숙박,1981926.0
201810,부산광역시,여행업,9533.0
201810,부산광역시,육상운송,198335.0
201810,부산광역시,수상운송,8225.0
201810,부산광역시,항공운송,47530.0
201810,부산광역시,렌터카,12879.0
201810,부산광역시,면세점,4114013.0
201810,부산광역시,기타관광쇼핑,4263932.0
201810,부산광역시,레저용품쇼핑,304404.0
201810,부산광역시,대형쇼핑몰,1.2299285E7
201810,부산광역시,카지노,7746002.0
201810,부산광역시,관광유원시설,68256.0
201810,부산광역시,골프장,42022.0
201810,부산광역시,기타레저,107886.0
201810,부산광역시,문화서비스,9680.0
201810,부산광역시,의료관광,1591353.0
201810,부산광역시,뷰티,1958365.0
201810,부산광역시,일반외식업,2796782.0
201810,부산광역시,제과음료업,213607.0
201810,대구광역시,관광총소비,4788361.0
201810,대구광역시,호텔,1455058.0
201810,대구광역시,캠핑장/펜션,2053.0
201810,대구광역시,기타숙박,148524.0
201810,대구광역시,여행업,2434.0
201810,대구광역시,육상운송,25909.0
201810,대구광역시,항공운송,4436.0
201810,대구광역시,렌터카,11682.0
201810,대구광역시,기타관광쇼핑,1274922.0
201810,대구광역시,레저용품쇼핑,64448.0
201810,대구광역시,대형쇼핑몰,955602.0
201810,대구광역시,관광유원시설,20449.0
201810,대구광역시,골프장,522.0
201810,대구광역시,기타레저,31366.0
201810,대구광역시,문화서비스,5097.0
201810,대구광역시,의료관광,189232.0
201810,대구광역시,뷰티,74531.0
201810,대구광역시,일반외식업,455743.0
201810,대구광역시,제과음료업,66354.0
201810,인천광역시,관광총소비,4.524987E7
201810,인천광역시,호텔,1.3314546E7
201810,인천광역시,캠핑장/펜션,11470.0
201810,인천광역시,기타숙박,773401.0
201810,인천광역시,여행업,8023.0
201810,인천광역시,육상운송,150767.0
201810,인천광역시,수상운송,286.0
201810,인천광역시,항공운송,64458.0
201810,인천광역시,렌터카,328476.0
201810,인천광역시,면세점,2.3232084E7
201810,인천광역시,기타관광쇼핑,1284350.0
201810,인천광역시,레저용품쇼핑,84151.0
201810,인천광역시,대형쇼핑몰,2328596.0
201810,인천광역시,관광유원시설,211.0
201810,인천광역시,골프장,197466.0
201810,인천광역시,기타레저,69186.0
201810,인천광역시,문화서비스,19001.0
201810,인천광역시,의료관광,637216.0
201810,인천광역시,뷰티,192771.0
201810,인천광역시,일반외식업,1928222.0
201810,인천광역시,제과음료업,625190.0
201810,광주광역시,관광총소비,1398521.0
201810,광주광역시,호텔,111500.0
201810,광주광역시,캠핑장/펜션,987.0
201810,광주광역시,기타숙박,392231.0
201810,광주광역시,육상운송,8940.0
201810,광주광역시,렌터카,847.0
201810,광주광역시,기타관광쇼핑,164416.0
201810,광주광역시,레저용품쇼핑,50473.0
201810,광주광역시,대형쇼핑몰,375468.0
201810,광주광역시,관광유원시설,124.0
201810,광주광역시,골프장,402.0
201810,광주광역시,기타레저,5663.0
201810,광주광역시,문화서비스,35159.0
201810,광주광역시,의료관광,37356.0
201810,광주광역시,뷰티,22375.0
201810,광주광역시,일반외식업,175219.0
201810,광주광역시,제과음료업,17361.0
201810,대전광역시,관광총소비,3170529.0
201810,대전광역시,호텔,447747.0
201810,대전광역시,캠핑장/펜션,1990.0
201810,대전광역시,기타숙박,126108.0
201810,대전광역시,여행업,5388.0
201810,대전광역시,육상운송,1493131.0
201810,대전광역시,렌터카,4010.0
201810,대전광역시,기타관광쇼핑,210297.0
201810,대전광역시,레저용품쇼핑,17605.0
201810,대전광역시,대형쇼핑몰,366328.0
201810,대전광역시,관광유원시설,740.0
201810,대전광역시,골프장,16658.0
201810,대전광역시,기타레저,11798.0
201810,대전광역시,문화서비스,846.0
201810,대전광역시,의료관광,71901.0
201810,대전광역시,뷰티,88067.0
201810,대전광역시,일반외식업,274738.0
201810,대전광역시,제과음료업,33176.0
201810,울산광역시,관광총소비,1070877.0
201810,울산광역시,호텔,434068.0
201810,울산광역시,기타숙박,27054.0
201810,울산광역시,여행업,888.0
201810,울산광역시,육상운송,13603.0
201810,울산광역시,렌터카,110.0
201810,울산광역시,면세점,643.0
201810,울산광역시,기타관광쇼핑,65153.0
201810,울산광역시,레저용품쇼핑,5920.0
201810,울산광역시,대형쇼핑몰,259970.0
201810,울산광역시,골프장,4738.0
201810,울산광역시,기타레저,1552.0
201810,울산광역시,문화서비스,325.0
201810,울산광역시,의료관광,56177.0
201810,울산광역시,뷰티,28984.0
201810,울산광역시,일반외식업,164116.0
201810,울산광역시,제과음료업,7577.0
201810,세종특별자치시,관광총소비,118089.0
201810,세종특별자치시,기타숙박,84.0
201810,세종특별자치시,여행업,3319.0
201810,세종특별자치시,육상운송,2247.0
201810,세종특별자치시,기타관광쇼핑,38762.0
201810,세종특별자치시,레저용품쇼핑,1084.0
201810,세종특별자치시,대형쇼핑몰,22466.0
201810,세종특별자치시,골프장,1572.0
201810,세종특별자치시,기타레저,989.0
201810,세종특별자치시,문화서비스,180.0
201810,세종특별자치시,의료관광,12333.0
201810,세종특별자치시,뷰티,5088.0
201810,세종특별자치시,일반외식업,27146.0
201810,세종특별자치시,제과음료업,2818.0
201810,경기도,관광총소비,4.0945418E7
201810,경기도,호텔,3756727.0
201810,경기도,콘도,13257.0
201810,경기도,캠핑장/펜션,25641.0
201810,경기도,기타숙박,6185747.0
201810,경기도,여행업,96141.0
201810,경기도,육상운송,397322.0
201810,경기도,수상운송,4745.0
201810,경기도,렌터카,152996.0
201810,경기도,면세점,592.0
201810,경기도,기타관광쇼핑,9729238.0
201810,경기도,레저용품쇼핑,680337.0
201810,경기도,대형쇼핑몰,9797962.0
201810,경기도,관광유원시설,355707.0
201810,경기도,골프장,601623.0
201810,경기도,기타레저,155655.0
201810,경기도,문화서비스,21391.0
201810,경기도,의료관광,2189603.0
201810,경기도,뷰티,651609.0
201810,경기도,일반외식업,5713371.0
201810,경기도,제과음료업,415754.0
201810,충청북도,관광총소비,1845001.0
201810,충청북도,호텔,60574.0
201810,충청북도,콘도,73.0
201810,충청북도,캠핑장/펜션,725.0
201810,충청북도,기타숙박,618868.0
201810,충청북도,여행업,5388.0
201810,충청북도,육상운송,37984.0
201810,충청북도,수상운송,20.0
201810,충청북도,렌터카,1840.0
201810,충청북도,기타관광쇼핑,194808.0
201810,충청북도,레저용품쇼핑,29183.0
201810,충청북도,대형쇼핑몰,534129.0
201810,충청북도,관광유원시설,68.0
201810,충청북도,골프장,41681.0
201810,충청북도,기타레저,10299.0
201810,충청북도,문화서비스,460.0
201810,충청북도,의료관광,63735.0
201810,충청북도,뷰티,21675.0
201810,충청북도,일반외식업,207548.0
201810,충청북도,제과음료업,15943.0
201810,충청남도,관광총소비,2004206.0
201810,충청남도,호텔,483109.0
201810,충청남도,콘도,8920.0
201810,충청남도,캠핑장/펜션,2241.0
201810,충청남도,기타숙박,259582.0
201810,충청남도,여행업,52.0
201810,충청남도,육상운송,64592.0
201810,충청남도,수상운송,101.0
201810,충청남도,항공운송,188.0
201810,충청남도,렌터카,5906.0
201810,충청남도,기타관광쇼핑,281693.0
201810,충청남도,레저용품쇼핑,36291.0
201810,충청남도,대형쇼핑몰,345303.0
201810,충청남도,관광유원시설,790.0
201810,충청남도,골프장,19945.0
201810,충청남도,기타레저,13584.0
201810,충청남도,문화서비스,440.0
201810,충청남도,의료관광,101266.0
201810,충청남도,뷰티,26097.0
201810,충청남도,일반외식업,323832.0
201810,충청남도,제과음료업,30275.0
201810,전라남도,관광총소비,911739.0
201810,전라남도,호텔,203184.0
201810,전라남도,캠핑장/펜션,2280.0
201810,전라남도,기타숙박,87525.0
201810,전라남도,여행업,389.0
201810,전라남도,육상운송,26722.0
201810,전라남도,수상운송,468.0
201810,전라남도,렌터카,685.0
201810,전라남도,기타관광쇼핑,143580.0
201810,전라남도,레저용품쇼핑,23125.0
201810,전라남도,대형쇼핑몰,147283.0
201810,전라남도,관광유원시설,2278.0
201810,전라남도,골프장,15817.0
201810,전라남도,기타레저,10149.0
201810,전라남도,문화서비스,1002.0
201810,전라남도,의료관광,12443.0
201810,전라남도,뷰티,19513.0
201810,전라남도,일반외식업,159453.0
201810,전라남도,제과음료업,55842.0
201810,경상북도,관광총소비,2212864.0
201810,경상북도,호텔,624021.0
201810,경상북도,콘도,14270.0
201810,경상북도,캠핑장/펜션,14001.0
201810,경상북도,기타숙박,291167.0
201810,경상북도,여행업,2331.0
201810,경상북도,육상운송,62848.0
201810,경상북도,수상운송,460.0
201810,경상북도,렌터카,8951.0
201810,경상북도,기타관광쇼핑,332685.0
201810,경상북도,레저용품쇼핑,36301.0
201810,경상북도,대형쇼핑몰,207375.0
201810,경상북도,관광유원시설,524.0
201810,경상북도,골프장,15599.0
201810,경상북도,기타레저,16795.0
201810,경상북도,문화서비스,1518.0
201810,경상북도,의료관광,66513.0
201810,경상북도,뷰티,67572.0
201810,경상북도,일반외식업,390955.0
201810,경상북도,제과음료업,58979.0
201810,경상남도,관광총소비,4214952.0
201810,경상남도,호텔,828011.0
201810,경상남도,콘도,2412.0
201810,경상남도,캠핑장/펜션,5139.0
201810,경상남도,기타숙박,518820.0
201810,경상남도,여행업,152.0
201810,경상남도,육상운송,126381.0
201810,경상남도,수상운송,142.0
201810,경상남도,렌터카,10729.0
201810,경상남도,면세점,14616.0
201810,경상남도,기타관광쇼핑,285750.0
201810,경상남도,레저용품쇼핑,44216.0
201810,경상남도,대형쇼핑몰,1103476.0
201810,경상남도,관광유원시설,850.0
201810,경상남도,골프장,90488.0
201810,경상남도,기타레저,27735.0
201810,경상남도,문화서비스,1941.0
201810,경상남도,의료관광,171148.0
201810,경상남도,뷰티,35565.0
201810,경상남도,일반외식업,892200.0
201810,경상남도,제과음료업,55182.0
201810,제주특별자치도,관광총소비,2.7569512E7
201810,제주특별자치도,호텔,2597094.0
201810,제주특별자치도,콘도,3638349.0
201810,제주특별자치도,캠핑장/펜션,109498.0
201810,제주특별자치도,기타숙박,2138560.0
201810,제주특별자치도,여행업,3159.0
201810,제주특별자치도,육상운송,71956.0
201810,제주특별자치도,수상운송,24177.0
201810,제주특별자치도,항공운송,370710.0
201810,제주특별자치도,렌터카,237987.0
201810,제주특별자치도,면세점,4574004.0
201810,제주특별자치도,기타관광쇼핑,5502309.0
201810,제주특별자치도,레저용품쇼핑,684910.0
201810,제주특별자치도,대형쇼핑몰,858188.0
201810,제주특별자치도,관광유원시설,26082.0
201810,제주특별자치도,골프장,283682.0
201810,제주특별자치도,기타레저,144090.0
201810,제주특별자치도,문화서비스,184685.0
201810,제주특별자치도,의료관광,218019.0
201810,제주특별자치도,뷰티,2478549.0
201810,제주특별자치도,일반외식업,3136844.0
201810,제주특별자치도,제과음료업,286662.0
201810,강원특별자치도,관광총소비,1814996.0
201810,강원특별자치도,호텔,230607.0
201810,강원특별자치도,콘도,128940.0
201810,강원특별자치도,캠핑장/펜션,19728.0
201810,강원특별자치도,기타숙박,158596.0
201810,강원특별자치도,여행업,24763.0
201810,강원특별자치도,육상운송,55560.0
201810,강원특별자치도,수상운송,188.0
201810,강원특별자치도,렌터카,13314.0
201810,강원특별자치도,면세점,9110.0
201810,강원특별자치도,기타관광쇼핑,303775.0
201810,강원특별자치도,레저용품쇼핑,39981.0
201810,강원특별자치도,대형쇼핑몰,174132.0
201810,강원특별자치도,관광유원시설,898.0
201810,강원특별자치도,골프장,75790.0
201810,강원특별자치도,기타레저,39825.0
201810,강원특별자치도,문화서비스,4362.0
201810,강원특별자치도,의료관광,114978.0
201810,강원특별자치도,뷰티,29236.0
201810,강원특별자치도,일반외식업,331465.0
201810,강원특별자치도,제과음료업,59749.0
201810,전북특별자치도,관광총소비,1438482.0
201810,전북특별자치도,호텔,34802.0
201810,전북특별자치도,콘도,1106.0
201810,전북특별자치도,캠핑장/펜션,4475.0
201810,전북특별자치도,기타숙박,170804.0
201810,전북특별자치도,육상운송,31499.0
201810,전북특별자치도,수상운송,40.0
201810,전북특별자치도,항공운송,40292.0
201810,전북특별자치도,렌터카,4185.0
201810,전북특별자치도,기타관광쇼핑,253654.0
201810,전북특별자치도,레저용품쇼핑,36472.0
201810,전북특별자치도,대형쇼핑몰,421171.0
201810,전북특별자치도,골프장,19182.0
201810,전북특별자치도,기타레저,13363.0
201810,전북특별자치도,문화서비스,9405.0
201810,전북특별자치도,의료관광,66398.0
201810,전북특별자치도,뷰티,41608.0
201810,전북특별자치도,일반외식업,254999.0
201810,전북특별자치도,제과음료업,35027.0
201810,기타(지역 미분류),관광총소비,1.08129112E8
201810,기타(지역 미분류),호텔,3.7348592E7
201810,기타(지역 미분류),콘도,772275.0
201810,기타(지역 미분류),캠핑장/펜션,196260.0
201810,기타(지역 미분류),기타숙박,1.259076E7
201810,기타(지역 미분류),여행업,1520137.0
201810,기타(지역 미분류),육상운송,4321968.0
201810,기타(지역 미분류),수상운송,8655.0
201810,기타(지역 미분류),항공운송,2.134888E7
201810,기타(지역 미분류),렌터카,185936.0
201810,기타(지역 미분류),면세점,1.5490694E7
201810,기타(지역 미분류),기타관광쇼핑,47001.0
201810,기타(지역 미분류),레저용품쇼핑,693147.0
201810,기타(지역 미분류),관광유원시설,19003.0
201810,기타(지역 미분류),골프장,366904.0
201810,기타(지역 미분류),기타레저,101452.0
201810,기타(지역 미분류),문화서비스,203250.0
201810,기타(지역 미분류),의료관광,4944577.0
201810,기타(지역 미분류),뷰티,451622.0
201810,기타(지역 미분류),일반외식업,6211307.0
201810,기타(지역 미분류),제과음료업,1306691.0
201811,서울특별시,관광총소비,3.81432114E8
201811,서울특별시,호텔,6.1048421E7
201811,서울특별시,콘도,38070.0
201811,서울특별시,캠핑장/펜션,206518.0
201811,서울특별시,기타숙박,8809558.0
201811,서울특별시,여행업,874151.0
201811,서울특별시,육상운송,7957116.0
201811,서울특별시,수상운송,11446.0
201811,서울특별시,항공운송,1395817.0
201811,서울특별시,렌터카,51478.0
201811,서울특별시,면세점,4.9322641E7
201811,서울특별시,기타관광쇼핑,6.5703943E7
201811,서울특별시,레저용품쇼핑,5639137.0
201811,서울특별시,대형쇼핑몰,7.8615115E7
201811,서울특별시,카지노,2.1837848E7
201811,서울특별시,관광유원시설,2550.0
201811,서울특별시,골프장,20059.0
201811,서울특별시,기타레저,460675.0
201811,서울특별시,문화서비스,418971.0
201811,서울특별시,의료관광,2.1068754E7
201811,서울특별시,뷰티,2.886772E7
201811,서울특별시,일반외식업,2.5361319E7
201811,서울특별시,제과음료업,3720807.0
201811,부산광역시,관광총소비,3.6362651E7
201811,부산광역시,호텔,4235878.0
201811,부산광역시,콘도,1028.0
201811,부산광역시,캠핑장/펜션,16438.0
201811,부산광역시,기타숙박,983928.0
201811,부산광역시,여행업,5484.0
201811,부산광역시,육상운송,163512.0
201811,부산광역시,수상운송,14043.0
201811,부산광역시,항공운송,37363.0
201811,부산광역시,렌터카,7830.0
201811,부산광역시,면세점,3842188.0
201811,부산광역시,기타관광쇼핑,3760745.0
201811,부산광역시,레저용품쇼핑,214270.0
201811,부산광역시,대형쇼핑몰,8792076.0
201811,부산광역시,카지노,9136300.0
201811,부산광역시,관광유원시설,29460.0
201811,부산광역시,골프장,21197.0
201811,부산광역시,기타레저,69555.0
201811,부산광역시,문화서비스,5934.0
201811,부산광역시,의료관광,1301855.0
201811,부산광역시,뷰티,1716945.0
201811,부산광역시,일반외식업,1856540.0
201811,부산광역시,제과음료업,150083.0
201811,대구광역시,관광총소비,4732316.0
201811,대구광역시,호텔,1092559.0
201811,대구광역시,캠핑장/펜션,2827.0
201811,대구광역시,기타숙박,160281.0
201811,대구광역시,여행업,3880.0
201811,대구광역시,육상운송,23912.0
201811,대구광역시,항공운송,5280.0
201811,대구광역시,렌터카,4789.0
201811,대구광역시,기타관광쇼핑,1430730.0
201811,대구광역시,레저용품쇼핑,77828.0
201811,대구광역시,대형쇼핑몰,961816.0
201811,대구광역시,관광유원시설,22149.0
201811,대구광역시,골프장,1103.0
201811,대구광역시,기타레저,39930.0
201811,대구광역시,문화서비스,4070.0
201811,대구광역시,의료관광,247923.0
201811,대구광역시,뷰티,78381.0
201811,대구광역시,일반외식업,493891.0
201811,대구광역시,제과음료업,80967.0
201811,인천광역시,관광총소비,4.8687154E7
201811,인천광역시,호텔,1.8710916E7
201811,인천광역시,캠핑장/펜션,8522.0
201811,인천광역시,기타숙박,809070.0
201811,인천광역시,여행업,14735.0
201811,인천광역시,육상운송,146554.0
201811,인천광역시,수상운송,209.0
201811,인천광역시,항공운송,80081.0
201811,인천광역시,렌터카,254316.0
201811,인천광역시,면세점,2.144842E7
201811,인천광역시,기타관광쇼핑,1234073.0
201811,인천광역시,레저용품쇼핑,61333.0
201811,인천광역시,대형쇼핑몰,2211574.0
201811,인천광역시,관광유원시설,72.0
201811,인천광역시,골프장,70796.0
201811,인천광역시,기타레저,68432.0
201811,인천광역시,문화서비스,3082.0
201811,인천광역시,의료관광,840790.0
201811,인천광역시,뷰티,182966.0
201811,인천광역시,일반외식업,1935427.0
201811,인천광역시,제과음료업,605787.0
201811,광주광역시,관광총소비,1202054.0
201811,광주광역시,호텔,88783.0
201811,광주광역시,캠핑장/펜션,175.0
201811,광주광역시,기타숙박,316575.0
201811,광주광역시,여행업,1602.0
201811,광주광역시,육상운송,5090.0
201811,광주광역시,렌터카,269.0
201811,광주광역시,기타관광쇼핑,134980.0
201811,광주광역시,레저용품쇼핑,58400.0
201811,광주광역시,대형쇼핑몰,329725.0
201811,광주광역시,관광유원시설,192.0
201811,광주광역시,골프장,161.0
201811,광주광역시,기타레저,3522.0
201811,광주광역시,문화서비스,31539.0
201811,광주광역시,의료관광,56791.0
201811,광주광역시,뷰티,27737.0
201811,광주광역시,일반외식업,129918.0
201811,광주광역시,제과음료업,16596.0
201811,대전광역시,관광총소비,2533414.0
201811,대전광역시,호텔,360405.0
201811,대전광역시,캠핑장/펜션,175.0
201811,대전광역시,기타숙박,111016.0
201811,대전광역시,여행업,100.0
201811,대전광역시,육상운송,1025443.0
201811,대전광역시,렌터카,2763.0
201811,대전광역시,기타관광쇼핑,221557.0
201811,대전광역시,레저용품쇼핑,21077.0
201811,대전광역시,대형쇼핑몰,357788.0
201811,대전광역시,관광유원시설,714.0
201811,대전광역시,골프장,18181.0
201811,대전광역시,기타레저,13512.0
201811,대전광역시,문화서비스,698.0
201811,대전광역시,의료관광,57473.0
201811,대전광역시,뷰티,68338.0
201811,대전광역시,일반외식업,244525.0
201811,대전광역시,제과음료업,29650.0
201811,울산광역시,관광총소비,1190368.0
201811,울산광역시,호텔,597366.0
201811,울산광역시,캠핑장/펜션,2080.0
201811,울산광역시,기타숙박,32457.0
201811,울산광역시,여행업,1112.0
201811,울산광역시,육상운송,15801.0
201811,울산광역시,렌터카,225.0
201811,울산광역시,기타관광쇼핑,62774.0
201811,울산광역시,레저용품쇼핑,8049.0
201811,울산광역시,대형쇼핑몰,252182.0
201811,울산광역시,관광유원시설,3.0
201811,울산광역시,골프장,3386.0
201811,울산광역시,기타레저,2384.0
201811,울산광역시,문화서비스,634.0
201811,울산광역시,의료관광,25688.0
201811,울산광역시,뷰티,14078.0
201811,울산광역시,일반외식업,163483.0
201811,울산광역시,제과음료업,8668.0
201811,세종특별자치시,관광총소비,82730.0
201811,세종특별자치시,기타숙박,250.0
201811,세종특별자치시,육상운송,1921.0
201811,세종특별자치시,기타관광쇼핑,19185.0
201811,세종특별자치시,레저용품쇼핑,518.0
201811,세종특별자치시,대형쇼핑몰,21511.0
201811,세종특별자치시,골프장,1406.0
201811,세종특별자치시,기타레저,426.0
201811,세종특별자치시,문화서비스,405.0
201811,세종특별자치시,의료관광,6841.0
201811,세종특별자치시,뷰티,2185.0
201811,세종특별자치시,일반외식업,24551.0
201811,세종특별자치시,제과음료업,3530.0
201811,경기도,관광총소비,3.9274346E7
201811,경기도,호텔,4257536.0
201811,경기도,콘도,25412.0
201811,경기도,캠핑장/펜션,22367.0
201811,경기도,기타숙박,6166081.0
201811,경기도,여행업,108512.0
201811,경기도,육상운송,353816.0
201811,경기도,수상운송,2539.0
201811,경기도,렌터카,102980.0
201811,경기도,면세점,1044.0
201811,경기도,기타관광쇼핑,8976084.0
201811,경기도,레저용품쇼핑,713987.0
201811,경기도,대형쇼핑몰,8836589.0
201811,경기도,관광유원시설,210773.0
201811,경기도,골프장,301228.0
201811,경기도,기타레저,200080.0
201811,경기도,문화서비스,15953.0
201811,경기도,의료관광,2267203.0
201811,경기도,뷰티,636683.0
201811,경기도,일반외식업,5680865.0
201811,경기도,제과음료업,394612.0
201811,충청북도,관광총소비,1424273.0
201811,충청북도,호텔,64335.0
201811,충청북도,캠핑장/펜션,1567.0
201811,충청북도,기타숙박,558788.0
201811,충청북도,육상운송,32627.0
201811,충청북도,수상운송,340.0
201811,충청북도,렌터카,9337.0
201811,충청북도,기타관광쇼핑,169073.0
201811,충청북도,레저용품쇼핑,28167.0
201811,충청북도,대형쇼핑몰,236705.0
201811,충청북도,관광유원시설,36.0
201811,충청북도,골프장,19572.0
201811,충청북도,기타레저,15344.0
201811,충청북도,문화서비스,183.0
201811,충청북도,의료관광,31076.0
201811,충청북도,뷰티,14435.0
201811,충청북도,일반외식업,227456.0
201811,충청북도,제과음료업,15232.0
201811,충청남도,관광총소비,2056461.0
201811,충청남도,호텔,662539.0
201811,충청남도,콘도,10248.0
201811,충청남도,캠핑장/펜션,3356.0
201811,충청남도,기타숙박,246047.0
201811,충청남도,여행업,76.0
201811,충청남도,육상운송,56404.0
201811,충청남도,항공운송,188.0
201811,충청남도,렌터카,2845.0
201811,충청남도,기타관광쇼핑,260798.0
201811,충청남도,레저용품쇼핑,26574.0
201811,충청남도,대형쇼핑몰,301805.0
201811,충청남도,관광유원시설,63.0
201811,충청남도,골프장,12575.0
201811,충청남도,기타레저,14040.0
201811,충청남도,문화서비스,781.0
201811,충청남도,의료관광,99940.0
201811,충청남도,뷰티,34277.0
201811,충청남도,일반외식업,294319.0
201811,충청남도,제과음료업,29586.0
201811,전라남도,관광총소비,910181.0
201811,전라남도,호텔,193361.0
201811,전라남도,콘도,245.0
201811,전라남도,캠핑장/펜션,3408.0
201811,전라남도,기타숙박,89300.0
201811,전라남도,여행업,1161.0
201811,전라남도,육상운송,18088.0
201811,전라남도,수상운송,482.0
201811,전라남도,렌터카,3246.0
201811,전라남도,기타관광쇼핑,125585.0
201811,전라남도,레저용품쇼핑,20040.0
201811,전라남도,대형쇼핑몰,141217.0
201811,전라남도,관광유원시설,502.0
201811,전라남도,골프장,10495.0
201811,전라남도,기타레저,6703.0
201811,전라남도,문화서비스,990.0
201811,전라남도,의료관광,48388.0
201811,전라남도,뷰티,9591.0
201811,전라남도,일반외식업,131351.0
201811,전라남도,제과음료업,106027.0
201811,경상북도,관광총소비,2105079.0
201811,경상북도,호텔,626856.0
201811,경상북도,콘도,4472.0
201811,경상북도,캠핑장/펜션,5881.0
201811,경상북도,기타숙박,251533.0
201811,경상북도,여행업,532.0
201811,경상북도,육상운송,50918.0
201811,경상북도,수상운송,70.0
201811,경상북도,렌터카,2879.0
201811,경상북도,기타관광쇼핑,298041.0
201811,경상북도,레저용품쇼핑,30387.0
201811,경상북도,대형쇼핑몰,191407.0
201811,경상북도,관광유원시설,1532.0
201811,경상북도,골프장,13217.0
201811,경상북도,기타레저,13925.0
201811,경상북도,문화서비스,1172.0
201811,경상북도,의료관광,56804.0
201811,경상북도,뷰티,58040.0
201811,경상북도,일반외식업,447548.0
201811,경상북도,제과음료업,49864.0
201811,경상남도,관광총소비,4048934.0
201811,경상남도,호텔,885048.0
201811,경상남도,콘도,1444.0
201811,경상남도,캠핑장/펜션,4333.0
201811,경상남도,기타숙박,545651.0
201811,경상남도,여행업,44.0
201811,경상남도,육상운송,120111.0
201811,경상남도,수상운송,239.0
201811,경상남도,렌터카,9933.0
201811,경상남도,면세점,1357.0
201811,경상남도,기타관광쇼핑,304135.0
201811,경상남도,레저용품쇼핑,45067.0
201811,경상남도,대형쇼핑몰,905643.0
201811,경상남도,관광유원시설,370.0
201811,경상남도,골프장,44591.0
201811,경상남도,기타레저,22321.0
201811,경상남도,문화서비스,1784.0
201811,경상남도,의료관광,168520.0
201811,경상남도,뷰티,39535.0
201811,경상남도,일반외식업,904285.0
201811,경상남도,제과음료업,44524.0
201811,제주특별자치도,관광총소비,2.3890595E7
201811,제주특별자치도,호텔,1218329.0
201811,제주특별자치도,콘도,6650178.0
201811,제주특별자치도,캠핑장/펜션,33082.0
201811,제주특별자치도,기타숙박,1049178.0
201811,제주특별자치도,여행업,22992.0
201811,제주특별자치도,육상운송,48022.0
201811,제주특별자치도,수상운송,10735.0
201811,제주특별자치도,항공운송,276667.0
201811,제주특별자치도,렌터카,146633.0
201811,제주특별자치도,면세점,3641234.0
201811,제주특별자치도,기타관광쇼핑,5160900.0
201811,제주특별자치도,레저용품쇼핑,357797.0
201811,제주특별자치도,대형쇼핑몰,545115.0
201811,제주특별자치도,관광유원시설,12625.0
201811,제주특별자치도,골프장,112270.0
201811,제주특별자치도,기타레저,66685.0
201811,제주특별자치도,문화서비스,65644.0
201811,제주특별자치도,의료관광,211694.0
201811,제주특별자치도,뷰티,2496668.0
201811,제주특별자치도,일반외식업,1627739.0
201811,제주특별자치도,제과음료업,136407.0
201811,강원특별자치도,관광총소비,1214145.0
201811,강원특별자치도,호텔,117212.0
201811,강원특별자치도,콘도,77225.0
201811,강원특별자치도,캠핑장/펜션,6495.0
201811,강원특별자치도,기타숙박,156570.0
201811,강원특별자치도,여행업,8899.0
201811,강원특별자치도,육상운송,38167.0
201811,강원특별자치도,수상운송,72.0
201811,강원특별자치도,렌터카,4338.0
201811,강원특별자치도,면세점,3537.0
201811,강원특별자치도,기타관광쇼핑,230488.0
201811,강원특별자치도,레저용품쇼핑,32329.0
201811,강원특별자치도,대형쇼핑몰,125022.0
201811,강원특별자치도,관광유원시설,185.0
201811,강원특별자치도,골프장,62630.0
201811,강원특별자치도,기타레저,25808.0
201811,강원특별자치도,문화서비스,2242.0
201811,강원특별자치도,의료관광,48625.0
201811,강원특별자치도,뷰티,20416.0
201811,강원특별자치도,일반외식업,221585.0
201811,강원특별자치도,제과음료업,32301.0
201811,전북특별자치도,관광총소비,1430476.0
201811,전북특별자치도,호텔,61872.0
201811,전북특별자치도,콘도,739.0
201811,전북특별자치도,캠핑장/펜션,993.0
201811,전북특별자치도,기타숙박,192870.0
201811,전북특별자치도,여행업,76.0
201811,전북특별자치도,육상운송,26656.0
201811,전북특별자치도,수상운송,12.0
201811,전북특별자치도,항공운송,29206.0
201811,전북특별자치도,렌터카,3672.0
201811,전북특별자치도,기타관광쇼핑,202992.0
201811,전북특별자치도,레저용품쇼핑,34359.0
201811,전북특별자치도,대형쇼핑몰,414548.0
201811,전북특별자치도,골프장,11635.0
201811,전북특별자치도,기타레저,10760.0
201811,전북특별자치도,문화서비스,55325.0
201811,전북특별자치도,의료관광,78746.0
201811,전북특별자치도,뷰티,29182.0
201811,전북특별자치도,일반외식업,241845.0
201811,전북특별자치도,제과음료업,34989.0
201811,기타(지역 미분류),관광총소비,9.6261934E7
201811,기타(지역 미분류),호텔,3.2872181E7
201811,기타(지역 미분류),콘도,503138.0
201811,기타(지역 미분류),캠핑장/펜션,162370.0
201811,기타(지역 미분류),기타숙박,1.0995443E7
201811,기타(지역 미분류),여행업,1084405.0
201811,기타(지역 미분류),육상운송,3467475.0
201811,기타(지역 미분류),수상운송,2199.0
201811,기타(지역 미분류),항공운송,1.9180141E7
201811,기타(지역 미분류),렌터카,214437.0
201811,기타(지역 미분류),면세점,1.4399818E7
201811,기타(지역 미분류),기타관광쇼핑,28376.0
201811,기타(지역 미분류),레저용품쇼핑,526010.0
201811,기타(지역 미분류),관광유원시설,12125.0
201811,기타(지역 미분류),골프장,225417.0
201811,기타(지역 미분류),기타레저,102033.0
201811,기타(지역 미분류),문화서비스,169380.0
201811,기타(지역 미분류),의료관광,4981053.0
201811,기타(지역 미분류),뷰티,435159.0
201811,기타(지역 미분류),일반외식업,5652018.0
201811,기타(지역 미분류),제과음료업,1248757.0
201812,서울특별시,관광총소비,4.12383513E8
201812,서울특별시,호텔,5.5892549E7
201812,서울특별시,콘도,86655.0
201812,서울특별시,캠핑장/펜션,233141.0
201812,서울특별시,기타숙박,9562929.0
201812,서울특별시,여행업,552972.0
201812,서울특별시,육상운송,7275203.0
201812,서울특별시,수상운송,3587.0
201812,서울특별시,항공운송,1400515.0
201812,서울특별시,렌터카,71598.0
201812,서울특별시,면세점,5.2047242E7
201812,서울특별시,기타관광쇼핑,6.6795936E7
201812,서울특별시,레저용품쇼핑,6068100.0
201812,서울특별시,대형쇼핑몰,1.07724629E8
201812,서울특별시,카지노,2.5955077E7
201812,서울특별시,관광유원시설,4139.0
201812,서울특별시,골프장,13266.0
201812,서울특별시,기타레저,592315.0
201812,서울특별시,문화서비스,425684.0
201812,서울특별시,의료관광,2.0565397E7
201812,서울특별시,뷰티,2.6527188E7
201812,서울특별시,일반외식업,2.6886997E7
201812,서울특별시,제과음료업,3698393.0
201812,부산광역시,관광총소비,3.0456433E7
201812,부산광역시,호텔,3119771.0
201812,부산광역시,콘도,1277.0
201812,부산광역시,캠핑장/펜션,18557.0
201812,부산광역시,기타숙박,783879.0
201812,부산광역시,여행업,4062.0
201812,부산광역시,육상운송,140564.0
201812,부산광역시,수상운송,8603.0
201812,부산광역시,항공운송,26897.0
201812,부산광역시,렌터카,12301.0
201812,부산광역시,면세점,3326441.0
201812,부산광역시,기타관광쇼핑,3265054.0
201812,부산광역시,레저용품쇼핑,234421.0
201812,부산광역시,대형쇼핑몰,8917501.0
201812,부산광역시,카지노,6501272.0
201812,부산광역시,관광유원시설,32188.0
201812,부산광역시,골프장,14207.0
201812,부산광역시,기타레저,75373.0
201812,부산광역시,문화서비스,7189.0
201812,부산광역시,의료관광,965641.0
201812,부산광역시,뷰티,1241478.0
201812,부산광역시,일반외식업,1614585.0
201812,부산광역시,제과음료업,145170.0
201812,대구광역시,관광총소비,4665767.0
201812,대구광역시,호텔,891880.0
201812,대구광역시,캠핑장/펜션,3320.0
201812,대구광역시,기타숙박,156397.0
201812,대구광역시,여행업,2583.0
201812,대구광역시,육상운송,22566.0
201812,대구광역시,항공운송,21080.0
201812,대구광역시,렌터카,5954.0
201812,대구광역시,기타관광쇼핑,1475432.0
201812,대구광역시,레저용품쇼핑,61275.0
201812,대구광역시,대형쇼핑몰,1107013.0
201812,대구광역시,관광유원시설,24301.0
201812,대구광역시,골프장,664.0
201812,대구광역시,기타레저,35978.0
201812,대구광역시,문화서비스,7325.0
201812,대구광역시,의료관광,192675.0
201812,대구광역시,뷰티,66916.0
201812,대구광역시,일반외식업,511439.0
201812,대구광역시,제과음료업,78971.0
201812,인천광역시,관광총소비,4.3406547E7
201812,인천광역시,호텔,1.3946767E7
201812,인천광역시,캠핑장/펜션,12693.0
201812,인천광역시,기타숙박,503237.0
201812,인천광역시,여행업,5764.0
201812,인천광역시,육상운송,144583.0
201812,인천광역시,수상운송,1178.0
201812,인천광역시,항공운송,83194.0
201812,인천광역시,렌터카,296234.0
201812,인천광역시,면세점,2.1629921E7
201812,인천광역시,기타관광쇼핑,1162924.0
201812,인천광역시,레저용품쇼핑,60048.0
201812,인천광역시,대형쇼핑몰,2024553.0
201812,인천광역시,관광유원시설,110.0
201812,인천광역시,골프장,14984.0
201812,인천광역시,기타레저,66006.0
201812,인천광역시,문화서비스,3162.0
201812,인천광역시,의료관광,657832.0
201812,인천광역시,뷰티,152695.0
201812,인천광역시,일반외식업,1984302.0
201812,인천광역시,제과음료업,656360.0
201812,광주광역시,관광총소비,1036485.0
201812,광주광역시,호텔,47225.0
201812,광주광역시,캠핑장/펜션,165.0
201812,광주광역시,기타숙박,205781.0
201812,광주광역시,육상운송,6138.0
201812,광주광역시,렌터카,540.0
201812,광주광역시,기타관광쇼핑,144460.0
201812,광주광역시,레저용품쇼핑,32706.0
201812,광주광역시,대형쇼핑몰,336297.0
201812,광주광역시,관광유원시설,188.0
201812,광주광역시,골프장,89.0
201812,광주광역시,기타레저,6348.0
201812,광주광역시,문화서비스,41169.0
201812,광주광역시,의료관광,32197.0
201812,광주광역시,뷰티,31759.0
201812,광주광역시,일반외식업,136411.0
201812,광주광역시,제과음료업,15012.0
201812,대전광역시,관광총소비,2293352.0
201812,대전광역시,호텔,251371.0
201812,대전광역시,캠핑장/펜션,138.0
201812,대전광역시,기타숙박,79712.0
201812,대전광역시,여행업,5653.0
201812,대전광역시,육상운송,926238.0
201812,대전광역시,렌터카,1790.0
201812,대전광역시,기타관광쇼핑,224956.0
201812,대전광역시,레저용품쇼핑,15581.0
201812,대전광역시,대형쇼핑몰,352368.0
201812,대전광역시,관광유원시설,192.0
201812,대전광역시,골프장,18129.0
201812,대전광역시,기타레저,9169.0
201812,대전광역시,문화서비스,947.0
201812,대전광역시,의료관광,64920.0
201812,대전광역시,뷰티,74786.0
201812,대전광역시,일반외식업,239800.0
201812,대전광역시,제과음료업,27603.0
201812,울산광역시,관광총소비,1093623.0
201812,울산광역시,호텔,498424.0
201812,울산광역시,기타숙박,34938.0
201812,울산광역시,여행업,1704.0
201812,울산광역시,육상운송,13395.0
201812,울산광역시,렌터카,440.0
201812,울산광역시,면세점,2782.0
201812,울산광역시,기타관광쇼핑,63395.0
201812,울산광역시,레저용품쇼핑,6443.0
201812,울산광역시,대형쇼핑몰,296122.0
201812,울산광역시,골프장,1567.0
201812,울산광역시,기타레저,2212.0
201812,울산광역시,문화서비스,394.0
201812,울산광역시,의료관광,29086.0
201812,울산광역시,뷰티,11022.0
201812,울산광역시,일반외식업,123118.0
201812,울산광역시,제과음료업,8581.0
201812,세종특별자치시,관광총소비,84481.0
201812,세종특별자치시,기타숙박,1212.0
201812,세종특별자치시,육상운송,1570.0
201812,세종특별자치시,기타관광쇼핑,21083.0
201812,세종특별자치시,레저용품쇼핑,224.0
201812,세종특별자치시,대형쇼핑몰,18338.0
201812,세종특별자치시,골프장,518.0
201812,세종특별자치시,기타레저,398.0
201812,세종특별자치시,문화서비스,320.0
201812,세종특별자치시,의료관광,10323.0
201812,세종특별자치시,뷰티,3364.0
201812,세종특별자치시,일반외식업,24901.0
201812,세종특별자치시,제과음료업,2232.0
201812,경기도,관광총소비,3.8119386E7
201812,경기도,호텔,3934108.0
201812,경기도,콘도,81066.0
201812,경기도,캠핑장/펜션,28296.0
201812,경기도,기타숙박,5422242.0
201812,경기도,여행업,102250.0
201812,경기도,육상운송,343474.0
201812,경기도,수상운송,907.0
201812,경기도,렌터카,120880.0
201812,경기도,면세점,2323.0
201812,경기도,기타관광쇼핑,7677934.0
201812,경기도,레저용품쇼핑,853561.0
201812,경기도,대형쇼핑몰,9968480.0
201812,경기도,관광유원시설,280339.0
201812,경기도,골프장,77964.0
201812,경기도,스키장,25780.0
201812,경기도,기타레저,200158.0
201812,경기도,문화서비스,43229.0
201812,경기도,의료관광,1958385.0
201812,경기도,뷰티,677825.0
201812,경기도,일반외식업,5903538.0
201812,경기도,제과음료업,416647.0
201812,충청북도,관광총소비,1365607.0
201812,충청북도,호텔,93809.0
201812,충청북도,캠핑장/펜션,645.0
201812,충청북도,기타숙박,461781.0
201812,충청북도,여행업,2363.0
201812,충청북도,육상운송,39161.0
201812,충청북도,렌터카,1019.0
201812,충청북도,기타관광쇼핑,171579.0
201812,충청북도,레저용품쇼핑,13858.0
201812,충청북도,대형쇼핑몰,250921.0
201812,충청북도,관광유원시설,87.0
201812,충청북도,골프장,1373.0
201812,충청북도,기타레저,7060.0
201812,충청북도,문화서비스,309.0
201812,충청북도,의료관광,96465.0
201812,충청북도,뷰티,12607.0
201812,충청북도,일반외식업,196812.0
201812,충청북도,제과음료업,15759.0
201812,충청남도,관광총소비,2083354.0
201812,충청남도,호텔,697010.0
201812,충청남도,콘도,5661.0
201812,충청남도,캠핑장/펜션,1666.0
201812,충청남도,기타숙박,218433.0
201812,충청남도,여행업,2831.0
201812,충청남도,육상운송,49691.0
201812,충청남도,항공운송,188.0
201812,충청남도,렌터카,8962.0
201812,충청남도,기타관광쇼핑,256709.0
201812,충청남도,레저용품쇼핑,40605.0
201812,충청남도,대형쇼핑몰,326418.0
201812,충청남도,관광유원시설,98.0
201812,충청남도,골프장,2393.0
201812,충청남도,기타레저,17493.0
201812,충청남도,문화서비스,536.0
201812,충청남도,의료관광,108460.0
201812,충청남도,뷰티,34116.0
201812,충청남도,일반외식업,283848.0
201812,충청남도,제과음료업,28237.0
201812,전라남도,관광총소비,752965.0
201812,전라남도,호텔,119503.0
201812,전라남도,캠핑장/펜션,1000.0
201812,전라남도,기타숙박,72470.0
201812,전라남도,여행업,20.0
201812,전라남도,육상운송,15040.0
201812,전라남도,수상운송,157.0
201812,전라남도,렌터카,2548.0
201812,전라남도,기타관광쇼핑,124145.0
201812,전라남도,레저용품쇼핑,7578.0
201812,전라남도,대형쇼핑몰,141453.0
201812,전라남도,관광유원시설,283.0
201812,전라남도,골프장,2799.0
201812,전라남도,기타레저,3957.0
201812,전라남도,문화서비스,270.0
201812,전라남도,의료관광,38576.0
201812,전라남도,뷰티,26851.0
201812,전라남도,일반외식업,107513.0
201812,전라남도,제과음료업,88803.0
201812,경상북도,관광총소비,1678870.0
201812,경상북도,호텔,395592.0
201812,경상북도,콘도,21228.0
201812,경상북도,캠핑장/펜션,3531.0
201812,경상북도,기타숙박,194025.0
201812,경상북도,여행업,646.0
201812,경상북도,육상운송,53112.0
201812,경상북도,수상운송,16.0
201812,경상북도,렌터카,3858.0
201812,경상북도,기타관광쇼핑,285496.0
201812,경상북도,레저용품쇼핑,20675.0
201812,경상북도,대형쇼핑몰,191680.0
201812,경상북도,관광유원시설,431.0
201812,경상북도,골프장,7613.0
201812,경상북도,기타레저,9745.0
201812,경상북도,문화서비스,756.0
201812,경상북도,의료관광,31894.0
201812,경상북도,뷰티,57371.0
201812,경상북도,일반외식업,358747.0
201812,경상북도,제과음료업,42454.0
201812,경상남도,관광총소비,3649028.0
201812,경상남도,호텔,662349.0
201812,경상남도,콘도,540.0
201812,경상남도,캠핑장/펜션,2458.0
201812,경상남도,기타숙박,378648.0
201812,경상남도,여행업,152.0
201812,경상남도,육상운송,80989.0
201812,경상남도,수상운송,146.0
201812,경상남도,렌터카,17105.0
201812,경상남도,면세점,2859.0
201812,경상남도,기타관광쇼핑,241228.0
201812,경상남도,레저용품쇼핑,38677.0
201812,경상남도,대형쇼핑몰,1162780.0
201812,경상남도,관광유원시설,449.0
201812,경상남도,골프장,30784.0
201812,경상남도,기타레저,23848.0
201812,경상남도,문화서비스,1268.0
201812,경상남도,의료관광,110010.0
201812,경상남도,뷰티,36679.0
201812,경상남도,일반외식업,817865.0
201812,경상남도,제과음료업,40195.0
201812,제주특별자치도,관광총소비,2.4197511E7
201812,제주특별자치도,호텔,837273.0
201812,제주특별자치도,콘도,8742205.0
201812,제주특별자치도,캠핑장/펜션,21958.0
201812,제주특별자치도,기타숙박,744882.0
201812,제주특별자치도,여행업,2169.0
201812,제주특별자치도,육상운송,36545.0
201812,제주특별자치도,수상운송,8477.0
201812,제주특별자치도,항공운송,310663.0
201812,제주특별자치도,렌터카,149277.0
201812,제주특별자치도,면세점,3086683.0
201812,제주특별자치도,기타관광쇼핑,4753807.0
201812,제주특별자치도,레저용품쇼핑,368187.0
201812,제주특별자치도,대형쇼핑몰,632142.0
201812,제주특별자치도,관광유원시설,9534.0
201812,제주특별자치도,골프장,49078.0
201812,제주특별자치도,기타레저,48446.0
201812,제주특별자치도,문화서비스,65805.0
201812,제주특별자치도,의료관광,257721.0
201812,제주특별자치도,뷰티,2236976.0
201812,제주특별자치도,일반외식업,1685758.0
201812,제주특별자치도,제과음료업,149925.0
201812,강원특별자치도,관광총소비,3932179.0
201812,강원특별자치도,호텔,1431592.0
201812,강원특별자치도,콘도,469545.0
201812,강원특별자치도,캠핑장/펜션,120756.0
201812,강원특별자치도,기타숙박,112584.0
201812,강원특별자치도,여행업,18329.0
201812,강원특별자치도,육상운송,41469.0
201812,강원특별자치도,렌터카,6081.0
201812,강원특별자치도,기타관광쇼핑,312115.0
201812,강원특별자치도,레저용품쇼핑,212077.0
201812,강원특별자치도,대형쇼핑몰,142031.0
201812,강원특별자치도,관광유원시설,260.0
201812,강원특별자치도,골프장,60300.0
201812,강원특별자치도,기타레저,478764.0
201812,강원특별자치도,문화서비스,1942.0
201812,강원특별자치도,의료관광,65452.0
201812,강원특별자치도,뷰티,20060.0
201812,강원특별자치도,일반외식업,404347.0
201812,강원특별자치도,제과음료업,34475.0
201812,전북특별자치도,관광총소비,1372428.0
201812,전북특별자치도,호텔,31514.0
201812,전북특별자치도,콘도,1275.0
201812,전북특별자치도,캠핑장/펜션,3143.0
201812,전북특별자치도,기타숙박,138619.0
201812,전북특별자치도,육상운송,17135.0
201812,전북특별자치도,항공운송,29232.0
201812,전북특별자치도,렌터카,842.0
201812,전북특별자치도,기타관광쇼핑,207034.0
201812,전북특별자치도,레저용품쇼핑,42514.0
201812,전북특별자치도,대형쇼핑몰,521576.0
201812,전북특별자치도,골프장,2668.0
201812,전북특별자치도,기타레저,7411.0
201812,전북특별자치도,문화서비스,24950.0
201812,전북특별자치도,의료관광,35588.0
201812,전북특별자치도,뷰티,25977.0
201812,전북특별자치도,일반외식업,250330.0
201812,전북특별자치도,제과음료업,32619.0
201812,기타(지역 미분류),관광총소비,1.02568621E8
201812,기타(지역 미분류),호텔,3.3826777E7
201812,기타(지역 미분류),콘도,1074973.0
201812,기타(지역 미분류),캠핑장/펜션,253654.0
201812,기타(지역 미분류),기타숙박,1.2016409E7
201812,기타(지역 미분류),여행업,1532545.0
201812,기타(지역 미분류),육상운송,3702666.0
201812,기타(지역 미분류),수상운송,3072.0
201812,기타(지역 미분류),항공운송,2.2281533E7
201812,기타(지역 미분류),렌터카,210885.0
201812,기타(지역 미분류),면세점,1.5061829E7
201812,기타(지역 미분류),기타관광쇼핑,23710.0
201812,기타(지역 미분류),레저용품쇼핑,553055.0
201812,기타(지역 미분류),관광유원시설,13749.0
201812,기타(지역 미분류),골프장,144408.0
201812,기타(지역 미분류),기타레저,105442.0
201812,기타(지역 미분류),문화서비스,215462.0
201812,기타(지역 미분류),의료관광,4230387.0
201812,기타(지역 미분류),뷰티,492706.0
201812,기타(지역 미분류),일반외식업,5620456.0
201812,기타(지역 미분류),제과음료업,1204903.0
