기준년월,지자체,KTO업종중분류명,소비액(천원)
202401,서울특별시,관광총소비,4.36653914E8
202401,서울특별시,호텔,5.346041E7
202401,서울특별시,콘도,100944.0
202401,서울특별시,캠핑장/펜션,90362.0
202401,서울특별시,기타숙박,9131505.0
202401,서울특별시,여행업,488098.0
202401,서울특별시,육상운송,1.0617237E7
202401,서울특별시,수상운송,6602.0
202401,서울특별시,항공운송,1278762.0
202401,서울특별시,렌터카,89475.0
202401,서울특별시,면세점,2.2895196E7
202401,서울특별시,기타관광쇼핑,7.717962E7
202401,서울특별시,레저용품쇼핑,6344793.0
202401,서울특별시,대형쇼핑몰,1.02863942E8
202401,서울특별시,카지노,3.02334E7
202401,서울특별시,관광유원시설,6567.0
202401,서울특별시,골프장,270308.0
202401,서울특별시,기타레저,1468923.0
202401,서울특별시,문화서비스,811047.0
202401,서울특별시,의료관광,4.7669E7
202401,서울특별시,뷰티,1.6855614E7
202401,서울특별시,일반외식업,4.5960894E7
202401,서울특별시,제과음료업,8831213.0
202401,부산광역시,관광총소비,3.5827325E7
202401,부산광역시,호텔,1681429.0
202401,부산광역시,캠핑장/펜션,5364.0
202401,부산광역시,기타숙박,1269696.0
202401,부산광역시,여행업,1224.0
202401,부산광역시,육상운송,208005.0
202401,부산광역시,수상운송,22847.0
202401,부산광역시,항공운송,2017.0
202401,부산광역시,렌터카,18911.0
202401,부산광역시,면세점,1319663.0
202401,부산광역시,기타관광쇼핑,4284394.0
202401,부산광역시,레저용품쇼핑,143082.0
202401,부산광역시,대형쇼핑몰,1.1629166E7
202401,부산광역시,카지노,7759450.0
202401,부산광역시,관광유원시설,85968.0
202401,부산광역시,골프장,13651.0
202401,부산광역시,기타레저,187002.0
202401,부산광역시,문화서비스,14847.0
202401,부산광역시,의료관광,1109210.0
202401,부산광역시,뷰티,1766028.0
202401,부산광역시,일반외식업,3754083.0
202401,부산광역시,제과음료업,551290.0
202401,대구광역시,관광총소비,3447326.0
202401,대구광역시,호텔,411011.0
202401,대구광역시,콘도,27.0
202401,대구광역시,캠핑장/펜션,6781.0
202401,대구광역시,기타숙박,226388.0
202401,대구광역시,여행업,9383.0
202401,대구광역시,육상운송,56862.0
202401,대구광역시,항공운송,22343.0
202401,대구광역시,렌터카,4988.0
202401,대구광역시,기타관광쇼핑,537817.0
202401,대구광역시,레저용품쇼핑,65829.0
202401,대구광역시,대형쇼핑몰,637114.0
202401,대구광역시,관광유원시설,25358.0
202401,대구광역시,골프장,8927.0
202401,대구광역시,기타레저,31381.0
202401,대구광역시,문화서비스,2965.0
202401,대구광역시,의료관광,402475.0
202401,대구광역시,뷰티,78465.0
202401,대구광역시,일반외식업,776971.0
202401,대구광역시,제과음료업,142241.0
202401,인천광역시,관광총소비,5.4182673E7
202401,인천광역시,호텔,2.0603401E7
202401,인천광역시,캠핑장/펜션,5417.0
202401,인천광역시,기타숙박,432821.0
202401,인천광역시,여행업,6362.0
202401,인천광역시,육상운송,342118.0
202401,인천광역시,항공운송,39337.0
202401,인천광역시,렌터카,321500.0
202401,인천광역시,면세점,2.1347214E7
202401,인천광역시,기타관광쇼핑,2217803.0
202401,인천광역시,레저용품쇼핑,86585.0
202401,인천광역시,대형쇼핑몰,2694347.0
202401,인천광역시,관광유원시설,5045.0
202401,인천광역시,골프장,4666.0
202401,인천광역시,기타레저,91374.0
202401,인천광역시,문화서비스,2379.0
202401,인천광역시,의료관광,856363.0
202401,인천광역시,뷰티,206192.0
202401,인천광역시,일반외식업,3359206.0
202401,인천광역시,제과음료업,1560543.0
202401,광주광역시,관광총소비,1160983.0
202401,광주광역시,호텔,20086.0
202401,광주광역시,캠핑장/펜션,202.0
202401,광주광역시,기타숙박,127481.0
202401,광주광역시,육상운송,9012.0
202401,광주광역시,렌터카,2520.0
202401,광주광역시,기타관광쇼핑,196936.0
202401,광주광역시,레저용품쇼핑,29153.0
202401,광주광역시,대형쇼핑몰,395676.0
202401,광주광역시,관광유원시설,182.0
202401,광주광역시,골프장,538.0
202401,광주광역시,기타레저,6515.0
202401,광주광역시,문화서비스,26863.0
202401,광주광역시,의료관광,74227.0
202401,광주광역시,뷰티,34166.0
202401,광주광역시,일반외식업,194101.0
202401,광주광역시,제과음료업,43323.0
202401,대전광역시,관광총소비,2741604.0
202401,대전광역시,호텔,303971.0
202401,대전광역시,캠핑장/펜션,276.0
202401,대전광역시,기타숙박,308317.0
202401,대전광역시,육상운송,721426.0
202401,대전광역시,수상운송,479.0
202401,대전광역시,렌터카,7333.0
202401,대전광역시,기타관광쇼핑,212004.0
202401,대전광역시,레저용품쇼핑,22470.0
202401,대전광역시,대형쇼핑몰,518038.0
202401,대전광역시,관광유원시설,269.0
202401,대전광역시,골프장,854.0
202401,대전광역시,기타레저,15312.0
202401,대전광역시,문화서비스,921.0
202401,대전광역시,의료관광,172611.0
202401,대전광역시,뷰티,29150.0
202401,대전광역시,일반외식업,372785.0
202401,대전광역시,제과음료업,55388.0
202401,울산광역시,관광총소비,1214730.0
202401,울산광역시,호텔,336559.0
202401,울산광역시,캠핑장/펜션,509.0
202401,울산광역시,기타숙박,72089.0
202401,울산광역시,여행업,296.0
202401,울산광역시,육상운송,18343.0
202401,울산광역시,렌터카,550.0
202401,울산광역시,기타관광쇼핑,106320.0
202401,울산광역시,레저용품쇼핑,5595.0
202401,울산광역시,대형쇼핑몰,291241.0
202401,울산광역시,관광유원시설,78.0
202401,울산광역시,골프장,1964.0
202401,울산광역시,기타레저,17402.0
202401,울산광역시,문화서비스,182.0
202401,울산광역시,의료관광,37686.0
202401,울산광역시,뷰티,32307.0
202401,울산광역시,일반외식업,274528.0
202401,울산광역시,제과음료업,19081.0
202401,세종특별자치시,관광총소비,284627.0
202401,세종특별자치시,기타숙박,71973.0
202401,세종특별자치시,육상운송,8224.0
202401,세종특별자치시,기타관광쇼핑,42603.0
202401,세종특별자치시,레저용품쇼핑,1830.0
202401,세종특별자치시,대형쇼핑몰,32223.0
202401,세종특별자치시,골프장,596.0
202401,세종특별자치시,기타레저,2123.0
202401,세종특별자치시,문화서비스,117.0
202401,세종특별자치시,의료관광,21804.0
202401,세종특별자치시,뷰티,5593.0
202401,세종특별자치시,일반외식업,84149.0
202401,세종특별자치시,제과음료업,13392.0
202401,경기도,관광총소비,5.0631791E7
202401,경기도,호텔,3221955.0
202401,경기도,콘도,5033.0
202401,경기도,캠핑장/펜션,17920.0
202401,경기도,기타숙박,6021519.0
202401,경기도,여행업,38107.0
202401,경기도,육상운송,1299692.0
202401,경기도,수상운송,5581.0
202401,경기도,렌터카,321773.0
202401,경기도,기타관광쇼핑,7106993.0
202401,경기도,레저용품쇼핑,2265499.0
202401,경기도,대형쇼핑몰,1.2835658E7
202401,경기도,관광유원시설,355662.0
202401,경기도,골프장,103852.0
202401,경기도,기타레저,446258.0
202401,경기도,문화서비스,89866.0
202401,경기도,의료관광,3412837.0
202401,경기도,뷰티,1962813.0
202401,경기도,일반외식업,1.0015853E7
202401,경기도,제과음료업,1104919.0
202401,충청북도,관광총소비,1568350.0
202401,충청북도,호텔,23281.0
202401,충청북도,콘도,500.0
202401,충청북도,캠핑장/펜션,72.0
202401,충청북도,기타숙박,402271.0
202401,충청북도,육상운송,46377.0
202401,충청북도,항공운송,1426.0
202401,충청북도,렌터카,568.0
202401,충청북도,면세점,5102.0
202401,충청북도,기타관광쇼핑,296038.0
202401,충청북도,레저용품쇼핑,7607.0
202401,충청북도,대형쇼핑몰,243216.0
202401,충청북도,관광유원시설,1122.0
202401,충청북도,골프장,3406.0
202401,충청북도,기타레저,13439.0
202401,충청북도,문화서비스,325.0
202401,충청북도,의료관광,99673.0
202401,충청북도,뷰티,36434.0
202401,충청북도,일반외식업,350632.0
202401,충청북도,제과음료업,36863.0
202401,충청남도,관광총소비,2502483.0
202401,충청남도,호텔,55988.0
202401,충청남도,콘도,31694.0
202401,충청남도,캠핑장/펜션,9340.0
202401,충청남도,기타숙박,315048.0
202401,충청남도,여행업,154.0
202401,충청남도,육상운송,104937.0
202401,충청남도,렌터카,50918.0
202401,충청남도,기타관광쇼핑,645841.0
202401,충청남도,레저용품쇼핑,40150.0
202401,충청남도,대형쇼핑몰,308808.0
202401,충청남도,관광유원시설,570.0
202401,충청남도,골프장,10222.0
202401,충청남도,기타레저,49028.0
202401,충청남도,문화서비스,658.0
202401,충청남도,의료관광,222903.0
202401,충청남도,뷰티,36676.0
202401,충청남도,일반외식업,537218.0
202401,충청남도,제과음료업,82330.0
202401,전라남도,관광총소비,1440514.0
202401,전라남도,호텔,76895.0
202401,전라남도,콘도,2580.0
202401,전라남도,캠핑장/펜션,750.0
202401,전라남도,기타숙박,340244.0
202401,전라남도,육상운송,27669.0
202401,전라남도,수상운송,256.0
202401,전라남도,렌터카,8136.0
202401,전라남도,기타관광쇼핑,243908.0
202401,전라남도,레저용품쇼핑,14247.0
202401,전라남도,대형쇼핑몰,269798.0
202401,전라남도,관광유원시설,326.0
202401,전라남도,골프장,20843.0
202401,전라남도,기타레저,13659.0
202401,전라남도,문화서비스,16794.0
202401,전라남도,의료관광,39171.0
202401,전라남도,뷰티,22120.0
202401,전라남도,일반외식업,297175.0
202401,전라남도,제과음료업,45942.0
202401,경상북도,관광총소비,2787882.0
202401,경상북도,호텔,236928.0
202401,경상북도,콘도,5066.0
202401,경상북도,캠핑장/펜션,15176.0
202401,경상북도,기타숙박,348994.0
202401,경상북도,여행업,3369.0
202401,경상북도,육상운송,94541.0
202401,경상북도,렌터카,19726.0
202401,경상북도,기타관광쇼핑,542882.0
202401,경상북도,레저용품쇼핑,33570.0
202401,경상북도,대형쇼핑몰,228823.0
202401,경상북도,관광유원시설,872.0
202401,경상북도,골프장,57259.0
202401,경상북도,기타레저,30065.0
202401,경상북도,문화서비스,1544.0
202401,경상북도,의료관광,85536.0
202401,경상북도,뷰티,102159.0
202401,경상북도,일반외식업,877391.0
202401,경상북도,제과음료업,103980.0
202401,경상남도,관광총소비,3761973.0
202401,경상남도,호텔,323914.0
202401,경상남도,콘도,940.0
202401,경상남도,캠핑장/펜션,2271.0
202401,경상남도,기타숙박,524080.0
202401,경상남도,육상운송,105049.0
202401,경상남도,렌터카,14414.0
202401,경상남도,기타관광쇼핑,422404.0
202401,경상남도,레저용품쇼핑,125041.0
202401,경상남도,대형쇼핑몰,695927.0
202401,경상남도,관광유원시설,1276.0
202401,경상남도,골프장,21406.0
202401,경상남도,기타레저,98195.0
202401,경상남도,문화서비스,2106.0
202401,경상남도,의료관광,150313.0
202401,경상남도,뷰티,42210.0
202401,경상남도,일반외식업,1154017.0
202401,경상남도,제과음료업,78411.0
202401,제주특별자치도,관광총소비,1.7288006E7
202401,제주특별자치도,호텔,772379.0
202401,제주특별자치도,콘도,617244.0
202401,제주특별자치도,캠핑장/펜션,9578.0
202401,제주특별자치도,기타숙박,924733.0
202401,제주특별자치도,여행업,54633.0
202401,제주특별자치도,육상운송,138537.0
202401,제주특별자치도,수상운송,1084.0
202401,제주특별자치도,항공운송,11331.0
202401,제주특별자치도,렌터카,373133.0
202401,제주특별자치도,면세점,1572539.0
202401,제주특별자치도,기타관광쇼핑,4108660.0
202401,제주특별자치도,레저용품쇼핑,531287.0
202401,제주특별자치도,대형쇼핑몰,1279114.0
202401,제주특별자치도,관광유원시설,26051.0
202401,제주특별자치도,골프장,65467.0
202401,제주특별자치도,기타레저,141073.0
202401,제주특별자치도,문화서비스,73670.0
202401,제주특별자치도,의료관광,733151.0
202401,제주특별자치도,뷰티,240037.0
202401,제주특별자치도,일반외식업,4781937.0
202401,제주특별자치도,제과음료업,832370.0
202401,강원특별자치도,관광총소비,6327307.0
202401,강원특별자치도,호텔,1585870.0
202401,강원특별자치도,콘도,141288.0
202401,강원특별자치도,캠핑장/펜션,59160.0
202401,강원특별자치도,기타숙박,1085088.0
202401,강원특별자치도,여행업,19267.0
202401,강원특별자치도,육상운송,103145.0
202401,강원특별자치도,수상운송,143.0
202401,강원특별자치도,렌터카,12143.0
202401,강원특별자치도,면세점,1505.0
202401,강원특별자치도,기타관광쇼핑,878889.0
202401,강원특별자치도,레저용품쇼핑,242813.0
202401,강원특별자치도,대형쇼핑몰,230790.0
202401,강원특별자치도,관광유원시설,7794.0
202401,강원특별자치도,골프장,333254.0
202401,강원특별자치도,기타레저,63877.0
202401,강원특별자치도,문화서비스,4267.0
202401,강원특별자치도,의료관광,87083.0
202401,강원특별자치도,뷰티,40761.0
202401,강원특별자치도,일반외식업,1266393.0
202401,강원특별자치도,제과음료업,163777.0
202401,전북특별자치도,관광총소비,2060221.0
202401,전북특별자치도,호텔,18010.0
202401,전북특별자치도,콘도,550.0
202401,전북특별자치도,캠핑장/펜션,452.0
202401,전북특별자치도,기타숙박,332478.0
202401,전북특별자치도,여행업,60.0
202401,전북특별자치도,육상운송,36581.0
202401,전북특별자치도,수상운송,1617.0
202401,전북특별자치도,렌터카,4258.0
202401,전북특별자치도,기타관광쇼핑,308558.0
202401,전북특별자치도,레저용품쇼핑,26347.0
202401,전북특별자치도,대형쇼핑몰,416122.0
202401,전북특별자치도,골프장,3944.0
202401,전북특별자치도,기타레저,15095.0
202401,전북특별자치도,문화서비스,45506.0
202401,전북특별자치도,의료관광,104334.0
202401,전북특별자치도,뷰티,43486.0
202401,전북특별자치도,일반외식업,627944.0
202401,전북특별자치도,제과음료업,74878.0
202401,기타(지역 미분류),관광총소비,1.93123258E8
202401,기타(지역 미분류),호텔,5.508728E7
202401,기타(지역 미분류),콘도,2137942.0
202401,기타(지역 미분류),캠핑장/펜션,499405.0
202401,기타(지역 미분류),기타숙박,2.0620134E7
202401,기타(지역 미분류),여행업,2042779.0
202401,기타(지역 미분류),육상운송,7846264.0
202401,기타(지역 미분류),수상운송,5420.0
202401,기타(지역 미분류),항공운송,5.71684E7
202401,기타(지역 미분류),렌터카,361399.0
202401,기타(지역 미분류),면세점,1.8945677E7
202401,기타(지역 미분류),기타관광쇼핑,43876.0
202401,기타(지역 미분류),레저용품쇼핑,529344.0
202401,기타(지역 미분류),관광유원시설,108646.0
202401,기타(지역 미분류),골프장,4178232.0
202401,기타(지역 미분류),기타레저,162167.0
202401,기타(지역 미분류),문화서비스,760744.0
202401,기타(지역 미분류),의료관광,9504313.0
202401,기타(지역 미분류),뷰티,766170.0
202401,기타(지역 미분류),일반외식업,1.0252463E7
202401,기타(지역 미분류),제과음료업,2102604.0
202402,서울특별시,관광총소비,4.4705114E8
202402,서울특별시,호텔,5.4348697E7
202402,서울특별시,콘도,60554.0
202402,서울특별시,캠핑장/펜션,122956.0
202402,서울특별시,기타숙박,9427099.0
202402,서울특별시,여행업,477256.0
202402,서울특별시,육상운송,1.0612274E7
202402,서울특별시,수상운송,7490.0
202402,서울특별시,항공운송,1192410.0
202402,서울특별시,렌터카,64630.0
202402,서울특별시,면세점,2.4977708E7
202402,서울특별시,기타관광쇼핑,8.2839445E7
202402,서울특별시,레저용품쇼핑,6928800.0
202402,서울특별시,대형쇼핑몰,1.09617017E8
202402,서울특별시,카지노,2.5175839E7
202402,서울특별시,관광유원시설,8162.0
202402,서울특별시,골프장,160174.0
202402,서울특별시,기타레저,1336562.0
202402,서울특별시,문화서비스,851947.0
202402,서울특별시,의료관광,4.5534762E7
202402,서울특별시,뷰티,1.6769866E7
202402,서울특별시,일반외식업,4.7165131E7
202402,서울특별시,제과음료업,9372363.0
202402,부산광역시,관광총소비,4.4472856E7
202402,부산광역시,호텔,1757301.0
202402,부산광역시,캠핑장/펜션,6717.0
202402,부산광역시,기타숙박,1467625.0
202402,부산광역시,여행업,4061.0
202402,부산광역시,육상운송,227316.0
202402,부산광역시,수상운송,23190.0
202402,부산광역시,항공운송,2710.0
202402,부산광역시,렌터카,25111.0
202402,부산광역시,면세점,1924289.0
202402,부산광역시,기타관광쇼핑,4365587.0
202402,부산광역시,레저용품쇼핑,196480.0
202402,부산광역시,대형쇼핑몰,1.6989517E7
202402,부산광역시,카지노,8671514.0
202402,부산광역시,관광유원시설,102240.0
202402,부산광역시,골프장,12643.0
202402,부산광역시,기타레저,236399.0
202402,부산광역시,문화서비스,17144.0
202402,부산광역시,의료관광,971923.0
202402,부산광역시,뷰티,1899559.0
202402,부산광역시,일반외식업,4927266.0
202402,부산광역시,제과음료업,644263.0
202402,대구광역시,관광총소비,3942081.0
202402,대구광역시,호텔,520902.0
202402,대구광역시,콘도,50.0
202402,대구광역시,캠핑장/펜션,388.0
202402,대구광역시,기타숙박,194974.0
202402,대구광역시,여행업,4210.0
202402,대구광역시,육상운송,63288.0
202402,대구광역시,항공운송,24983.0
202402,대구광역시,렌터카,1746.0
202402,대구광역시,기타관광쇼핑,631720.0
202402,대구광역시,레저용품쇼핑,81967.0
202402,대구광역시,대형쇼핑몰,939278.0
202402,대구광역시,관광유원시설,28087.0
202402,대구광역시,골프장,7423.0
202402,대구광역시,기타레저,35306.0
202402,대구광역시,문화서비스,2307.0
202402,대구광역시,의료관광,364173.0
202402,대구광역시,뷰티,73503.0
202402,대구광역시,일반외식업,832914.0
202402,대구광역시,제과음료업,134862.0
202402,인천광역시,관광총소비,5.5392686E7
202402,인천광역시,호텔,2.0219755E7
202402,인천광역시,캠핑장/펜션,7308.0
202402,인천광역시,기타숙박,342202.0
202402,인천광역시,여행업,10840.0
202402,인천광역시,육상운송,408742.0
202402,인천광역시,수상운송,653.0
202402,인천광역시,항공운송,45970.0
202402,인천광역시,렌터카,419502.0
202402,인천광역시,면세점,2.2586391E7
202402,인천광역시,기타관광쇼핑,2576140.0
202402,인천광역시,레저용품쇼핑,68020.0
202402,인천광역시,대형쇼핑몰,2674398.0
202402,인천광역시,관광유원시설,4373.0
202402,인천광역시,골프장,16227.0
202402,인천광역시,기타레저,87145.0
202402,인천광역시,문화서비스,3628.0
202402,인천광역시,의료관광,940681.0
202402,인천광역시,뷰티,200705.0
202402,인천광역시,일반외식업,3223837.0
202402,인천광역시,제과음료업,1556169.0
202402,광주광역시,관광총소비,979230.0
202402,광주광역시,호텔,35156.0
202402,광주광역시,캠핑장/펜션,892.0
202402,광주광역시,기타숙박,113427.0
202402,광주광역시,육상운송,8222.0
202402,광주광역시,렌터카,1000.0
202402,광주광역시,기타관광쇼핑,162431.0
202402,광주광역시,레저용품쇼핑,23217.0
202402,광주광역시,대형쇼핑몰,305757.0
202402,광주광역시,관광유원시설,85.0
202402,광주광역시,골프장,2214.0
202402,광주광역시,기타레저,10870.0
202402,광주광역시,문화서비스,28070.0
202402,광주광역시,의료관광,58111.0
202402,광주광역시,뷰티,13559.0
202402,광주광역시,일반외식업,188941.0
202402,광주광역시,제과음료업,27278.0
202402,대전광역시,관광총소비,2538595.0
202402,대전광역시,호텔,239501.0
202402,대전광역시,기타숙박,247318.0
202402,대전광역시,육상운송,658790.0
202402,대전광역시,수상운송,847.0
202402,대전광역시,렌터카,7264.0
202402,대전광역시,기타관광쇼핑,221099.0
202402,대전광역시,레저용품쇼핑,22237.0
202402,대전광역시,대형쇼핑몰,648427.0
202402,대전광역시,관광유원시설,403.0
202402,대전광역시,골프장,1823.0
202402,대전광역시,기타레저,17180.0
202402,대전광역시,문화서비스,1205.0
202402,대전광역시,의료관광,101775.0
202402,대전광역시,뷰티,36210.0
202402,대전광역시,일반외식업,285656.0
202402,대전광역시,제과음료업,48860.0
202402,울산광역시,관광총소비,1242847.0
202402,울산광역시,호텔,330027.0
202402,울산광역시,캠핑장/펜션,13.0
202402,울산광역시,기타숙박,62669.0
202402,울산광역시,여행업,490.0
202402,울산광역시,육상운송,20315.0
202402,울산광역시,렌터카,378.0
202402,울산광역시,면세점,6600.0
202402,울산광역시,기타관광쇼핑,122875.0
202402,울산광역시,레저용품쇼핑,6917.0
202402,울산광역시,대형쇼핑몰,317303.0
202402,울산광역시,관광유원시설,34.0
202402,울산광역시,골프장,9048.0
202402,울산광역시,기타레저,10523.0
202402,울산광역시,문화서비스,84.0
202402,울산광역시,의료관광,82250.0
202402,울산광역시,뷰티,18742.0
202402,울산광역시,일반외식업,230424.0
202402,울산광역시,제과음료업,24155.0
202402,세종특별자치시,관광총소비,291999.0
202402,세종특별자치시,캠핑장/펜션,921.0
202402,세종특별자치시,기타숙박,99192.0
202402,세종특별자치시,육상운송,11946.0
202402,세종특별자치시,기타관광쇼핑,32492.0
202402,세종특별자치시,레저용품쇼핑,1147.0
202402,세종특별자치시,대형쇼핑몰,22205.0
202402,세종특별자치시,관광유원시설,22.0
202402,세종특별자치시,골프장,1537.0
202402,세종특별자치시,기타레저,3083.0
202402,세종특별자치시,문화서비스,222.0
202402,세종특별자치시,의료관광,38273.0
202402,세종특별자치시,뷰티,6979.0
202402,세종특별자치시,일반외식업,63271.0
202402,세종특별자치시,제과음료업,10707.0
202402,경기도,관광총소비,5.1239925E7
202402,경기도,호텔,3103554.0
202402,경기도,콘도,1520.0
202402,경기도,캠핑장/펜션,46103.0
202402,경기도,기타숙박,5699816.0
202402,경기도,여행업,31710.0
202402,경기도,육상운송,1450997.0
202402,경기도,수상운송,5456.0
202402,경기도,렌터카,399214.0
202402,경기도,기타관광쇼핑,8016463.0
202402,경기도,레저용품쇼핑,2434287.0
202402,경기도,대형쇼핑몰,1.3363078E7
202402,경기도,관광유원시설,456303.0
202402,경기도,골프장,197887.0
202402,경기도,기타레저,491473.0
202402,경기도,문화서비스,97223.0
202402,경기도,의료관광,2936527.0
202402,경기도,뷰티,1606502.0
202402,경기도,일반외식업,9849728.0
202402,경기도,제과음료업,1052085.0
202402,충청북도,관광총소비,1510550.0
202402,충청북도,호텔,27084.0
202402,충청북도,콘도,377.0
202402,충청북도,캠핑장/펜션,10.0
202402,충청북도,기타숙박,264325.0
202402,충청북도,육상운송,46842.0
202402,충청북도,수상운송,6.0
202402,충청북도,항공운송,680.0
202402,충청북도,렌터카,3456.0
202402,충청북도,면세점,2534.0
202402,충청북도,기타관광쇼핑,291725.0
202402,충청북도,레저용품쇼핑,111595.0
202402,충청북도,대형쇼핑몰,302191.0
202402,충청북도,관광유원시설,2053.0
202402,충청북도,골프장,10014.0
202402,충청북도,기타레저,12505.0
202402,충청북도,문화서비스,399.0
202402,충청북도,의료관광,57687.0
202402,충청북도,뷰티,45115.0
202402,충청북도,일반외식업,286930.0
202402,충청북도,제과음료업,45022.0
202402,충청남도,관광총소비,2356391.0
202402,충청남도,호텔,27071.0
202402,충청남도,콘도,20085.0
202402,충청남도,캠핑장/펜션,1648.0
202402,충청남도,기타숙박,337870.0
202402,충청남도,여행업,11.0
202402,충청남도,육상운송,98856.0
202402,충청남도,렌터카,5928.0
202402,충청남도,기타관광쇼핑,666184.0
202402,충청남도,레저용품쇼핑,43007.0
202402,충청남도,대형쇼핑몰,357534.0
202402,충청남도,관광유원시설,876.0
202402,충청남도,골프장,10957.0
202402,충청남도,기타레저,50242.0
202402,충청남도,문화서비스,991.0
202402,충청남도,의료관광,130762.0
202402,충청남도,뷰티,37380.0
202402,충청남도,일반외식업,488025.0
202402,충청남도,제과음료업,78965.0
202402,전라남도,관광총소비,1373573.0
202402,전라남도,호텔,56404.0
202402,전라남도,콘도,4053.0
202402,전라남도,캠핑장/펜션,6068.0
202402,전라남도,기타숙박,302581.0
202402,전라남도,여행업,620.0
202402,전라남도,육상운송,31301.0
202402,전라남도,수상운송,98.0
202402,전라남도,렌터카,14648.0
202402,전라남도,면세점,367.0
202402,전라남도,기타관광쇼핑,231011.0
202402,전라남도,레저용품쇼핑,24057.0
202402,전라남도,대형쇼핑몰,282462.0
202402,전라남도,관광유원시설,227.0
202402,전라남도,골프장,18278.0
202402,전라남도,기타레저,16719.0
202402,전라남도,문화서비스,29049.0
202402,전라남도,의료관광,35355.0
202402,전라남도,뷰티,24693.0
202402,전라남도,일반외식업,256344.0
202402,전라남도,제과음료업,39238.0
202402,경상북도,관광총소비,3200419.0
202402,경상북도,호텔,222204.0
202402,경상북도,콘도,4215.0
202402,경상북도,캠핑장/펜션,14428.0
202402,경상북도,기타숙박,329555.0
202402,경상북도,여행업,1828.0
202402,경상북도,육상운송,113364.0
202402,경상북도,수상운송,59.0
202402,경상북도,렌터카,36863.0
202402,경상북도,기타관광쇼핑,672155.0
202402,경상북도,레저용품쇼핑,37625.0
202402,경상북도,대형쇼핑몰,253693.0
202402,경상북도,관광유원시설,1692.0
202402,경상북도,골프장,85178.0
202402,경상북도,기타레저,33317.0
202402,경상북도,문화서비스,1954.0
202402,경상북도,의료관광,77252.0
202402,경상북도,뷰티,107667.0
202402,경상북도,일반외식업,1058764.0
202402,경상북도,제과음료업,148604.0
202402,경상남도,관광총소비,3292096.0
202402,경상남도,호텔,349311.0
202402,경상남도,콘도,837.0
202402,경상남도,캠핑장/펜션,461.0
202402,경상남도,기타숙박,458539.0
202402,경상남도,여행업,990.0
202402,경상남도,육상운송,102571.0
202402,경상남도,수상운송,30.0
202402,경상남도,렌터카,16633.0
202402,경상남도,기타관광쇼핑,426739.0
202402,경상남도,레저용품쇼핑,114425.0
202402,경상남도,대형쇼핑몰,748950.0
202402,경상남도,관광유원시설,1220.0
202402,경상남도,골프장,31543.0
202402,경상남도,기타레저,60985.0
202402,경상남도,문화서비스,1774.0
202402,경상남도,의료관광,128107.0
202402,경상남도,뷰티,51502.0
202402,경상남도,일반외식업,727017.0
202402,경상남도,제과음료업,70462.0
202402,제주특별자치도,관광총소비,2.2555208E7
202402,제주특별자치도,호텔,984759.0
202402,제주특별자치도,콘도,899024.0
202402,제주특별자치도,캠핑장/펜션,9914.0
202402,제주특별자치도,기타숙박,802044.0
202402,제주특별자치도,여행업,34990.0
202402,제주특별자치도,육상운송,164104.0
202402,제주특별자치도,수상운송,2129.0
202402,제주특별자치도,항공운송,14041.0
202402,제주특별자치도,렌터카,540735.0
202402,제주특별자치도,면세점,2593644.0
202402,제주특별자치도,기타관광쇼핑,5296947.0
202402,제주특별자치도,레저용품쇼핑,728134.0
202402,제주특별자치도,대형쇼핑몰,1943686.0
202402,제주특별자치도,관광유원시설,43646.0
202402,제주특별자치도,골프장,88433.0
202402,제주특별자치도,기타레저,101591.0
202402,제주특별자치도,문화서비스,113317.0
202402,제주특별자치도,의료관광,896883.0
202402,제주특별자치도,뷰티,265482.0
202402,제주특별자치도,일반외식업,5963065.0
202402,제주특별자치도,제과음료업,1068641.0
202402,강원특별자치도,관광총소비,5853694.0
202402,강원특별자치도,호텔,1788420.0
202402,강원특별자치도,콘도,176750.0
202402,강원특별자치도,캠핑장/펜션,101356.0
202402,강원특별자치도,기타숙박,588732.0
202402,강원특별자치도,여행업,1275.0
202402,강원특별자치도,육상운송,76071.0
202402,강원특별자치도,수상운송,28.0
202402,강원특별자치도,렌터카,5055.0
202402,강원특별자치도,면세점,379.0
202402,강원특별자치도,기타관광쇼핑,776307.0
202402,강원특별자치도,레저용품쇼핑,250188.0
202402,강원특별자치도,대형쇼핑몰,231413.0
202402,강원특별자치도,관광유원시설,16430.0
202402,강원특별자치도,골프장,472822.0
202402,강원특별자치도,기타레저,85724.0
202402,강원특별자치도,문화서비스,3329.0
202402,강원특별자치도,의료관광,81136.0
202402,강원특별자치도,뷰티,50342.0
202402,강원특별자치도,일반외식업,1023385.0
202402,강원특별자치도,제과음료업,124553.0
202402,전북특별자치도,관광총소비,2075967.0
202402,전북특별자치도,호텔,18747.0
202402,전북특별자치도,콘도,560.0
202402,전북특별자치도,캠핑장/펜션,384.0
202402,전북특별자치도,기타숙박,262978.0
202402,전북특별자치도,여행업,7772.0
202402,전북특별자치도,육상운송,38071.0
202402,전북특별자치도,렌터카,1428.0
202402,전북특별자치도,기타관광쇼핑,302229.0
202402,전북특별자치도,레저용품쇼핑,46898.0
202402,전북특별자치도,대형쇼핑몰,469706.0
202402,전북특별자치도,관광유원시설,10.0
202402,전북특별자치도,골프장,8915.0
202402,전북특별자치도,기타레저,12302.0
202402,전북특별자치도,문화서비스,41081.0
202402,전북특별자치도,의료관광,99417.0
202402,전북특별자치도,뷰티,66506.0
202402,전북특별자치도,일반외식업,629181.0
202402,전북특별자치도,제과음료업,69782.0
202402,기타(지역 미분류),관광총소비,1.81877038E8
202402,기타(지역 미분류),호텔,5.1744928E7
202402,기타(지역 미분류),콘도,2141440.0
202402,기타(지역 미분류),캠핑장/펜션,442485.0
202402,기타(지역 미분류),기타숙박,2.0237001E7
202402,기타(지역 미분류),여행업,1028977.0
202402,기타(지역 미분류),육상운송,8687814.0
202402,기타(지역 미분류),수상운송,6877.0
202402,기타(지역 미분류),항공운송,5.3922906E7
202402,기타(지역 미분류),렌터카,396886.0
202402,기타(지역 미분류),면세점,1.8509841E7
202402,기타(지역 미분류),기타관광쇼핑,52980.0
202402,기타(지역 미분류),레저용품쇼핑,616468.0
202402,기타(지역 미분류),관광유원시설,177254.0
202402,기타(지역 미분류),골프장,2358696.0
202402,기타(지역 미분류),기타레저,177429.0
202402,기타(지역 미분류),문화서비스,616240.0
202402,기타(지역 미분류),의료관광,7638072.0
202402,기타(지역 미분류),뷰티,720437.0
202402,기타(지역 미분류),일반외식업,1.0183713E7
202402,기타(지역 미분류),제과음료업,2216594.0
202403,서울특별시,관광총소비,6.05633314E8
202403,서울특별시,호텔,8.4686809E7
202403,서울특별시,콘도,108946.0
202403,서울특별시,캠핑장/펜션,214664.0
202403,서울특별시,기타숙박,1.6792994E7
202403,서울특별시,여행업,743573.0
202403,서울특별시,육상운송,1.7927685E7
202403,서울특별시,수상운송,16588.0
202403,서울특별시,항공운송,1296327.0
202403,서울특별시,렌터카,124864.0
202403,서울특별시,면세점,2.8565108E7
202403,서울특별시,기타관광쇼핑,1.18633475E8
202403,서울특별시,레저용품쇼핑,9647853.0
202403,서울특별시,대형쇼핑몰,1.26814876E8
202403,서울특별시,카지노,2.8757644E7
202403,서울특별시,관광유원시설,15111.0
202403,서울특별시,골프장,266615.0
202403,서울특별시,기타레저,2209279.0
202403,서울특별시,문화서비스,1151486.0
202403,서울특별시,의료관광,6.1777967E7
202403,서울특별시,뷰티,2.4365902E7
202403,서울특별시,일반외식업,6.6650684E7
202403,서울특별시,제과음료업,1.4864864E7
202403,부산광역시,관광총소비,5.8011449E7
202403,부산광역시,호텔,3260240.0
202403,부산광역시,캠핑장/펜션,16443.0
202403,부산광역시,기타숙박,2050723.0
202403,부산광역시,여행업,7619.0
202403,부산광역시,육상운송,308243.0
202403,부산광역시,수상운송,41257.0
202403,부산광역시,항공운송,3069.0
202403,부산광역시,렌터카,17459.0
202403,부산광역시,면세점,2221161.0
202403,부산광역시,기타관광쇼핑,6775119.0
202403,부산광역시,레저용품쇼핑,248562.0
202403,부산광역시,대형쇼핑몰,1.9104736E7
202403,부산광역시,카지노,8977007.0
202403,부산광역시,관광유원시설,159322.0
202403,부산광역시,골프장,31007.0
202403,부산광역시,기타레저,326379.0
202403,부산광역시,문화서비스,31810.0
202403,부산광역시,의료관광,1418307.0
202403,부산광역시,뷰티,5201385.0
202403,부산광역시,일반외식업,6671984.0
202403,부산광역시,제과음료업,1139617.0
202403,대구광역시,관광총소비,5706565.0
202403,대구광역시,호텔,947508.0
202403,대구광역시,콘도,95.0
202403,대구광역시,캠핑장/펜션,1954.0
202403,대구광역시,기타숙박,386293.0
202403,대구광역시,여행업,5615.0
202403,대구광역시,육상운송,78581.0
202403,대구광역시,항공운송,23528.0
202403,대구광역시,렌터카,2546.0
202403,대구광역시,기타관광쇼핑,859307.0
202403,대구광역시,레저용품쇼핑,147218.0
202403,대구광역시,대형쇼핑몰,1030065.0
202403,대구광역시,관광유원시설,57243.0
202403,대구광역시,골프장,5467.0
202403,대구광역시,기타레저,48400.0
202403,대구광역시,문화서비스,7199.0
202403,대구광역시,의료관광,447801.0
202403,대구광역시,뷰티,107698.0
202403,대구광역시,일반외식업,1309119.0
202403,대구광역시,제과음료업,240928.0
202403,인천광역시,관광총소비,6.2468588E7
202403,인천광역시,호텔,2.4200759E7
202403,인천광역시,캠핑장/펜션,12531.0
202403,인천광역시,기타숙박,634629.0
202403,인천광역시,여행업,4239.0
202403,인천광역시,육상운송,474595.0
202403,인천광역시,항공운송,41529.0
202403,인천광역시,렌터카,506705.0
202403,인천광역시,면세점,2.1537565E7
202403,인천광역시,기타관광쇼핑,3184511.0
202403,인천광역시,레저용품쇼핑,599197.0
202403,인천광역시,대형쇼핑몰,3189350.0
202403,인천광역시,관광유원시설,9006.0
202403,인천광역시,골프장,17629.0
202403,인천광역시,기타레저,127494.0
202403,인천광역시,문화서비스,8520.0
202403,인천광역시,의료관광,1157538.0
202403,인천광역시,뷰티,250885.0
202403,인천광역시,일반외식업,4444956.0
202403,인천광역시,제과음료업,2066951.0
202403,광주광역시,관광총소비,2451545.0
202403,광주광역시,호텔,41067.0
202403,광주광역시,캠핑장/펜션,577.0
202403,광주광역시,기타숙박,233969.0
202403,광주광역시,육상운송,14086.0
202403,광주광역시,렌터카,4602.0
202403,광주광역시,기타관광쇼핑,430049.0
202403,광주광역시,레저용품쇼핑,56648.0
202403,광주광역시,대형쇼핑몰,645123.0
202403,광주광역시,관광유원시설,886.0
202403,광주광역시,골프장,1803.0
202403,광주광역시,기타레저,38236.0
202403,광주광역시,문화서비스,56838.0
202403,광주광역시,의료관광,127824.0
202403,광주광역시,뷰티,36758.0
202403,광주광역시,일반외식업,656654.0
202403,광주광역시,제과음료업,106425.0
202403,대전광역시,관광총소비,4180535.0
202403,대전광역시,호텔,370124.0
202403,대전광역시,캠핑장/펜션,60.0
202403,대전광역시,기타숙박,342235.0
202403,대전광역시,육상운송,1290793.0
202403,대전광역시,렌터카,5427.0
202403,대전광역시,기타관광쇼핑,451069.0
202403,대전광역시,레저용품쇼핑,25330.0
202403,대전광역시,대형쇼핑몰,675131.0
202403,대전광역시,관광유원시설,2202.0
202403,대전광역시,골프장,3496.0
202403,대전광역시,기타레저,37708.0
202403,대전광역시,문화서비스,2355.0
202403,대전광역시,의료관광,225663.0
202403,대전광역시,뷰티,56145.0
202403,대전광역시,일반외식업,575256.0
202403,대전광역시,제과음료업,117540.0
202403,울산광역시,관광총소비,1407131.0
202403,울산광역시,호텔,455985.0
202403,울산광역시,캠핑장/펜션,166.0
202403,울산광역시,기타숙박,47798.0
202403,울산광역시,여행업,380.0
202403,울산광역시,육상운송,21693.0
202403,울산광역시,렌터카,1659.0
202403,울산광역시,기타관광쇼핑,151436.0
202403,울산광역시,레저용품쇼핑,7802.0
202403,울산광역시,대형쇼핑몰,260432.0
202403,울산광역시,관광유원시설,9.0
202403,울산광역시,골프장,6948.0
202403,울산광역시,기타레저,7953.0
202403,울산광역시,문화서비스,430.0
202403,울산광역시,의료관광,94532.0
202403,울산광역시,뷰티,18705.0
202403,울산광역시,일반외식업,294173.0
202403,울산광역시,제과음료업,37030.0
202403,세종특별자치시,관광총소비,447215.0
202403,세종특별자치시,캠핑장/펜션,1290.0
202403,세종특별자치시,기타숙박,145093.0
202403,세종특별자치시,육상운송,9027.0
202403,세종특별자치시,렌터카,630.0
202403,세종특별자치시,기타관광쇼핑,81475.0
202403,세종특별자치시,레저용품쇼핑,2561.0
202403,세종특별자치시,대형쇼핑몰,26177.0
202403,세종특별자치시,관광유원시설,52.0
202403,세종특별자치시,골프장,6305.0
202403,세종특별자치시,기타레저,8702.0
202403,세종특별자치시,문화서비스,378.0
202403,세종특별자치시,의료관광,15060.0
202403,세종특별자치시,뷰티,7083.0
202403,세종특별자치시,일반외식업,124006.0
202403,세종특별자치시,제과음료업,19376.0
202403,경기도,관광총소비,6.7059006E7
202403,경기도,호텔,4780645.0
202403,경기도,콘도,5124.0
202403,경기도,캠핑장/펜션,93453.0
202403,경기도,기타숙박,9191703.0
202403,경기도,여행업,49509.0
202403,경기도,육상운송,1812343.0
202403,경기도,수상운송,10517.0
202403,경기도,렌터카,460815.0
202403,경기도,면세점,1044.0
202403,경기도,기타관광쇼핑,1.0155104E7
202403,경기도,레저용품쇼핑,2434949.0
202403,경기도,대형쇼핑몰,1.5377733E7
202403,경기도,관광유원시설,551821.0
202403,경기도,골프장,651551.0
202403,경기도,기타레저,662660.0
202403,경기도,문화서비스,141346.0
202403,경기도,의료관광,3530123.0
202403,경기도,뷰티,2034399.0
202403,경기도,일반외식업,1.3548647E7
202403,경기도,제과음료업,1565520.0
202403,충청북도,관광총소비,2586576.0
202403,충청북도,호텔,26512.0
202403,충청북도,콘도,861.0
202403,충청북도,캠핑장/펜션,641.0
202403,충청북도,기타숙박,367903.0
202403,충청북도,여행업,38.0
202403,충청북도,육상운송,56873.0
202403,충청북도,수상운송,748.0
202403,충청북도,항공운송,1677.0
202403,충청북도,렌터카,9649.0
202403,충청북도,면세점,1139.0
202403,충청북도,기타관광쇼핑,572724.0
202403,충청북도,레저용품쇼핑,170530.0
202403,충청북도,대형쇼핑몰,395836.0
202403,충청북도,관광유원시설,569.0
202403,충청북도,골프장,31928.0
202403,충청북도,기타레저,23949.0
202403,충청북도,문화서비스,532.0
202403,충청북도,의료관광,75558.0
202403,충청북도,뷰티,56535.0
202403,충청북도,일반외식업,712685.0
202403,충청북도,제과음료업,79690.0
202403,충청남도,관광총소비,3431882.0
202403,충청남도,호텔,46987.0
202403,충청남도,콘도,22927.0
202403,충청남도,캠핑장/펜션,12995.0
202403,충청남도,기타숙박,676232.0
202403,충청남도,여행업,20.0
202403,충청남도,육상운송,124380.0
202403,충청남도,수상운송,52.0
202403,충청남도,렌터카,6543.0
202403,충청남도,기타관광쇼핑,861194.0
202403,충청남도,레저용품쇼핑,54357.0
202403,충청남도,대형쇼핑몰,414386.0
202403,충청남도,관광유원시설,1264.0
202403,충청남도,골프장,21767.0
202403,충청남도,기타레저,56010.0
202403,충청남도,문화서비스,1665.0
202403,충청남도,의료관광,149706.0
202403,충청남도,뷰티,56127.0
202403,충청남도,일반외식업,810422.0
202403,충청남도,제과음료업,114849.0
202403,전라남도,관광총소비,2069288.0
202403,전라남도,호텔,84890.0
202403,전라남도,콘도,7448.0
202403,전라남도,캠핑장/펜션,1955.0
202403,전라남도,기타숙박,467773.0
202403,전라남도,여행업,1221.0
202403,전라남도,육상운송,50876.0
202403,전라남도,수상운송,243.0
202403,전라남도,렌터카,13397.0
202403,전라남도,면세점,36.0
202403,전라남도,기타관광쇼핑,393224.0
202403,전라남도,레저용품쇼핑,34608.0
202403,전라남도,대형쇼핑몰,389283.0
202403,전라남도,관광유원시설,1338.0
202403,전라남도,골프장,23135.0
202403,전라남도,기타레저,28232.0
202403,전라남도,문화서비스,4398.0
202403,전라남도,의료관광,41586.0
202403,전라남도,뷰티,39964.0
202403,전라남도,일반외식업,414375.0
202403,전라남도,제과음료업,71308.0
202403,경상북도,관광총소비,5517658.0
202403,경상북도,호텔,518472.0
202403,경상북도,콘도,13166.0
202403,경상북도,캠핑장/펜션,20751.0
202403,경상북도,기타숙박,330065.0
202403,경상북도,여행업,186207.0
202403,경상북도,육상운송,134727.0
202403,경상북도,수상운송,174.0
202403,경상북도,렌터카,30692.0
202403,경상북도,기타관광쇼핑,1144028.0
202403,경상북도,레저용품쇼핑,52013.0
202403,경상북도,대형쇼핑몰,404989.0
202403,경상북도,관광유원시설,2952.0
202403,경상북도,골프장,198384.0
202403,경상북도,기타레저,42911.0
202403,경상북도,문화서비스,4218.0
202403,경상북도,의료관광,163594.0
202403,경상북도,뷰티,121627.0
202403,경상북도,일반외식업,1845343.0
202403,경상북도,제과음료업,303345.0
202403,경상남도,관광총소비,4721006.0
202403,경상남도,호텔,379706.0
202403,경상남도,콘도,2332.0
202403,경상남도,캠핑장/펜션,1094.0
202403,경상남도,기타숙박,774036.0
202403,경상남도,여행업,800.0
202403,경상남도,육상운송,115181.0
202403,경상남도,수상운송,82.0
202403,경상남도,렌터카,13128.0
202403,경상남도,기타관광쇼핑,524364.0
202403,경상남도,레저용품쇼핑,152956.0
202403,경상남도,대형쇼핑몰,1027826.0
202403,경상남도,관광유원시설,1678.0
202403,경상남도,골프장,59024.0
202403,경상남도,기타레저,67309.0
202403,경상남도,문화서비스,2510.0
202403,경상남도,의료관광,229665.0
202403,경상남도,뷰티,71289.0
202403,경상남도,일반외식업,1175519.0
202403,경상남도,제과음료업,122507.0
202403,제주특별자치도,관광총소비,2.6863314E7
202403,제주특별자치도,호텔,1364195.0
202403,제주특별자치도,콘도,1745223.0
202403,제주특별자치도,캠핑장/펜션,29035.0
202403,제주특별자치도,기타숙박,975838.0
202403,제주특별자치도,여행업,53291.0
202403,제주특별자치도,육상운송,298977.0
202403,제주특별자치도,수상운송,2034.0
202403,제주특별자치도,항공운송,27501.0
202403,제주특별자치도,렌터카,1416711.0
202403,제주특별자치도,면세점,2712253.0
202403,제주특별자치도,기타관광쇼핑,6261057.0
202403,제주특별자치도,레저용품쇼핑,613345.0
202403,제주특별자치도,대형쇼핑몰,1894243.0
202403,제주특별자치도,관광유원시설,43598.0
202403,제주특별자치도,골프장,125919.0
202403,제주특별자치도,기타레저,130727.0
202403,제주특별자치도,문화서비스,146164.0
202403,제주특별자치도,의료관광,1155127.0
202403,제주특별자치도,뷰티,292568.0
202403,제주특별자치도,일반외식업,6236012.0
202403,제주특별자치도,제과음료업,1339497.0
202403,강원특별자치도,관광총소비,3462661.0
202403,강원특별자치도,호텔,417344.0
202403,강원특별자치도,콘도,107098.0
202403,강원특별자치도,캠핑장/펜션,25795.0
202403,강원특별자치도,기타숙박,512761.0
202403,강원특별자치도,여행업,13289.0
202403,강원특별자치도,육상운송,91751.0
202403,강원특별자치도,수상운송,431.0
202403,강원특별자치도,렌터카,6601.0
202403,강원특별자치도,면세점,671.0
202403,강원특별자치도,기타관광쇼핑,763373.0
202403,강원특별자치도,레저용품쇼핑,55037.0
202403,강원특별자치도,대형쇼핑몰,313960.0
202403,강원특별자치도,관광유원시설,6307.0
202403,강원특별자치도,골프장,115925.0
202403,강원특별자치도,기타레저,37132.0
202403,강원특별자치도,문화서비스,4259.0
202403,강원특별자치도,의료관광,86426.0
202403,강원특별자치도,뷰티,26450.0
202403,강원특별자치도,일반외식업,755203.0
202403,강원특별자치도,제과음료업,122848.0
202403,전북특별자치도,관광총소비,3243788.0
202403,전북특별자치도,호텔,33127.0
202403,전북특별자치도,콘도,3395.0
202403,전북특별자치도,캠핑장/펜션,378.0
202403,전북특별자치도,기타숙박,557800.0
202403,전북특별자치도,여행업,5488.0
202403,전북특별자치도,육상운송,55613.0
202403,전북특별자치도,수상운송,181.0
202403,전북특별자치도,렌터카,6217.0
202403,전북특별자치도,기타관광쇼핑,571475.0
202403,전북특별자치도,레저용품쇼핑,59003.0
202403,전북특별자치도,대형쇼핑몰,615347.0
202403,전북특별자치도,관광유원시설,225.0
202403,전북특별자치도,골프장,9645.0
202403,전북특별자치도,기타레저,25501.0
202403,전북특별자치도,문화서비스,60346.0
202403,전북특별자치도,의료관광,156757.0
202403,전북특별자치도,뷰티,89597.0
202403,전북특별자치도,일반외식업,862480.0
202403,전북특별자치도,제과음료업,131213.0
202403,기타(지역 미분류),관광총소비,2.38929885E8
202403,기타(지역 미분류),호텔,6.9925926E7
202403,기타(지역 미분류),콘도,1944725.0
202403,기타(지역 미분류),캠핑장/펜션,317021.0
202403,기타(지역 미분류),기타숙박,2.5897713E7
202403,기타(지역 미분류),여행업,1378546.0
202403,기타(지역 미분류),육상운송,1.517689E7
202403,기타(지역 미분류),수상운송,5292.0
202403,기타(지역 미분류),항공운송,6.7188118E7
202403,기타(지역 미분류),렌터카,556287.0
202403,기타(지역 미분류),면세점,1.9791123E7
202403,기타(지역 미분류),기타관광쇼핑,87286.0
202403,기타(지역 미분류),레저용품쇼핑,1069969.0
202403,기타(지역 미분류),관광유원시설,209580.0
202403,기타(지역 미분류),골프장,2901708.0
202403,기타(지역 미분류),기타레저,191536.0
202403,기타(지역 미분류),문화서비스,774083.0
202403,기타(지역 미분류),의료관광,1.2199176E7
202403,기타(지역 미분류),뷰티,1117391.0
202403,기타(지역 미분류),일반외식업,1.4587373E7
202403,기타(지역 미분류),제과음료업,3610144.0
202404,서울특별시,관광총소비,7.28037975E8
202404,서울특별시,호텔,9.8893117E7
202404,서울특별시,콘도,151638.0
202404,서울특별시,캠핑장/펜션,223921.0
202404,서울특별시,기타숙박,2.144468E7
202404,서울특별시,여행업,802484.0
202404,서울특별시,육상운송,1.9360155E7
202404,서울특별시,수상운송,34073.0
202404,서울특별시,항공운송,1378831.0
202404,서울특별시,렌터카,155984.0
202404,서울특별시,면세점,3.4908547E7
202404,서울특별시,기타관광쇼핑,1.397734E8
202404,서울특별시,레저용품쇼핑,1.1171559E7
202404,서울특별시,대형쇼핑몰,1.54990916E8
202404,서울특별시,카지노,3.4326662E7
202404,서울특별시,관광유원시설,32922.0
202404,서울특별시,골프장,397941.0
202404,서울특별시,기타레저,1965822.0
202404,서울특별시,문화서비스,1392014.0
202404,서울특별시,의료관광,7.9018056E7
202404,서울특별시,뷰티,3.134694E7
202404,서울특별시,일반외식업,7.8952073E7
202404,서울특별시,제과음료업,1.7316239E7
202404,부산광역시,관광총소비,7.1768947E7
202404,부산광역시,호텔,5012469.0
202404,부산광역시,캠핑장/펜션,25857.0
202404,부산광역시,기타숙박,2723457.0
202404,부산광역시,여행업,10102.0
202404,부산광역시,육상운송,417849.0
202404,부산광역시,수상운송,42160.0
202404,부산광역시,항공운송,8913.0
202404,부산광역시,렌터카,21497.0
202404,부산광역시,면세점,2475485.0
202404,부산광역시,기타관광쇼핑,7108735.0
202404,부산광역시,레저용품쇼핑,299932.0
202404,부산광역시,대형쇼핑몰,2.5127505E7
202404,부산광역시,카지노,9019241.0
202404,부산광역시,관광유원시설,207104.0
202404,부산광역시,골프장,34490.0
202404,부산광역시,기타레저,474495.0
202404,부산광역시,문화서비스,44983.0
202404,부산광역시,의료관광,2019764.0
202404,부산광역시,뷰티,5178075.0
202404,부산광역시,일반외식업,9893040.0
202404,부산광역시,제과음료업,1623794.0
202404,대구광역시,관광총소비,6122718.0
202404,대구광역시,호텔,796985.0
202404,대구광역시,콘도,17.0
202404,대구광역시,캠핑장/펜션,1366.0
202404,대구광역시,기타숙박,359062.0
202404,대구광역시,여행업,461.0
202404,대구광역시,육상운송,89558.0
202404,대구광역시,항공운송,39422.0
202404,대구광역시,렌터카,4861.0
202404,대구광역시,기타관광쇼핑,926110.0
202404,대구광역시,레저용품쇼핑,177449.0
202404,대구광역시,대형쇼핑몰,1132562.0
202404,대구광역시,관광유원시설,60989.0
202404,대구광역시,골프장,14664.0
202404,대구광역시,기타레저,54681.0
202404,대구광역시,문화서비스,3427.0
202404,대구광역시,의료관광,716748.0
202404,대구광역시,뷰티,103117.0
202404,대구광역시,일반외식업,1359076.0
202404,대구광역시,제과음료업,282163.0
202404,인천광역시,관광총소비,7.1745448E7
202404,인천광역시,호텔,2.7882617E7
202404,인천광역시,캠핑장/펜션,16287.0
202404,인천광역시,기타숙박,932172.0
202404,인천광역시,여행업,34721.0
202404,인천광역시,육상운송,579246.0
202404,인천광역시,수상운송,248.0
202404,인천광역시,항공운송,9213.0
202404,인천광역시,렌터카,620678.0
202404,인천광역시,면세점,2.480361E7
202404,인천광역시,기타관광쇼핑,3708823.0
202404,인천광역시,레저용품쇼핑,170516.0
202404,인천광역시,대형쇼핑몰,3893958.0
202404,인천광역시,관광유원시설,9218.0
202404,인천광역시,골프장,27708.0
202404,인천광역시,기타레저,122837.0
202404,인천광역시,문화서비스,4810.0
202404,인천광역시,의료관광,1418481.0
202404,인천광역시,뷰티,278301.0
202404,인천광역시,일반외식업,4857634.0
202404,인천광역시,제과음료업,2374370.0
202404,광주광역시,관광총소비,2612470.0
202404,광주광역시,호텔,31808.0
202404,광주광역시,캠핑장/펜션,2405.0
202404,광주광역시,기타숙박,257366.0
202404,광주광역시,육상운송,13703.0
202404,광주광역시,렌터카,7203.0
202404,광주광역시,기타관광쇼핑,443679.0
202404,광주광역시,레저용품쇼핑,37510.0
202404,광주광역시,대형쇼핑몰,657530.0
202404,광주광역시,관광유원시설,741.0
202404,광주광역시,골프장,3303.0
202404,광주광역시,기타레저,36940.0
202404,광주광역시,문화서비스,39951.0
202404,광주광역시,의료관광,178551.0
202404,광주광역시,뷰티,43511.0
202404,광주광역시,일반외식업,722463.0
202404,광주광역시,제과음료업,135806.0
202404,대전광역시,관광총소비,4752136.0
202404,대전광역시,호텔,417708.0
202404,대전광역시,캠핑장/펜션,30.0
202404,대전광역시,기타숙박,425323.0
202404,대전광역시,육상운송,1629291.0
202404,대전광역시,렌터카,2380.0
202404,대전광역시,기타관광쇼핑,439996.0
202404,대전광역시,레저용품쇼핑,30295.0
202404,대전광역시,대형쇼핑몰,710802.0
202404,대전광역시,관광유원시설,3635.0
202404,대전광역시,골프장,1987.0
202404,대전광역시,기타레저,24243.0
202404,대전광역시,문화서비스,2654.0
202404,대전광역시,의료관광,259745.0
202404,대전광역시,뷰티,52324.0
202404,대전광역시,일반외식업,622910.0
202404,대전광역시,제과음료업,128813.0
202404,울산광역시,관광총소비,1636019.0
202404,울산광역시,호텔,544621.0
202404,울산광역시,캠핑장/펜션,1001.0
202404,울산광역시,기타숙박,53825.0
202404,울산광역시,여행업,732.0
202404,울산광역시,육상운송,27046.0
202404,울산광역시,렌터카,2250.0
202404,울산광역시,기타관광쇼핑,143296.0
202404,울산광역시,레저용품쇼핑,7174.0
202404,울산광역시,대형쇼핑몰,326650.0
202404,울산광역시,관광유원시설,22.0
202404,울산광역시,골프장,8496.0
202404,울산광역시,기타레저,9388.0
202404,울산광역시,문화서비스,219.0
202404,울산광역시,의료관광,72859.0
202404,울산광역시,뷰티,25513.0
202404,울산광역시,일반외식업,375386.0
202404,울산광역시,제과음료업,37544.0
202404,세종특별자치시,관광총소비,354397.0
202404,세종특별자치시,기타숙박,53490.0
202404,세종특별자치시,여행업,2256.0
202404,세종특별자치시,육상운송,10410.0
202404,세종특별자치시,기타관광쇼핑,69578.0
202404,세종특별자치시,레저용품쇼핑,4658.0
202404,세종특별자치시,대형쇼핑몰,26977.0
202404,세종특별자치시,골프장,1161.0
202404,세종특별자치시,기타레저,3127.0
202404,세종특별자치시,문화서비스,78.0
202404,세종특별자치시,의료관광,23898.0
202404,세종특별자치시,뷰티,10707.0
202404,세종특별자치시,일반외식업,123864.0
202404,세종특별자치시,제과음료업,24194.0
202404,경기도,관광총소비,7.3103116E7
202404,경기도,호텔,5041356.0
202404,경기도,콘도,3797.0
202404,경기도,캠핑장/펜션,55288.0
202404,경기도,기타숙박,8391362.0
202404,경기도,여행업,46141.0
202404,경기도,육상운송,1897334.0
202404,경기도,수상운송,26177.0
202404,경기도,렌터카,622534.0
202404,경기도,면세점,1992.0
202404,경기도,기타관광쇼핑,1.2061617E7
202404,경기도,레저용품쇼핑,2294679.0
202404,경기도,대형쇼핑몰,1.7940583E7
202404,경기도,관광유원시설,1171761.0
202404,경기도,골프장,964542.0
202404,경기도,기타레저,646916.0
202404,경기도,문화서비스,137726.0
202404,경기도,의료관광,3909651.0
202404,경기도,뷰티,2295801.0
202404,경기도,일반외식업,1.380849E7
202404,경기도,제과음료업,1785368.0
202404,충청북도,관광총소비,2647488.0
202404,충청북도,호텔,41571.0
202404,충청북도,콘도,2723.0
202404,충청북도,캠핑장/펜션,2307.0
202404,충청북도,기타숙박,438407.0
202404,충청북도,여행업,17.0
202404,충청북도,육상운송,82000.0
202404,충청북도,수상운송,691.0
202404,충청북도,항공운송,1823.0
202404,충청북도,렌터카,9496.0
202404,충청북도,면세점,466.0
202404,충청북도,기타관광쇼핑,529756.0
202404,충청북도,레저용품쇼핑,47074.0
202404,충청북도,대형쇼핑몰,308082.0
202404,충청북도,관광유원시설,2344.0
202404,충청북도,골프장,64606.0
202404,충청북도,기타레저,31650.0
202404,충청북도,문화서비스,466.0
202404,충청북도,의료관광,122440.0
202404,충청북도,뷰티,62990.0
202404,충청북도,일반외식업,804143.0
202404,충청북도,제과음료업,94436.0
202404,충청남도,관광총소비,3545770.0
202404,충청남도,호텔,81342.0
202404,충청남도,콘도,32306.0
202404,충청남도,캠핑장/펜션,3880.0
202404,충청남도,기타숙박,523264.0
202404,충청남도,여행업,402.0
202404,충청남도,육상운송,152350.0
202404,충청남도,렌터카,10348.0
202404,충청남도,기타관광쇼핑,928609.0
202404,충청남도,레저용품쇼핑,59966.0
202404,충청남도,대형쇼핑몰,393363.0
202404,충청남도,관광유원시설,1317.0
202404,충청남도,골프장,33839.0
202404,충청남도,기타레저,47070.0
202404,충청남도,문화서비스,692.0
202404,충청남도,의료관광,229270.0
202404,충청남도,뷰티,55991.0
202404,충청남도,일반외식업,854072.0
202404,충청남도,제과음료업,137691.0
202404,전라남도,관광총소비,2168394.0
202404,전라남도,호텔,99964.0
202404,전라남도,콘도,15981.0
202404,전라남도,캠핑장/펜션,3901.0
202404,전라남도,기타숙박,417525.0
202404,전라남도,여행업,1337.0
202404,전라남도,육상운송,62765.0
202404,전라남도,수상운송,1240.0
202404,전라남도,렌터카,15835.0
202404,전라남도,기타관광쇼핑,466857.0
202404,전라남도,레저용품쇼핑,27545.0
202404,전라남도,대형쇼핑몰,255493.0
202404,전라남도,관광유원시설,1266.0
202404,전라남도,골프장,37013.0
202404,전라남도,기타레저,50651.0
202404,전라남도,문화서비스,12150.0
202404,전라남도,의료관광,54608.0
202404,전라남도,뷰티,41474.0
202404,전라남도,일반외식업,509868.0
202404,전라남도,제과음료업,92919.0
202404,경상북도,관광총소비,5653726.0
202404,경상북도,호텔,503906.0
202404,경상북도,콘도,13900.0
202404,경상북도,캠핑장/펜션,36215.0
202404,경상북도,기타숙박,478995.0
202404,경상북도,여행업,49065.0
202404,경상북도,육상운송,152734.0
202404,경상북도,수상운송,236.0
202404,경상북도,렌터카,37859.0
202404,경상북도,기타관광쇼핑,1172656.0
202404,경상북도,레저용품쇼핑,190145.0
202404,경상북도,대형쇼핑몰,221832.0
202404,경상북도,관광유원시설,3513.0
202404,경상북도,골프장,265417.0
202404,경상북도,기타레저,56755.0
202404,경상북도,문화서비스,7625.0
202404,경상북도,의료관광,161268.0
202404,경상북도,뷰티,129933.0
202404,경상북도,일반외식업,1867174.0
202404,경상북도,제과음료업,304498.0
202404,경상남도,관광총소비,5179371.0
202404,경상남도,호텔,379608.0
202404,경상남도,콘도,5205.0
202404,경상남도,캠핑장/펜션,6227.0
202404,경상남도,기타숙박,903810.0
202404,경상남도,여행업,970.0
202404,경상남도,육상운송,140487.0
202404,경상남도,수상운송,501.0
202404,경상남도,렌터카,11453.0
202404,경상남도,기타관광쇼핑,565682.0
202404,경상남도,레저용품쇼핑,187243.0
202404,경상남도,대형쇼핑몰,1066708.0
202404,경상남도,관광유원시설,2427.0
202404,경상남도,골프장,130472.0
202404,경상남도,기타레저,66897.0
202404,경상남도,문화서비스,2776.0
202404,경상남도,의료관광,213640.0
202404,경상남도,뷰티,81193.0
202404,경상남도,일반외식업,1249903.0
202404,경상남도,제과음료업,164170.0
202404,제주특별자치도,관광총소비,3.3964442E7
202404,제주특별자치도,호텔,2505527.0
202404,제주특별자치도,콘도,2396495.0
202404,제주특별자치도,캠핑장/펜션,37250.0
202404,제주특별자치도,기타숙박,1261488.0
202404,제주특별자치도,여행업,34442.0
202404,제주특별자치도,육상운송,398498.0
202404,제주특별자치도,수상운송,2735.0
202404,제주특별자치도,항공운송,36201.0
202404,제주특별자치도,렌터카,1753501.0
202404,제주특별자치도,면세점,3125419.0
202404,제주특별자치도,기타관광쇼핑,7374080.0
202404,제주특별자치도,레저용품쇼핑,670272.0
202404,제주특별자치도,대형쇼핑몰,1921805.0
202404,제주특별자치도,관광유원시설,62734.0
202404,제주특별자치도,골프장,284439.0
202404,제주특별자치도,기타레저,169085.0
202404,제주특별자치도,문화서비스,197166.0
202404,제주특별자치도,의료관광,1251870.0
202404,제주특별자치도,뷰티,368506.0
202404,제주특별자치도,일반외식업,8311556.0
202404,제주특별자치도,제과음료업,1801373.0
202404,강원특별자치도,관광총소비,3853977.0
202404,강원특별자치도,호텔,133947.0
202404,강원특별자치도,콘도,125560.0
202404,강원특별자치도,캠핑장/펜션,41248.0
202404,강원특별자치도,기타숙박,467426.0
202404,강원특별자치도,여행업,2650.0
202404,강원특별자치도,육상운송,108125.0
202404,강원특별자치도,수상운송,554.0
202404,강원특별자치도,렌터카,14449.0
202404,강원특별자치도,면세점,70.0
202404,강원특별자치도,기타관광쇼핑,944941.0
202404,강원특별자치도,레저용품쇼핑,59864.0
202404,강원특별자치도,대형쇼핑몰,350382.0
202404,강원특별자치도,관광유원시설,22309.0
202404,강원특별자치도,골프장,193215.0
202404,강원특별자치도,기타레저,61662.0
202404,강원특별자치도,문화서비스,4465.0
202404,강원특별자치도,의료관광,112190.0
202404,강원특별자치도,뷰티,37445.0
202404,강원특별자치도,일반외식업,1007626.0
202404,강원특별자치도,제과음료업,165851.0
202404,전북특별자치도,관광총소비,4068228.0
202404,전북특별자치도,호텔,102415.0
202404,전북특별자치도,콘도,3333.0
202404,전북특별자치도,캠핑장/펜션,2178.0
202404,전북특별자치도,기타숙박,854078.0
202404,전북특별자치도,여행업,2400.0
202404,전북특별자치도,육상운송,67301.0
202404,전북특별자치도,수상운송,1691.0
202404,전북특별자치도,렌터카,21164.0
202404,전북특별자치도,기타관광쇼핑,621890.0
202404,전북특별자치도,레저용품쇼핑,75161.0
202404,전북특별자치도,대형쇼핑몰,566672.0
202404,전북특별자치도,관광유원시설,335.0
202404,전북특별자치도,골프장,10620.0
202404,전북특별자치도,기타레저,29818.0
202404,전북특별자치도,문화서비스,60786.0
202404,전북특별자치도,의료관광,171473.0
202404,전북특별자치도,뷰티,309119.0
202404,전북특별자치도,일반외식업,991913.0
202404,전북특별자치도,제과음료업,175880.0
202404,기타(지역 미분류),관광총소비,2.59881641E8
202404,기타(지역 미분류),호텔,8.17937E7
202404,기타(지역 미분류),콘도,2322869.0
202404,기타(지역 미분류),캠핑장/펜션,251755.0
202404,기타(지역 미분류),기타숙박,2.9566457E7
202404,기타(지역 미분류),여행업,1608484.0
202404,기타(지역 미분류),육상운송,1.678382E7
202404,기타(지역 미분류),수상운송,19516.0
202404,기타(지역 미분류),항공운송,6.0912993E7
202404,기타(지역 미분류),렌터카,550561.0
202404,기타(지역 미분류),면세점,2.3899081E7
202404,기타(지역 미분류),기타관광쇼핑,109971.0
202404,기타(지역 미분류),레저용품쇼핑,1008085.0
202404,기타(지역 미분류),관광유원시설,330062.0
202404,기타(지역 미분류),골프장,2802357.0
202404,기타(지역 미분류),기타레저,268759.0
202404,기타(지역 미분류),문화서비스,887394.0
202404,기타(지역 미분류),의료관광,1.5435915E7
202404,기타(지역 미분류),뷰티,1280754.0
202404,기타(지역 미분류),일반외식업,1.6103635E7
202404,기타(지역 미분류),제과음료업,3945474.0
202405,서울특별시,관광총소비,7.17069955E8
202405,서울특별시,호텔,9.6020332E7
202405,서울특별시,콘도,127936.0
202405,서울특별시,캠핑장/펜션,232407.0
202405,서울특별시,기타숙박,1.9928185E7
202405,서울특별시,여행업,708941.0
202405,서울특별시,육상운송,1.833151E7
202405,서울특별시,수상운송,44127.0
202405,서울특별시,항공운송,1441084.0
202405,서울특별시,렌터카,169173.0
202405,서울특별시,면세점,3.4496445E7
202405,서울특별시,기타관광쇼핑,1.37711006E8
202405,서울특별시,레저용품쇼핑,1.1769148E7
202405,서울특별시,대형쇼핑몰,1.52940398E8
202405,서울특별시,카지노,3.078658E7
202405,서울특별시,관광유원시설,19266.0
202405,서울특별시,골프장,423552.0
202405,서울특별시,기타레저,2032169.0
202405,서울특별시,문화서비스,1388488.0
202405,서울특별시,의료관광,8.1072619E7
202405,서울특별시,뷰티,2.987545E7
202405,서울특별시,일반외식업,8.0433891E7
202405,서울특별시,제과음료업,1.711725E7
202405,부산광역시,관광총소비,7.1216655E7
202405,부산광역시,호텔,4652404.0
202405,부산광역시,캠핑장/펜션,22449.0
202405,부산광역시,기타숙박,2692899.0
202405,부산광역시,여행업,17555.0
202405,부산광역시,육상운송,439450.0
202405,부산광역시,수상운송,31103.0
202405,부산광역시,항공운송,3098.0
202405,부산광역시,렌터카,23579.0
202405,부산광역시,면세점,2531256.0
202405,부산광역시,기타관광쇼핑,7054633.0
202405,부산광역시,레저용품쇼핑,268948.0
202405,부산광역시,대형쇼핑몰,2.644753E7
202405,부산광역시,카지노,7685081.0
202405,부산광역시,관광유원시설,227484.0
202405,부산광역시,골프장,46209.0
202405,부산광역시,기타레저,743077.0
202405,부산광역시,문화서비스,52482.0
202405,부산광역시,의료관광,2058358.0
202405,부산광역시,뷰티,2041867.0
202405,부산광역시,일반외식업,1.2357784E7
202405,부산광역시,제과음료업,1819410.0
202405,대구광역시,관광총소비,6957958.0
202405,대구광역시,호텔,1132973.0
202405,대구광역시,콘도,45.0
202405,대구광역시,캠핑장/펜션,428.0
202405,대구광역시,기타숙박,560132.0
202405,대구광역시,여행업,600.0
202405,대구광역시,육상운송,98886.0
202405,대구광역시,항공운송,45922.0
202405,대구광역시,렌터카,6411.0
202405,대구광역시,기타관광쇼핑,994263.0
202405,대구광역시,레저용품쇼핑,158751.0
202405,대구광역시,대형쇼핑몰,1207482.0
202405,대구광역시,관광유원시설,63565.0
202405,대구광역시,골프장,14866.0
202405,대구광역시,기타레저,67477.0
202405,대구광역시,문화서비스,7217.0
202405,대구광역시,의료관광,618422.0
202405,대구광역시,뷰티,134731.0
202405,대구광역시,일반외식업,1538403.0
202405,대구광역시,제과음료업,307387.0
202405,인천광역시,관광총소비,7.3005415E7
202405,인천광역시,호텔,2.6287991E7
202405,인천광역시,캠핑장/펜션,10718.0
202405,인천광역시,기타숙박,817787.0
202405,인천광역시,여행업,7269.0
202405,인천광역시,육상운송,585431.0
202405,인천광역시,수상운송,1890.0
202405,인천광역시,항공운송,15044.0
202405,인천광역시,렌터카,590530.0
202405,인천광역시,면세점,2.7017984E7
202405,인천광역시,기타관광쇼핑,3977111.0
202405,인천광역시,레저용품쇼핑,220636.0
202405,인천광역시,대형쇼핑몰,3867110.0
202405,인천광역시,관광유원시설,11476.0
202405,인천광역시,골프장,20389.0
202405,인천광역시,기타레저,126336.0
202405,인천광역시,문화서비스,7872.0
202405,인천광역시,의료관광,1565012.0
202405,인천광역시,뷰티,333761.0
202405,인천광역시,일반외식업,5158915.0
202405,인천광역시,제과음료업,2382153.0
202405,광주광역시,관광총소비,2514654.0
202405,광주광역시,호텔,39100.0
202405,광주광역시,캠핑장/펜션,1753.0
202405,광주광역시,기타숙박,267525.0
202405,광주광역시,육상운송,21482.0
202405,광주광역시,렌터카,1943.0
202405,광주광역시,기타관광쇼핑,435328.0
202405,광주광역시,레저용품쇼핑,52702.0
202405,광주광역시,대형쇼핑몰,536855.0
202405,광주광역시,관광유원시설,357.0
202405,광주광역시,골프장,2607.0
202405,광주광역시,기타레저,33179.0
202405,광주광역시,문화서비스,45681.0
202405,광주광역시,의료관광,142638.0
202405,광주광역시,뷰티,55858.0
202405,광주광역시,일반외식업,736464.0
202405,광주광역시,제과음료업,141182.0
202405,대전광역시,관광총소비,4488233.0
202405,대전광역시,호텔,308975.0
202405,대전광역시,캠핑장/펜션,100.0
202405,대전광역시,기타숙박,442034.0
202405,대전광역시,여행업,34.0
202405,대전광역시,육상운송,1512488.0
202405,대전광역시,수상운송,837.0
202405,대전광역시,렌터카,3561.0
202405,대전광역시,기타관광쇼핑,403775.0
202405,대전광역시,레저용품쇼핑,20251.0
202405,대전광역시,대형쇼핑몰,727255.0
202405,대전광역시,관광유원시설,1274.0
202405,대전광역시,골프장,2516.0
202405,대전광역시,기타레저,22322.0
202405,대전광역시,문화서비스,2490.0
202405,대전광역시,의료관광,217183.0
202405,대전광역시,뷰티,59109.0
202405,대전광역시,일반외식업,643351.0
202405,대전광역시,제과음료업,120679.0
202405,울산광역시,관광총소비,1705973.0
202405,울산광역시,호텔,498080.0
202405,울산광역시,캠핑장/펜션,115.0
202405,울산광역시,기타숙박,103515.0
202405,울산광역시,여행업,530.0
202405,울산광역시,육상운송,31041.0
202405,울산광역시,렌터카,5481.0
202405,울산광역시,기타관광쇼핑,181519.0
202405,울산광역시,레저용품쇼핑,21430.0
202405,울산광역시,대형쇼핑몰,361094.0
202405,울산광역시,골프장,7659.0
202405,울산광역시,기타레저,11505.0
202405,울산광역시,문화서비스,439.0
202405,울산광역시,의료관광,76353.0
202405,울산광역시,뷰티,33649.0
202405,울산광역시,일반외식업,332846.0
202405,울산광역시,제과음료업,40716.0
202405,세종특별자치시,관광총소비,371146.0
202405,세종특별자치시,기타숙박,63755.0
202405,세종특별자치시,육상운송,8167.0
202405,세종특별자치시,기타관광쇼핑,60065.0
202405,세종특별자치시,레저용품쇼핑,2824.0
202405,세종특별자치시,대형쇼핑몰,28536.0
202405,세종특별자치시,관광유원시설,41.0
202405,세종특별자치시,골프장,13823.0
202405,세종특별자치시,기타레저,4596.0
202405,세종특별자치시,문화서비스,192.0
202405,세종특별자치시,의료관광,24913.0
202405,세종특별자치시,뷰티,10301.0
202405,세종특별자치시,일반외식업,132914.0
202405,세종특별자치시,제과음료업,21018.0
202405,경기도,관광총소비,7.1394298E7
202405,경기도,호텔,4464249.0
202405,경기도,콘도,5664.0
202405,경기도,캠핑장/펜션,45445.0
202405,경기도,기타숙박,8399778.0
202405,경기도,여행업,26751.0
202405,경기도,육상운송,2034558.0
202405,경기도,수상운송,20255.0
202405,경기도,렌터카,534643.0
202405,경기도,면세점,2395.0
202405,경기도,기타관광쇼핑,1.150852E7
202405,경기도,레저용품쇼핑,2038924.0
202405,경기도,대형쇼핑몰,1.6900997E7
202405,경기도,관광유원시설,998365.0
202405,경기도,골프장,1232351.0
202405,경기도,기타레저,714747.0
202405,경기도,문화서비스,152756.0
202405,경기도,의료관광,4208217.0
202405,경기도,뷰티,2133105.0
202405,경기도,일반외식업,1.4159827E7
202405,경기도,제과음료업,1812750.0
202405,충청북도,관광총소비,2455023.0
202405,충청북도,호텔,47470.0
202405,충청북도,콘도,1857.0
202405,충청북도,캠핑장/펜션,454.0
202405,충청북도,기타숙박,271780.0
202405,충청북도,여행업,12.0
202405,충청북도,육상운송,78481.0
202405,충청북도,수상운송,543.0
202405,충청북도,항공운송,2632.0
202405,충청북도,렌터카,8355.0
202405,충청북도,면세점,4290.0
202405,충청북도,기타관광쇼핑,545776.0
202405,충청북도,레저용품쇼핑,27971.0
202405,충청북도,대형쇼핑몰,342700.0
202405,충청북도,관광유원시설,7736.0
202405,충청북도,골프장,81271.0
202405,충청북도,기타레저,25988.0
202405,충청북도,문화서비스,430.0
202405,충청북도,의료관광,109379.0
202405,충청북도,뷰티,55377.0
202405,충청북도,일반외식업,747093.0
202405,충청북도,제과음료업,95429.0
202405,충청남도,관광총소비,3858504.0
202405,충청남도,호텔,46190.0
202405,충청남도,콘도,46313.0
202405,충청남도,캠핑장/펜션,5367.0
202405,충청남도,기타숙박,666903.0
202405,충청남도,여행업,1491.0
202405,충청남도,육상운송,155819.0
202405,충청남도,수상운송,142.0
202405,충청남도,렌터카,25896.0
202405,충청남도,기타관광쇼핑,965431.0
202405,충청남도,레저용품쇼핑,36595.0
202405,충청남도,대형쇼핑몰,422919.0
202405,충청남도,관광유원시설,1184.0
202405,충청남도,골프장,43979.0
202405,충청남도,기타레저,60411.0
202405,충청남도,문화서비스,1674.0
202405,충청남도,의료관광,281247.0
202405,충청남도,뷰티,69703.0
202405,충청남도,일반외식업,885032.0
202405,충청남도,제과음료업,142207.0
202405,전라남도,관광총소비,2441437.0
202405,전라남도,호텔,122183.0
202405,전라남도,콘도,10187.0
202405,전라남도,캠핑장/펜션,4490.0
202405,전라남도,기타숙박,472908.0
202405,전라남도,여행업,1032.0
202405,전라남도,육상운송,63030.0
202405,전라남도,수상운송,973.0
202405,전라남도,렌터카,15624.0
202405,전라남도,면세점,501.0
202405,전라남도,기타관광쇼핑,420830.0
202405,전라남도,레저용품쇼핑,36097.0
202405,전라남도,대형쇼핑몰,348063.0
202405,전라남도,관광유원시설,2087.0
202405,전라남도,골프장,61923.0
202405,전라남도,기타레저,52920.0
202405,전라남도,문화서비스,14266.0
202405,전라남도,의료관광,87484.0
202405,전라남도,뷰티,43427.0
202405,전라남도,일반외식업,584690.0
202405,전라남도,제과음료업,98723.0
202405,경상북도,관광총소비,6134573.0
202405,경상북도,호텔,666116.0
202405,경상북도,콘도,25636.0
202405,경상북도,캠핑장/펜션,33579.0
202405,경상북도,기타숙박,453874.0
202405,경상북도,여행업,2574.0
202405,경상북도,육상운송,156915.0
202405,경상북도,수상운송,120.0
202405,경상북도,렌터카,26864.0
202405,경상북도,기타관광쇼핑,1238642.0
202405,경상북도,레저용품쇼핑,348284.0
202405,경상북도,대형쇼핑몰,250585.0
202405,경상북도,관광유원시설,3416.0
202405,경상북도,골프장,277441.0
202405,경상북도,기타레저,69687.0
202405,경상북도,문화서비스,4549.0
202405,경상북도,의료관광,162288.0
202405,경상북도,뷰티,179362.0
202405,경상북도,일반외식업,1916980.0
202405,경상북도,제과음료업,317662.0
202405,경상남도,관광총소비,5129826.0
202405,경상남도,호텔,466225.0
202405,경상남도,콘도,3230.0
202405,경상남도,캠핑장/펜션,5403.0
202405,경상남도,기타숙박,922166.0
202405,경상남도,여행업,1149.0
202405,경상남도,육상운송,136446.0
202405,경상남도,수상운송,266.0
202405,경상남도,렌터카,12351.0
202405,경상남도,기타관광쇼핑,594092.0
202405,경상남도,레저용품쇼핑,158612.0
202405,경상남도,대형쇼핑몰,1015512.0
202405,경상남도,관광유원시설,2667.0
202405,경상남도,골프장,112452.0
202405,경상남도,기타레저,59873.0
202405,경상남도,문화서비스,4592.0
202405,경상남도,의료관광,200098.0
202405,경상남도,뷰티,67518.0
202405,경상남도,일반외식업,1214540.0
202405,경상남도,제과음료업,152633.0
202405,제주특별자치도,관광총소비,4.1049259E7
202405,제주특별자치도,호텔,2930813.0
202405,제주특별자치도,콘도,3592499.0
202405,제주특별자치도,캠핑장/펜션,45256.0
202405,제주특별자치도,기타숙박,1483320.0
202405,제주특별자치도,여행업,62335.0
202405,제주특별자치도,육상운송,464046.0
202405,제주특별자치도,수상운송,4681.0
202405,제주특별자치도,항공운송,31724.0
202405,제주특별자치도,렌터카,1887774.0
202405,제주특별자치도,면세점,3500940.0
202405,제주특별자치도,기타관광쇼핑,8653640.0
202405,제주특별자치도,레저용품쇼핑,1146093.0
202405,제주특별자치도,대형쇼핑몰,2260967.0
202405,제주특별자치도,관광유원시설,64218.0
202405,제주특별자치도,골프장,471773.0
202405,제주특별자치도,기타레저,304395.0
202405,제주특별자치도,문화서비스,199471.0
202405,제주특별자치도,의료관광,1311462.0
202405,제주특별자치도,뷰티,463110.0
202405,제주특별자치도,일반외식업,1.0050378E7
202405,제주특별자치도,제과음료업,2120363.0
202405,강원특별자치도,관광총소비,4292565.0
202405,강원특별자치도,호텔,241254.0
202405,강원특별자치도,콘도,118741.0
202405,강원특별자치도,캠핑장/펜션,38188.0
202405,강원특별자치도,기타숙박,577872.0
202405,강원특별자치도,여행업,2789.0
202405,강원특별자치도,육상운송,126224.0
202405,강원특별자치도,수상운송,1150.0
202405,강원특별자치도,렌터카,7528.0
202405,강원특별자치도,면세점,297.0
202405,강원특별자치도,기타관광쇼핑,918268.0
202405,강원특별자치도,레저용품쇼핑,69117.0
202405,강원특별자치도,대형쇼핑몰,290434.0
202405,강원특별자치도,관광유원시설,38177.0
202405,강원특별자치도,골프장,259701.0
202405,강원특별자치도,기타레저,77360.0
202405,강원특별자치도,문화서비스,5591.0
202405,강원특별자치도,의료관광,106260.0
202405,강원특별자치도,뷰티,41691.0
202405,강원특별자치도,일반외식업,1180321.0
202405,강원특별자치도,제과음료업,191602.0
202405,전북특별자치도,관광총소비,3377994.0
202405,전북특별자치도,호텔,70050.0
202405,전북특별자치도,콘도,3346.0
202405,전북특별자치도,캠핑장/펜션,946.0
202405,전북특별자치도,기타숙박,398568.0
202405,전북특별자치도,여행업,15814.0
202405,전북특별자치도,육상운송,76227.0
202405,전북특별자치도,수상운송,1419.0
202405,전북특별자치도,렌터카,22249.0
202405,전북특별자치도,기타관광쇼핑,653139.0
202405,전북특별자치도,레저용품쇼핑,113047.0
202405,전북특별자치도,대형쇼핑몰,509746.0
202405,전북특별자치도,관광유원시설,264.0
202405,전북특별자치도,골프장,9991.0
202405,전북특별자치도,기타레저,29781.0
202405,전북특별자치도,문화서비스,82244.0
202405,전북특별자치도,의료관광,155733.0
202405,전북특별자치도,뷰티,81042.0
202405,전북특별자치도,일반외식업,978824.0
202405,전북특별자치도,제과음료업,175563.0
202405,기타(지역 미분류),관광총소비,2.56926871E8
202405,기타(지역 미분류),호텔,8.2822032E7
202405,기타(지역 미분류),콘도,2861079.0
202405,기타(지역 미분류),캠핑장/펜션,269779.0
202405,기타(지역 미분류),기타숙박,2.9640012E7
202405,기타(지역 미분류),여행업,2038029.0
202405,기타(지역 미분류),육상운송,1.5457076E7
202405,기타(지역 미분류),수상운송,12705.0
202405,기타(지역 미분류),항공운송,5.5954814E7
202405,기타(지역 미분류),렌터카,624086.0
202405,기타(지역 미분류),면세점,2.4634986E7
202405,기타(지역 미분류),기타관광쇼핑,103112.0
202405,기타(지역 미분류),레저용품쇼핑,1031941.0
202405,기타(지역 미분류),관광유원시설,338228.0
202405,기타(지역 미분류),골프장,2750315.0
202405,기타(지역 미분류),기타레저,294290.0
202405,기타(지역 미분류),문화서비스,872273.0
202405,기타(지역 미분류),의료관광,1.5017542E7
202405,기타(지역 미분류),뷰티,1415690.0
202405,기타(지역 미분류),일반외식업,1.6719999E7
202405,기타(지역 미분류),제과음료업,4068880.0
202406,서울특별시,관광총소비,7.0233069E8
202406,서울특별시,호텔,9.3488446E7
202406,서울특별시,콘도,154187.0
202406,서울특별시,캠핑장/펜션,182474.0
202406,서울특별시,기타숙박,1.8686403E7
202406,서울특별시,여행업,814898.0
202406,서울특별시,육상운송,1.7304229E7
202406,서울특별시,수상운송,31042.0
202406,서울특별시,항공운송,1695181.0
202406,서울특별시,렌터카,205338.0
202406,서울특별시,면세점,3.4149262E7
202406,서울특별시,기타관광쇼핑,1.3410503E8
202406,서울특별시,레저용품쇼핑,1.148401E7
202406,서울특별시,대형쇼핑몰,1.48131054E8
202406,서울특별시,카지노,2.7531759E7
202406,서울특별시,관광유원시설,23139.0
202406,서울특별시,골프장,390203.0
202406,서울특별시,기타레저,2203933.0
202406,서울특별시,문화서비스,1460316.0
202406,서울특별시,의료관광,8.1709066E7
202406,서울특별시,뷰티,3.174463E7
202406,서울특별시,일반외식업,7.923908E7
202406,서울특별시,제과음료업,1.7597012E7
202406,부산광역시,관광총소비,7.1505974E7
202406,부산광역시,호텔,5009910.0
202406,부산광역시,캠핑장/펜션,15617.0
202406,부산광역시,기타숙박,2389640.0
202406,부산광역시,여행업,12312.0
202406,부산광역시,육상운송,430121.0
202406,부산광역시,수상운송,46743.0
202406,부산광역시,항공운송,9588.0
202406,부산광역시,렌터카,31646.0
202406,부산광역시,면세점,2822765.0
202406,부산광역시,기타관광쇼핑,7298964.0
202406,부산광역시,레저용품쇼핑,376884.0
202406,부산광역시,대형쇼핑몰,2.7017009E7
202406,부산광역시,카지노,7116546.0
202406,부산광역시,관광유원시설,254732.0
202406,부산광역시,골프장,44729.0
202406,부산광역시,기타레저,594077.0
202406,부산광역시,문화서비스,45463.0
202406,부산광역시,의료관광,2184635.0
202406,부산광역시,뷰티,2200016.0
202406,부산광역시,일반외식업,1.1937901E7
202406,부산광역시,제과음료업,1666674.0
202406,대구광역시,관광총소비,5683553.0
202406,대구광역시,호텔,707340.0
202406,대구광역시,콘도,46.0
202406,대구광역시,캠핑장/펜션,1322.0
202406,대구광역시,기타숙박,278668.0
202406,대구광역시,육상운송,135953.0
202406,대구광역시,항공운송,59082.0
202406,대구광역시,렌터카,3365.0
202406,대구광역시,기타관광쇼핑,916385.0
202406,대구광역시,레저용품쇼핑,142296.0
202406,대구광역시,대형쇼핑몰,1072751.0
202406,대구광역시,관광유원시설,45909.0
202406,대구광역시,골프장,15583.0
202406,대구광역시,기타레저,64033.0
202406,대구광역시,문화서비스,11540.0
202406,대구광역시,의료관광,572624.0
202406,대구광역시,뷰티,140158.0
202406,대구광역시,일반외식업,1256210.0
202406,대구광역시,제과음료업,260289.0
202406,인천광역시,관광총소비,7.4023111E7
202406,인천광역시,호텔,2.890417E7
202406,인천광역시,캠핑장/펜션,10651.0
202406,인천광역시,기타숙박,651695.0
202406,인천광역시,여행업,6547.0
202406,인천광역시,육상운송,578040.0
202406,인천광역시,수상운송,1766.0
202406,인천광역시,항공운송,21682.0
202406,인천광역시,렌터카,634679.0
202406,인천광역시,면세점,2.5224126E7
202406,인천광역시,기타관광쇼핑,4041070.0
202406,인천광역시,레저용품쇼핑,152917.0
202406,인천광역시,대형쇼핑몰,3649361.0
202406,인천광역시,관광유원시설,14623.0
202406,인천광역시,골프장,28514.0
202406,인천광역시,기타레저,153291.0
202406,인천광역시,문화서비스,6873.0
202406,인천광역시,의료관광,1432035.0
202406,인천광역시,뷰티,376521.0
202406,인천광역시,일반외식업,5626625.0
202406,인천광역시,제과음료업,2507924.0
202406,광주광역시,관광총소비,2192111.0
202406,광주광역시,호텔,43550.0
202406,광주광역시,캠핑장/펜션,1308.0
202406,광주광역시,기타숙박,223108.0
202406,광주광역시,여행업,6639.0
202406,광주광역시,육상운송,16395.0
202406,광주광역시,렌터카,4485.0
202406,광주광역시,기타관광쇼핑,399586.0
202406,광주광역시,레저용품쇼핑,43548.0
202406,광주광역시,대형쇼핑몰,465429.0
202406,광주광역시,관광유원시설,780.0
202406,광주광역시,골프장,3686.0
202406,광주광역시,기타레저,25163.0
202406,광주광역시,문화서비스,60740.0
202406,광주광역시,의료관광,116374.0
202406,광주광역시,뷰티,44499.0
202406,광주광역시,일반외식업,628882.0
202406,광주광역시,제과음료업,107940.0
202406,대전광역시,관광총소비,4734138.0
202406,대전광역시,호텔,483586.0
202406,대전광역시,캠핑장/펜션,20.0
202406,대전광역시,기타숙박,319291.0
202406,대전광역시,육상운송,1369240.0
202406,대전광역시,수상운송,378.0
202406,대전광역시,렌터카,605.0
202406,대전광역시,기타관광쇼핑,591412.0
202406,대전광역시,레저용품쇼핑,21709.0
202406,대전광역시,대형쇼핑몰,884475.0
202406,대전광역시,관광유원시설,2160.0
202406,대전광역시,골프장,6356.0
202406,대전광역시,기타레저,28163.0
202406,대전광역시,문화서비스,3431.0
202406,대전광역시,의료관광,235122.0
202406,대전광역시,뷰티,65667.0
202406,대전광역시,일반외식업,593985.0
202406,대전광역시,제과음료업,128538.0
202406,울산광역시,관광총소비,1926633.0
202406,울산광역시,호텔,640414.0
202406,울산광역시,캠핑장/펜션,801.0
202406,울산광역시,기타숙박,71245.0
202406,울산광역시,여행업,1480.0
202406,울산광역시,육상운송,31592.0
202406,울산광역시,렌터카,3531.0
202406,울산광역시,면세점,160.0
202406,울산광역시,기타관광쇼핑,164711.0
202406,울산광역시,레저용품쇼핑,11593.0
202406,울산광역시,대형쇼핑몰,410559.0
202406,울산광역시,관광유원시설,38.0
202406,울산광역시,골프장,11273.0
202406,울산광역시,기타레저,18647.0
202406,울산광역시,문화서비스,786.0
202406,울산광역시,의료관광,77584.0
202406,울산광역시,뷰티,40187.0
202406,울산광역시,일반외식업,399317.0
202406,울산광역시,제과음료업,42715.0
202406,세종특별자치시,관광총소비,440212.0
202406,세종특별자치시,기타숙박,114463.0
202406,세종특별자치시,육상운송,11059.0
202406,세종특별자치시,기타관광쇼핑,62254.0
202406,세종특별자치시,레저용품쇼핑,2523.0
202406,세종특별자치시,대형쇼핑몰,23834.0
202406,세종특별자치시,관광유원시설,48.0
202406,세종특별자치시,골프장,8256.0
202406,세종특별자치시,기타레저,9233.0
202406,세종특별자치시,문화서비스,711.0
202406,세종특별자치시,의료관광,60069.0
202406,세종특별자치시,뷰티,13196.0
202406,세종특별자치시,일반외식업,114713.0
202406,세종특별자치시,제과음료업,19853.0
202406,경기도,관광총소비,7.2011197E7
202406,경기도,호텔,4256067.0
202406,경기도,콘도,12583.0
202406,경기도,캠핑장/펜션,33746.0
202406,경기도,기타숙박,8198101.0
202406,경기도,여행업,60206.0
202406,경기도,육상운송,2249204.0
202406,경기도,수상운송,16553.0
202406,경기도,렌터카,517193.0
202406,경기도,기타관광쇼핑,1.0947406E7
202406,경기도,레저용품쇼핑,1850047.0
202406,경기도,대형쇼핑몰,1.757681E7
202406,경기도,관광유원시설,1019476.0
202406,경기도,골프장,1173541.0
202406,경기도,기타레저,840908.0
202406,경기도,문화서비스,244977.0
202406,경기도,의료관광,4428282.0
202406,경기도,뷰티,2257689.0
202406,경기도,일반외식업,1.4451374E7
202406,경기도,제과음료업,1877033.0
202406,충청북도,관광총소비,2448124.0
202406,충청북도,호텔,31076.0
202406,충청북도,콘도,2259.0
202406,충청북도,캠핑장/펜션,1478.0
202406,충청북도,기타숙박,349150.0
202406,충청북도,육상운송,78459.0
202406,충청북도,수상운송,924.0
202406,충청북도,항공운송,6848.0
202406,충청북도,렌터카,2401.0
202406,충청북도,면세점,6158.0
202406,충청북도,기타관광쇼핑,484451.0
202406,충청북도,레저용품쇼핑,27564.0
202406,충청북도,대형쇼핑몰,370836.0
202406,충청북도,관광유원시설,7904.0
202406,충청북도,골프장,86273.0
202406,충청북도,기타레저,25363.0
202406,충청북도,문화서비스,1213.0
202406,충청북도,의료관광,132665.0
202406,충청북도,뷰티,42380.0
202406,충청북도,일반외식업,693112.0
202406,충청북도,제과음료업,97610.0
202406,충청남도,관광총소비,3897168.0
202406,충청남도,호텔,22788.0
202406,충청남도,콘도,55480.0
202406,충청남도,캠핑장/펜션,4514.0
202406,충청남도,기타숙박,763951.0
202406,충청남도,여행업,3942.0
202406,충청남도,육상운송,154062.0
202406,충청남도,수상운송,86.0
202406,충청남도,렌터카,26370.0
202406,충청남도,기타관광쇼핑,920310.0
202406,충청남도,레저용품쇼핑,48399.0
202406,충청남도,대형쇼핑몰,487638.0
202406,충청남도,관광유원시설,4491.0
202406,충청남도,골프장,43364.0
202406,충청남도,기타레저,80857.0
202406,충청남도,문화서비스,1958.0
202406,충청남도,의료관광,229605.0
202406,충청남도,뷰티,66004.0
202406,충청남도,일반외식업,841375.0
202406,충청남도,제과음료업,141973.0
202406,전라남도,관광총소비,2514009.0
202406,전라남도,호텔,98097.0
202406,전라남도,콘도,17106.0
202406,전라남도,캠핑장/펜션,3056.0
202406,전라남도,기타숙박,524040.0
202406,전라남도,여행업,425.0
202406,전라남도,육상운송,54871.0
202406,전라남도,수상운송,1370.0
202406,전라남도,렌터카,11285.0
202406,전라남도,면세점,327.0
202406,전라남도,기타관광쇼핑,442021.0
202406,전라남도,레저용품쇼핑,28346.0
202406,전라남도,대형쇼핑몰,434639.0
202406,전라남도,관광유원시설,1465.0
202406,전라남도,골프장,49156.0
202406,전라남도,기타레저,55076.0
202406,전라남도,문화서비스,7901.0
202406,전라남도,의료관광,75646.0
202406,전라남도,뷰티,38279.0
202406,전라남도,일반외식업,583529.0
202406,전라남도,제과음료업,87374.0
202406,경상북도,관광총소비,5199126.0
202406,경상북도,호텔,581973.0
202406,경상북도,콘도,19998.0
202406,경상북도,캠핑장/펜션,22640.0
202406,경상북도,기타숙박,378014.0
202406,경상북도,여행업,870.0
202406,경상북도,육상운송,163474.0
202406,경상북도,수상운송,195.0
202406,경상북도,렌터카,44892.0
202406,경상북도,기타관광쇼핑,1108615.0
202406,경상북도,레저용품쇼핑,69941.0
202406,경상북도,대형쇼핑몰,256443.0
202406,경상북도,관광유원시설,3674.0
202406,경상북도,골프장,256271.0
202406,경상북도,기타레저,44646.0
202406,경상북도,문화서비스,6468.0
202406,경상북도,의료관광,99366.0
202406,경상북도,뷰티,154321.0
202406,경상북도,일반외식업,1741240.0
202406,경상북도,제과음료업,246085.0
202406,경상남도,관광총소비,5032430.0
202406,경상남도,호텔,386465.0
202406,경상남도,콘도,1862.0
202406,경상남도,캠핑장/펜션,5621.0
202406,경상남도,기타숙박,811788.0
202406,경상남도,여행업,579.0
202406,경상남도,육상운송,133839.0
202406,경상남도,수상운송,38.0
202406,경상남도,렌터카,15053.0
202406,경상남도,기타관광쇼핑,672676.0
202406,경상남도,레저용품쇼핑,183560.0
202406,경상남도,대형쇼핑몰,950698.0
202406,경상남도,관광유원시설,2561.0
202406,경상남도,골프장,88454.0
202406,경상남도,기타레저,99827.0
202406,경상남도,문화서비스,4069.0
202406,경상남도,의료관광,203026.0
202406,경상남도,뷰티,80447.0
202406,경상남도,일반외식업,1240302.0
202406,경상남도,제과음료업,151564.0
202406,제주특별자치도,관광총소비,3.9685152E7
202406,제주특별자치도,호텔,2946877.0
202406,제주특별자치도,콘도,2507137.0
202406,제주특별자치도,캠핑장/펜션,32638.0
202406,제주특별자치도,기타숙박,1386578.0
202406,제주특별자치도,여행업,72575.0
202406,제주특별자치도,육상운송,430846.0
202406,제주특별자치도,수상운송,25876.0
202406,제주특별자치도,항공운송,69458.0
202406,제주특별자치도,렌터카,1849635.0
202406,제주특별자치도,면세점,3607502.0
202406,제주특별자치도,기타관광쇼핑,8606932.0
202406,제주특별자치도,레저용품쇼핑,912004.0
202406,제주특별자치도,대형쇼핑몰,2253656.0
202406,제주특별자치도,관광유원시설,79208.0
202406,제주특별자치도,골프장,360612.0
202406,제주특별자치도,기타레저,297185.0
202406,제주특별자치도,문화서비스,161273.0
202406,제주특별자치도,의료관광,1318984.0
202406,제주특별자치도,뷰티,820926.0
202406,제주특별자치도,일반외식업,9778180.0
202406,제주특별자치도,제과음료업,2167070.0
202406,강원특별자치도,관광총소비,7496681.0
202406,강원특별자치도,호텔,2415276.0
202406,강원특별자치도,콘도,190411.0
202406,강원특별자치도,캠핑장/펜션,389877.0
202406,강원특별자치도,기타숙박,554097.0
202406,강원특별자치도,여행업,2402.0
202406,강원특별자치도,육상운송,125790.0
202406,강원특별자치도,수상운송,1032.0
202406,강원특별자치도,렌터카,9918.0
202406,강원특별자치도,면세점,63.0
202406,강원특별자치도,기타관광쇼핑,996797.0
202406,강원특별자치도,레저용품쇼핑,123371.0
202406,강원특별자치도,대형쇼핑몰,324128.0
202406,강원특별자치도,관광유원시설,19294.0
202406,강원특별자치도,골프장,320747.0
202406,강원특별자치도,기타레저,87108.0
202406,강원특별자치도,문화서비스,8792.0
202406,강원특별자치도,의료관광,105773.0
202406,강원특별자치도,뷰티,42930.0
202406,강원특별자치도,일반외식업,1578478.0
202406,강원특별자치도,제과음료업,200398.0
202406,전북특별자치도,관광총소비,3096056.0
202406,전북특별자치도,호텔,50296.0
202406,전북특별자치도,콘도,4595.0
202406,전북특별자치도,캠핑장/펜션,1504.0
202406,전북특별자치도,기타숙박,320868.0
202406,전북특별자치도,여행업,3250.0
202406,전북특별자치도,육상운송,68406.0
202406,전북특별자치도,수상운송,986.0
202406,전북특별자치도,렌터카,24492.0
202406,전북특별자치도,기타관광쇼핑,534384.0
202406,전북특별자치도,레저용품쇼핑,81062.0
202406,전북특별자치도,대형쇼핑몰,573258.0
202406,전북특별자치도,관광유원시설,289.0
202406,전북특별자치도,골프장,12695.0
202406,전북특별자치도,기타레저,24069.0
202406,전북특별자치도,문화서비스,64797.0
202406,전북특별자치도,의료관광,172023.0
202406,전북특별자치도,뷰티,75217.0
202406,전북특별자치도,일반외식업,920584.0
202406,전북특별자치도,제과음료업,163281.0
202406,기타(지역 미분류),관광총소비,2.54364595E8
202406,기타(지역 미분류),호텔,8.1509391E7
202406,기타(지역 미분류),콘도,2720344.0
202406,기타(지역 미분류),캠핑장/펜션,313225.0
202406,기타(지역 미분류),기타숙박,2.9810904E7
202406,기타(지역 미분류),여행업,1512352.0
202406,기타(지역 미분류),육상운송,1.445608E7
202406,기타(지역 미분류),수상운송,8497.0
202406,기타(지역 미분류),항공운송,5.7075083E7
202406,기타(지역 미분류),렌터카,597270.0
202406,기타(지역 미분류),면세점,2.4405774E7
202406,기타(지역 미분류),기타관광쇼핑,107252.0
202406,기타(지역 미분류),레저용품쇼핑,1156655.0
202406,기타(지역 미분류),관광유원시설,326655.0
202406,기타(지역 미분류),골프장,2558312.0
202406,기타(지역 미분류),기타레저,343334.0
202406,기타(지역 미분류),문화서비스,988474.0
202406,기타(지역 미분류),의료관광,1.437937E7
202406,기타(지역 미분류),뷰티,1477982.0
202406,기타(지역 미분류),일반외식업,1.6693638E7
202406,기타(지역 미분류),제과음료업,3924003.0
202407,서울특별시,관광총소비,6.69622786E8
202407,서울특별시,호텔,8.199239E7
202407,서울특별시,콘도,120132.0
202407,서울특별시,캠핑장/펜션,140567.0
202407,서울특별시,기타숙박,1.7095323E7
202407,서울특별시,여행업,680725.0
202407,서울특별시,육상운송,1.4830706E7
202407,서울특별시,수상운송,25071.0
202407,서울특별시,항공운송,1870894.0
202407,서울특별시,렌터카,145331.0
202407,서울특별시,면세점,3.2375329E7
202407,서울특별시,기타관광쇼핑,1.28939258E8
202407,서울특별시,레저용품쇼핑,1.2469934E7
202407,서울특별시,대형쇼핑몰,1.48072576E8
202407,서울특별시,카지노,2.8108656E7
202407,서울특별시,관광유원시설,23107.0
202407,서울특별시,골프장,354482.0
202407,서울특별시,기타레저,2400203.0
202407,서울특별시,문화서비스,1810680.0
202407,서울특별시,의료관광,7.5659508E7
202407,서울특별시,뷰티,3.056122E7
202407,서울특별시,일반외식업,7.5151085E7
202407,서울특별시,제과음료업,1.6795611E7
202407,부산광역시,관광총소비,6.7626374E7
202407,부산광역시,호텔,4442854.0
202407,부산광역시,캠핑장/펜션,13374.0
202407,부산광역시,기타숙박,3356333.0
202407,부산광역시,여행업,16428.0
202407,부산광역시,육상운송,472253.0
202407,부산광역시,수상운송,41546.0
202407,부산광역시,항공운송,7565.0
202407,부산광역시,렌터카,29230.0
202407,부산광역시,면세점,2699314.0
202407,부산광역시,기타관광쇼핑,6667143.0
202407,부산광역시,레저용품쇼핑,265682.0
202407,부산광역시,대형쇼핑몰,2.2063039E7
202407,부산광역시,카지노,9540730.0
202407,부산광역시,관광유원시설,335824.0
202407,부산광역시,골프장,39514.0
202407,부산광역시,기타레저,491681.0
202407,부산광역시,문화서비스,47871.0
202407,부산광역시,의료관광,2225105.0
202407,부산광역시,뷰티,2017376.0
202407,부산광역시,일반외식업,1.1292367E7
202407,부산광역시,제과음료업,1561147.0
202407,대구광역시,관광총소비,5762253.0
202407,대구광역시,호텔,672940.0
202407,대구광역시,콘도,74.0
202407,대구광역시,캠핑장/펜션,1002.0
202407,대구광역시,기타숙박,336614.0
202407,대구광역시,육상운송,247254.0
202407,대구광역시,항공운송,60382.0
202407,대구광역시,렌터카,4142.0
202407,대구광역시,기타관광쇼핑,874018.0
202407,대구광역시,레저용품쇼핑,147939.0
202407,대구광역시,대형쇼핑몰,1024229.0
202407,대구광역시,관광유원시설,32235.0
202407,대구광역시,골프장,17495.0
202407,대구광역시,기타레저,78741.0
202407,대구광역시,문화서비스,7968.0
202407,대구광역시,의료관광,630958.0
202407,대구광역시,뷰티,122159.0
202407,대구광역시,일반외식업,1247701.0
202407,대구광역시,제과음료업,256403.0
202407,인천광역시,관광총소비,7.3720522E7
202407,인천광역시,호텔,2.6587488E7
202407,인천광역시,캠핑장/펜션,13548.0
202407,인천광역시,기타숙박,718743.0
202407,인천광역시,여행업,8118.0
202407,인천광역시,육상운송,595085.0
202407,인천광역시,수상운송,814.0
202407,인천광역시,항공운송,49506.0
202407,인천광역시,렌터카,496160.0
202407,인천광역시,면세점,2.6930403E7
202407,인천광역시,기타관광쇼핑,3941943.0
202407,인천광역시,레저용품쇼핑,184057.0
202407,인천광역시,대형쇼핑몰,3911846.0
202407,인천광역시,관광유원시설,24289.0
202407,인천광역시,골프장,39301.0
202407,인천광역시,기타레저,151440.0
202407,인천광역시,문화서비스,7214.0
202407,인천광역시,의료관광,1534282.0
202407,인천광역시,뷰티,341185.0
202407,인천광역시,일반외식업,5436356.0
202407,인천광역시,제과음료업,2748742.0
202407,광주광역시,관광총소비,1855133.0
202407,광주광역시,호텔,35338.0
202407,광주광역시,캠핑장/펜션,34.0
202407,광주광역시,기타숙박,207565.0
202407,광주광역시,육상운송,13724.0
202407,광주광역시,렌터카,315.0
202407,광주광역시,기타관광쇼핑,474215.0
202407,광주광역시,레저용품쇼핑,36515.0
202407,광주광역시,대형쇼핑몰,484666.0
202407,광주광역시,관광유원시설,484.0
202407,광주광역시,골프장,3939.0
202407,광주광역시,기타레저,16252.0
202407,광주광역시,문화서비스,56850.0
202407,광주광역시,의료관광,78702.0
202407,광주광역시,뷰티,37762.0
202407,광주광역시,일반외식업,349015.0
202407,광주광역시,제과음료업,59758.0
202407,대전광역시,관광총소비,4477941.0
202407,대전광역시,호텔,423880.0
202407,대전광역시,캠핑장/펜션,280.0
202407,대전광역시,기타숙박,515576.0
202407,대전광역시,여행업,400.0
202407,대전광역시,육상운송,1330390.0
202407,대전광역시,수상운송,352.0
202407,대전광역시,렌터카,2830.0
202407,대전광역시,기타관광쇼핑,322251.0
202407,대전광역시,레저용품쇼핑,26326.0
202407,대전광역시,대형쇼핑몰,825909.0
202407,대전광역시,관광유원시설,1822.0
202407,대전광역시,골프장,4650.0
202407,대전광역시,기타레저,42735.0
202407,대전광역시,문화서비스,9014.0
202407,대전광역시,의료관광,278534.0
202407,대전광역시,뷰티,59212.0
202407,대전광역시,일반외식업,538363.0
202407,대전광역시,제과음료업,95419.0
202407,울산광역시,관광총소비,1765071.0
202407,울산광역시,호텔,536032.0
202407,울산광역시,캠핑장/펜션,100.0
202407,울산광역시,기타숙박,62775.0
202407,울산광역시,여행업,2757.0
202407,울산광역시,육상운송,32430.0
202407,울산광역시,렌터카,1846.0
202407,울산광역시,기타관광쇼핑,159945.0
202407,울산광역시,레저용품쇼핑,15227.0
202407,울산광역시,대형쇼핑몰,388975.0
202407,울산광역시,관광유원시설,79.0
202407,울산광역시,골프장,5283.0
202407,울산광역시,기타레저,15779.0
202407,울산광역시,문화서비스,1968.0
202407,울산광역시,의료관광,112270.0
202407,울산광역시,뷰티,26983.0
202407,울산광역시,일반외식업,362124.0
202407,울산광역시,제과음료업,40497.0
202407,세종특별자치시,관광총소비,366558.0
202407,세종특별자치시,기타숙박,134603.0
202407,세종특별자치시,육상운송,7225.0
202407,세종특별자치시,기타관광쇼핑,32940.0
202407,세종특별자치시,레저용품쇼핑,1180.0
202407,세종특별자치시,대형쇼핑몰,24090.0
202407,세종특별자치시,관광유원시설,127.0
202407,세종특별자치시,골프장,7585.0
202407,세종특별자치시,기타레저,11599.0
202407,세종특별자치시,문화서비스,361.0
202407,세종특별자치시,의료관광,36431.0
202407,세종특별자치시,뷰티,11638.0
202407,세종특별자치시,일반외식업,85064.0
202407,세종특별자치시,제과음료업,13716.0
202407,경기도,관광총소비,6.9750877E7
202407,경기도,호텔,3877115.0
202407,경기도,콘도,8600.0
202407,경기도,캠핑장/펜션,55860.0
202407,경기도,기타숙박,8395502.0
202407,경기도,여행업,59566.0
202407,경기도,육상운송,2267346.0
202407,경기도,수상운송,17465.0
202407,경기도,렌터카,508351.0
202407,경기도,면세점,609.0
202407,경기도,기타관광쇼핑,1.1722828E7
202407,경기도,레저용품쇼핑,1845778.0
202407,경기도,대형쇼핑몰,1.6485747E7
202407,경기도,관광유원시설,972002.0
202407,경기도,골프장,852541.0
202407,경기도,기타레저,873049.0
202407,경기도,문화서비스,237385.0
202407,경기도,의료관광,4810288.0
202407,경기도,뷰티,2067322.0
202407,경기도,일반외식업,1.3001902E7
202407,경기도,제과음료업,1691620.0
202407,충청북도,관광총소비,2083036.0
202407,충청북도,호텔,44663.0
202407,충청북도,콘도,716.0
202407,충청북도,캠핑장/펜션,1566.0
202407,충청북도,기타숙박,377041.0
202407,충청북도,여행업,660.0
202407,충청북도,육상운송,79769.0
202407,충청북도,수상운송,297.0
202407,충청북도,항공운송,9357.0
202407,충청북도,렌터카,4686.0
202407,충청북도,면세점,19494.0
202407,충청북도,기타관광쇼핑,397175.0
202407,충청북도,레저용품쇼핑,31053.0
202407,충청북도,대형쇼핑몰,341545.0
202407,충청북도,관광유원시설,8931.0
202407,충청북도,골프장,39629.0
202407,충청북도,기타레저,18381.0
202407,충청북도,문화서비스,1088.0
202407,충청북도,의료관광,83606.0
202407,충청북도,뷰티,38751.0
202407,충청북도,일반외식업,512220.0
202407,충청북도,제과음료업,72407.0
202407,충청남도,관광총소비,3675871.0
202407,충청남도,호텔,44278.0
202407,충청남도,콘도,78801.0
202407,충청남도,캠핑장/펜션,7539.0
202407,충청남도,기타숙박,628715.0
202407,충청남도,여행업,216.0
202407,충청남도,육상운송,164298.0
202407,충청남도,렌터카,35374.0
202407,충청남도,기타관광쇼핑,983390.0
202407,충청남도,레저용품쇼핑,58702.0
202407,충청남도,대형쇼핑몰,386331.0
202407,충청남도,관광유원시설,7902.0
202407,충청남도,골프장,19817.0
202407,충청남도,기타레저,82687.0
202407,충청남도,문화서비스,2619.0
202407,충청남도,의료관광,177613.0
202407,충청남도,뷰티,55645.0
202407,충청남도,일반외식업,807718.0
202407,충청남도,제과음료업,134226.0
202407,전라남도,관광총소비,2242698.0
202407,전라남도,호텔,102187.0
202407,전라남도,콘도,9245.0
202407,전라남도,캠핑장/펜션,3005.0
202407,전라남도,기타숙박,492299.0
202407,전라남도,여행업,2814.0
202407,전라남도,육상운송,54712.0
202407,전라남도,수상운송,512.0
202407,전라남도,렌터카,18702.0
202407,전라남도,기타관광쇼핑,364287.0
202407,전라남도,레저용품쇼핑,25228.0
202407,전라남도,대형쇼핑몰,331570.0
202407,전라남도,관광유원시설,730.0
202407,전라남도,골프장,20618.0
202407,전라남도,기타레저,46781.0
202407,전라남도,문화서비스,11544.0
202407,전라남도,의료관광,66324.0
202407,전라남도,뷰티,45205.0
202407,전라남도,일반외식업,565718.0
202407,전라남도,제과음료업,81215.0
202407,경상북도,관광총소비,4813850.0
202407,경상북도,호텔,647364.0
202407,경상북도,콘도,10504.0
202407,경상북도,캠핑장/펜션,26147.0
202407,경상북도,기타숙박,334380.0
202407,경상북도,여행업,1420.0
202407,경상북도,육상운송,158006.0
202407,경상북도,수상운송,75.0
202407,경상북도,렌터카,38577.0
202407,경상북도,기타관광쇼핑,921277.0
202407,경상북도,레저용품쇼핑,89544.0
202407,경상북도,대형쇼핑몰,216998.0
202407,경상북도,관광유원시설,4701.0
202407,경상북도,골프장,177235.0
202407,경상북도,기타레저,51266.0
202407,경상북도,문화서비스,6331.0
202407,경상북도,의료관광,175472.0
202407,경상북도,뷰티,141981.0
202407,경상북도,일반외식업,1578987.0
202407,경상북도,제과음료업,233586.0
202407,경상남도,관광총소비,4981801.0
202407,경상남도,호텔,535352.0
202407,경상남도,콘도,2003.0
202407,경상남도,캠핑장/펜션,3306.0
202407,경상남도,기타숙박,741124.0
202407,경상남도,육상운송,112309.0
202407,경상남도,수상운송,330.0
202407,경상남도,렌터카,18363.0
202407,경상남도,기타관광쇼핑,533573.0
202407,경상남도,레저용품쇼핑,168076.0
202407,경상남도,대형쇼핑몰,969371.0
202407,경상남도,관광유원시설,2704.0
202407,경상남도,골프장,81905.0
202407,경상남도,기타레저,58811.0
202407,경상남도,문화서비스,5642.0
202407,경상남도,의료관광,226005.0
202407,경상남도,뷰티,87085.0
202407,경상남도,일반외식업,1273286.0
202407,경상남도,제과음료업,162555.0
202407,제주특별자치도,관광총소비,4.2453775E7
202407,제주특별자치도,호텔,3738506.0
202407,제주특별자치도,콘도,3176784.0
202407,제주특별자치도,캠핑장/펜션,42163.0
202407,제주특별자치도,기타숙박,1447998.0
202407,제주특별자치도,여행업,59048.0
202407,제주특별자치도,육상운송,382180.0
202407,제주특별자치도,수상운송,44624.0
202407,제주특별자치도,항공운송,37026.0
202407,제주특별자치도,렌터카,1474292.0
202407,제주특별자치도,면세점,3219051.0
202407,제주특별자치도,기타관광쇼핑,8124151.0
202407,제주특별자치도,레저용품쇼핑,1147003.0
202407,제주특별자치도,대형쇼핑몰,2579519.0
202407,제주특별자치도,관광유원시설,76634.0
202407,제주특별자치도,골프장,464288.0
202407,제주특별자치도,기타레저,295527.0
202407,제주특별자치도,문화서비스,268090.0
202407,제주특별자치도,의료관광,1719329.0
202407,제주특별자치도,뷰티,393825.0
202407,제주특별자치도,일반외식업,1.1455669E7
202407,제주특별자치도,제과음료업,2308067.0
202407,강원특별자치도,관광총소비,4491920.0
202407,강원특별자치도,호텔,190662.0
202407,강원특별자치도,콘도,206994.0
202407,강원특별자치도,캠핑장/펜션,68003.0
202407,강원특별자치도,기타숙박,650121.0
202407,강원특별자치도,여행업,2410.0
202407,강원특별자치도,육상운송,129130.0
202407,강원특별자치도,수상운송,1097.0
202407,강원특별자치도,렌터카,5507.0
202407,강원특별자치도,기타관광쇼핑,763519.0
202407,강원특별자치도,레저용품쇼핑,167876.0
202407,강원특별자치도,대형쇼핑몰,434329.0
202407,강원특별자치도,관광유원시설,45358.0
202407,강원특별자치도,골프장,207200.0
202407,강원특별자치도,기타레저,153694.0
202407,강원특별자치도,문화서비스,10900.0
202407,강원특별자치도,의료관광,87876.0
202407,강원특별자치도,뷰티,42067.0
202407,강원특별자치도,일반외식업,1145226.0
202407,강원특별자치도,제과음료업,179951.0
202407,전북특별자치도,관광총소비,2666743.0
202407,전북특별자치도,호텔,41597.0
202407,전북특별자치도,콘도,1534.0
202407,전북특별자치도,캠핑장/펜션,437.0
202407,전북특별자치도,기타숙박,324976.0
202407,전북특별자치도,여행업,3150.0
202407,전북특별자치도,육상운송,67346.0
202407,전북특별자치도,수상운송,972.0
202407,전북특별자치도,렌터카,15561.0
202407,전북특별자치도,기타관광쇼핑,450607.0
202407,전북특별자치도,레저용품쇼핑,56974.0
202407,전북특별자치도,대형쇼핑몰,483329.0
202407,전북특별자치도,관광유원시설,716.0
202407,전북특별자치도,골프장,24374.0
202407,전북특별자치도,기타레저,29849.0
202407,전북특별자치도,문화서비스,26796.0
202407,전북특별자치도,의료관광,138875.0
202407,전북특별자치도,뷰티,80233.0
202407,전북특별자치도,일반외식업,780854.0
202407,전북특별자치도,제과음료업,138564.0
202407,기타(지역 미분류),관광총소비,2.64910379E8
202407,기타(지역 미분류),호텔,8.4074336E7
202407,기타(지역 미분류),콘도,3279287.0
202407,기타(지역 미분류),캠핑장/펜션,365562.0
202407,기타(지역 미분류),기타숙박,3.1971574E7
202407,기타(지역 미분류),여행업,1106364.0
202407,기타(지역 미분류),육상운송,1.4629338E7
202407,기타(지역 미분류),수상운송,14792.0
202407,기타(지역 미분류),항공운송,6.7187037E7
202407,기타(지역 미분류),렌터카,552035.0
202407,기타(지역 미분류),면세점,2.2085268E7
202407,기타(지역 미분류),기타관광쇼핑,103189.0
202407,기타(지역 미분류),레저용품쇼핑,1014128.0
202407,기타(지역 미분류),관광유원시설,495159.0
202407,기타(지역 미분류),골프장,1611825.0
202407,기타(지역 미분류),기타레저,431666.0
202407,기타(지역 미분류),문화서비스,1082241.0
202407,기타(지역 미분류),의료관광,1.4578552E7
202407,기타(지역 미분류),뷰티,1491571.0
202407,기타(지역 미분류),일반외식업,1.5306563E7
202407,기타(지역 미분류),제과음료업,3529891.0
202408,서울특별시,관광총소비,6.53894062E8
202408,서울특별시,호텔,8.2270737E7
202408,서울특별시,콘도,257051.0
202408,서울특별시,캠핑장/펜션,173811.0
202408,서울특별시,기타숙박,1.6911368E7
202408,서울특별시,여행업,755256.0
202408,서울특별시,육상운송,1.5609235E7
202408,서울특별시,수상운송,40529.0
202408,서울특별시,항공운송,2005117.0
202408,서울특별시,렌터카,143183.0
202408,서울특별시,면세점,3.4480844E7
202408,서울특별시,기타관광쇼핑,1.22476458E8
202408,서울특별시,레저용품쇼핑,1.276098E7
202408,서울특별시,대형쇼핑몰,1.36177397E8
202408,서울특별시,카지노,2.7919113E7
202408,서울특별시,관광유원시설,17794.0
202408,서울특별시,골프장,296472.0
202408,서울특별시,기타레저,2531760.0
202408,서울특별시,문화서비스,2037399.0
202408,서울특별시,의료관광,7.6645857E7
202408,서울특별시,뷰티,2.8800623E7
202408,서울특별시,일반외식업,7.4412769E7
202408,서울특별시,제과음료업,1.7170309E7
202408,부산광역시,관광총소비,7.4590957E7
202408,부산광역시,호텔,4719480.0
202408,부산광역시,캠핑장/펜션,19056.0
202408,부산광역시,기타숙박,4541805.0
202408,부산광역시,여행업,17280.0
202408,부산광역시,육상운송,541111.0
202408,부산광역시,수상운송,55864.0
202408,부산광역시,항공운송,13162.0
202408,부산광역시,렌터카,15793.0
202408,부산광역시,면세점,2862744.0
202408,부산광역시,기타관광쇼핑,7785182.0
202408,부산광역시,레저용품쇼핑,325917.0
202408,부산광역시,대형쇼핑몰,2.651813E7
202408,부산광역시,카지노,8726803.0
202408,부산광역시,관광유원시설,359845.0
202408,부산광역시,골프장,37339.0
202408,부산광역시,기타레저,526054.0
202408,부산광역시,문화서비스,58987.0
202408,부산광역시,의료관광,2142643.0
202408,부산광역시,뷰티,1672218.0
202408,부산광역시,일반외식업,1.1976507E7
202408,부산광역시,제과음료업,1675036.0
202408,대구광역시,관광총소비,5863067.0
202408,대구광역시,호텔,771452.0
202408,대구광역시,콘도,10.0
202408,대구광역시,캠핑장/펜션,1790.0
202408,대구광역시,기타숙박,448217.0
202408,대구광역시,여행업,17294.0
202408,대구광역시,육상운송,141462.0
202408,대구광역시,항공운송,54436.0
202408,대구광역시,렌터카,8117.0
202408,대구광역시,기타관광쇼핑,866611.0
202408,대구광역시,레저용품쇼핑,117766.0
202408,대구광역시,대형쇼핑몰,1047822.0
202408,대구광역시,관광유원시설,51929.0
202408,대구광역시,골프장,13735.0
202408,대구광역시,기타레저,71853.0
202408,대구광역시,문화서비스,8579.0
202408,대구광역시,의료관광,432348.0
202408,대구광역시,뷰티,130659.0
202408,대구광역시,일반외식업,1412538.0
202408,대구광역시,제과음료업,266451.0
202408,인천광역시,관광총소비,8.5835914E7
202408,인천광역시,호텔,3.5686715E7
202408,인천광역시,캠핑장/펜션,14237.0
202408,인천광역시,기타숙박,1014801.0
202408,인천광역시,여행업,1981.0
202408,인천광역시,육상운송,603511.0
202408,인천광역시,항공운송,47298.0
202408,인천광역시,렌터카,535137.0
202408,인천광역시,면세점,2.916629E7
202408,인천광역시,기타관광쇼핑,4119292.0
202408,인천광역시,레저용품쇼핑,157948.0
202408,인천광역시,대형쇼핑몰,3879135.0
202408,인천광역시,관광유원시설,19631.0
202408,인천광역시,골프장,18664.0
202408,인천광역시,기타레저,125808.0
202408,인천광역시,문화서비스,8176.0
202408,인천광역시,의료관광,1312043.0
202408,인천광역시,뷰티,337551.0
202408,인천광역시,일반외식업,5886826.0
202408,인천광역시,제과음료업,2900870.0
202408,광주광역시,관광총소비,1927533.0
202408,광주광역시,호텔,99556.0
202408,광주광역시,캠핑장/펜션,314.0
202408,광주광역시,기타숙박,308220.0
202408,광주광역시,여행업,315.0
202408,광주광역시,육상운송,20264.0
202408,광주광역시,기타관광쇼핑,475212.0
202408,광주광역시,레저용품쇼핑,30075.0
202408,광주광역시,대형쇼핑몰,372228.0
202408,광주광역시,관광유원시설,223.0
202408,광주광역시,골프장,977.0
202408,광주광역시,기타레저,10369.0
202408,광주광역시,문화서비스,47068.0
202408,광주광역시,의료관광,117873.0
202408,광주광역시,뷰티,50369.0
202408,광주광역시,일반외식업,327613.0
202408,광주광역시,제과음료업,66857.0
202408,대전광역시,관광총소비,4461773.0
202408,대전광역시,호텔,404741.0
202408,대전광역시,캠핑장/펜션,623.0
202408,대전광역시,기타숙박,423996.0
202408,대전광역시,여행업,2120.0
202408,대전광역시,육상운송,1450025.0
202408,대전광역시,렌터카,6826.0
202408,대전광역시,기타관광쇼핑,369445.0
202408,대전광역시,레저용품쇼핑,37149.0
202408,대전광역시,대형쇼핑몰,836840.0
202408,대전광역시,관광유원시설,2602.0
202408,대전광역시,골프장,2938.0
202408,대전광역시,기타레저,24318.0
202408,대전광역시,문화서비스,2681.0
202408,대전광역시,의료관광,218067.0
202408,대전광역시,뷰티,69189.0
202408,대전광역시,일반외식업,508985.0
202408,대전광역시,제과음료업,101228.0
202408,울산광역시,관광총소비,1550678.0
202408,울산광역시,호텔,450889.0
202408,울산광역시,캠핑장/펜션,60.0
202408,울산광역시,기타숙박,104509.0
202408,울산광역시,여행업,1273.0
202408,울산광역시,육상운송,29227.0
202408,울산광역시,렌터카,970.0
202408,울산광역시,기타관광쇼핑,181273.0
202408,울산광역시,레저용품쇼핑,7998.0
202408,울산광역시,대형쇼핑몰,325393.0
202408,울산광역시,관광유원시설,55.0
202408,울산광역시,골프장,8063.0
202408,울산광역시,기타레저,16757.0
202408,울산광역시,문화서비스,285.0
202408,울산광역시,의료관광,52771.0
202408,울산광역시,뷰티,21583.0
202408,울산광역시,일반외식업,310730.0
202408,울산광역시,제과음료업,38842.0
202408,세종특별자치시,관광총소비,364625.0
202408,세종특별자치시,캠핑장/펜션,40.0
202408,세종특별자치시,기타숙박,104666.0
202408,세종특별자치시,육상운송,7954.0
202408,세종특별자치시,기타관광쇼핑,41484.0
202408,세종특별자치시,레저용품쇼핑,1468.0
202408,세종특별자치시,대형쇼핑몰,26987.0
202408,세종특별자치시,관광유원시설,88.0
202408,세종특별자치시,골프장,7136.0
202408,세종특별자치시,기타레저,5900.0
202408,세종특별자치시,문화서비스,278.0
202408,세종특별자치시,의료관광,64025.0
202408,세종특별자치시,뷰티,10557.0
202408,세종특별자치시,일반외식업,80566.0
202408,세종특별자치시,제과음료업,13476.0
202408,경기도,관광총소비,7.1237356E7
202408,경기도,호텔,3977028.0
202408,경기도,콘도,2719.0
202408,경기도,캠핑장/펜션,69841.0
202408,경기도,기타숙박,8592670.0
202408,경기도,여행업,36215.0
202408,경기도,육상운송,2416759.0
202408,경기도,수상운송,19829.0
202408,경기도,렌터카,560150.0
202408,경기도,면세점,135.0
202408,경기도,기타관광쇼핑,1.2589422E7
202408,경기도,레저용품쇼핑,2006178.0
202408,경기도,대형쇼핑몰,1.6892535E7
202408,경기도,관광유원시설,836512.0
202408,경기도,골프장,745312.0
202408,경기도,기타레저,833027.0
202408,경기도,문화서비스,240386.0
202408,경기도,의료관광,3989680.0
202408,경기도,뷰티,1908328.0
202408,경기도,일반외식업,1.3822974E7
202408,경기도,제과음료업,1697655.0
202408,충청북도,관광총소비,2070518.0
202408,충청북도,호텔,16754.0
202408,충청북도,콘도,5635.0
202408,충청북도,캠핑장/펜션,1896.0
202408,충청북도,기타숙박,347641.0
202408,충청북도,여행업,69.0
202408,충청북도,육상운송,87810.0
202408,충청북도,수상운송,114.0
202408,충청북도,항공운송,11951.0
202408,충청북도,렌터카,7527.0
202408,충청북도,면세점,19695.0
202408,충청북도,기타관광쇼핑,420074.0
202408,충청북도,레저용품쇼핑,28934.0
202408,충청북도,대형쇼핑몰,325091.0
202408,충청북도,관광유원시설,8324.0
202408,충청북도,골프장,46110.0
202408,충청북도,기타레저,18051.0
202408,충청북도,문화서비스,581.0
202408,충청북도,의료관광,92935.0
202408,충청북도,뷰티,53989.0
202408,충청북도,일반외식업,504747.0
202408,충청북도,제과음료업,72589.0
202408,충청남도,관광총소비,3727221.0
202408,충청남도,호텔,52334.0
202408,충청남도,콘도,76762.0
202408,충청남도,캠핑장/펜션,6614.0
202408,충청남도,기타숙박,715906.0
202408,충청남도,여행업,3990.0
202408,충청남도,육상운송,168173.0
202408,충청남도,렌터카,8261.0
202408,충청남도,기타관광쇼핑,894931.0
202408,충청남도,레저용품쇼핑,47019.0
202408,충청남도,대형쇼핑몰,421488.0
202408,충청남도,관광유원시설,2937.0
202408,충청남도,골프장,23017.0
202408,충청남도,기타레저,113851.0
202408,충청남도,문화서비스,1524.0
202408,충청남도,의료관광,171469.0
202408,충청남도,뷰티,64408.0
202408,충청남도,일반외식업,820086.0
202408,충청남도,제과음료업,134454.0
202408,전라남도,관광총소비,2426863.0
202408,전라남도,호텔,98697.0
202408,전라남도,콘도,10136.0
202408,전라남도,캠핑장/펜션,9059.0
202408,전라남도,기타숙박,573483.0
202408,전라남도,여행업,2200.0
202408,전라남도,육상운송,62607.0
202408,전라남도,수상운송,1201.0
202408,전라남도,렌터카,15422.0
202408,전라남도,기타관광쇼핑,409210.0
202408,전라남도,레저용품쇼핑,42484.0
202408,전라남도,대형쇼핑몰,359086.0
202408,전라남도,관광유원시설,1425.0
202408,전라남도,골프장,27592.0
202408,전라남도,기타레저,41610.0
202408,전라남도,문화서비스,13754.0
202408,전라남도,의료관광,61702.0
202408,전라남도,뷰티,30701.0
202408,전라남도,일반외식업,582568.0
202408,전라남도,제과음료업,83927.0
202408,경상북도,관광총소비,5887383.0
202408,경상북도,호텔,548598.0
202408,경상북도,콘도,13473.0
202408,경상북도,캠핑장/펜션,35496.0
202408,경상북도,기타숙박,398694.0
202408,경상북도,여행업,17240.0
202408,경상북도,육상운송,168308.0
202408,경상북도,수상운송,353.0
202408,경상북도,렌터카,43184.0
202408,경상북도,기타관광쇼핑,1165050.0
202408,경상북도,레저용품쇼핑,99396.0
202408,경상북도,대형쇼핑몰,559202.0
202408,경상북도,관광유원시설,4807.0
202408,경상북도,골프장,193227.0
202408,경상북도,기타레저,53344.0
202408,경상북도,문화서비스,6557.0
202408,경상북도,의료관광,86278.0
202408,경상북도,뷰티,188066.0
202408,경상북도,일반외식업,2015326.0
202408,경상북도,제과음료업,290785.0
202408,경상남도,관광총소비,4655541.0
202408,경상남도,호텔,360144.0
202408,경상남도,콘도,1324.0
202408,경상남도,캠핑장/펜션,4728.0
202408,경상남도,기타숙박,724373.0
202408,경상남도,여행업,12041.0
202408,경상남도,육상운송,117495.0
202408,경상남도,수상운송,238.0
202408,경상남도,렌터카,13802.0
202408,경상남도,기타관광쇼핑,564181.0
202408,경상남도,레저용품쇼핑,212746.0
202408,경상남도,대형쇼핑몰,944295.0
202408,경상남도,관광유원시설,3973.0
202408,경상남도,골프장,76413.0
202408,경상남도,기타레저,44558.0
202408,경상남도,문화서비스,4629.0
202408,경상남도,의료관광,218655.0
202408,경상남도,뷰티,58328.0
202408,경상남도,일반외식업,1142691.0
202408,경상남도,제과음료업,150927.0
202408,제주특별자치도,관광총소비,4.9809147E7
202408,제주특별자치도,호텔,5057616.0
202408,제주특별자치도,콘도,3259319.0
202408,제주특별자치도,캠핑장/펜션,41782.0
202408,제주특별자치도,기타숙박,1784950.0
202408,제주특별자치도,여행업,124912.0
202408,제주특별자치도,육상운송,414198.0
202408,제주특별자치도,수상운송,61752.0
202408,제주특별자치도,항공운송,69887.0
202408,제주특별자치도,렌터카,1735825.0
202408,제주특별자치도,면세점,4463204.0
202408,제주특별자치도,기타관광쇼핑,9251888.0
202408,제주특별자치도,레저용품쇼핑,1107189.0
202408,제주특별자치도,대형쇼핑몰,2835407.0
202408,제주특별자치도,관광유원시설,103140.0
202408,제주특별자치도,골프장,597462.0
202408,제주특별자치도,기타레저,372024.0
202408,제주특별자치도,문화서비스,582015.0
202408,제주특별자치도,의료관광,1769344.0
202408,제주특별자치도,뷰티,530010.0
202408,제주특별자치도,일반외식업,1.31213E7
202408,제주특별자치도,제과음료업,2525923.0
202408,강원특별자치도,관광총소비,5016349.0
202408,강원특별자치도,호텔,250923.0
202408,강원특별자치도,콘도,176000.0
202408,강원특별자치도,캠핑장/펜션,63696.0
202408,강원특별자치도,기타숙박,1495294.0
202408,강원특별자치도,여행업,1885.0
202408,강원특별자치도,육상운송,116859.0
202408,강원특별자치도,수상운송,2153.0
202408,강원특별자치도,렌터카,7942.0
202408,강원특별자치도,면세점,646.0
202408,강원특별자치도,기타관광쇼핑,723605.0
202408,강원특별자치도,레저용품쇼핑,73887.0
202408,강원특별자치도,대형쇼핑몰,276078.0
202408,강원특별자치도,관광유원시설,46495.0
202408,강원특별자치도,골프장,256599.0
202408,강원특별자치도,스키장,374.0
202408,강원특별자치도,기타레저,93525.0
202408,강원특별자치도,문화서비스,6764.0
202408,강원특별자치도,의료관광,94272.0
202408,강원특별자치도,뷰티,39741.0
202408,강원특별자치도,일반외식업,1130108.0
202408,강원특별자치도,제과음료업,159505.0
202408,전북특별자치도,관광총소비,3189601.0
202408,전북특별자치도,호텔,44913.0
202408,전북특별자치도,콘도,2075.0
202408,전북특별자치도,캠핑장/펜션,2452.0
202408,전북특별자치도,기타숙박,573248.0
202408,전북특별자치도,육상운송,56356.0
202408,전북특별자치도,수상운송,443.0
202408,전북특별자치도,렌터카,6921.0
202408,전북특별자치도,기타관광쇼핑,524975.0
202408,전북특별자치도,레저용품쇼핑,47827.0
202408,전북특별자치도,대형쇼핑몰,592699.0
202408,전북특별자치도,관광유원시설,1393.0
202408,전북특별자치도,골프장,17756.0
202408,전북특별자치도,기타레저,36881.0
202408,전북특별자치도,문화서비스,5906.0
202408,전북특별자치도,의료관광,143955.0
202408,전북특별자치도,뷰티,75726.0
202408,전북특별자치도,일반외식업,901398.0
202408,전북특별자치도,제과음료업,154677.0
202408,기타(지역 미분류),관광총소비,2.86619183E8
202408,기타(지역 미분류),호텔,9.4326842E7
202408,기타(지역 미분류),콘도,4610432.0
202408,기타(지역 미분류),캠핑장/펜션,477618.0
202408,기타(지역 미분류),기타숙박,4.0913418E7
202408,기타(지역 미분류),여행업,1157775.0
202408,기타(지역 미분류),육상운송,1.6340132E7
202408,기타(지역 미분류),수상운송,17187.0
202408,기타(지역 미분류),항공운송,6.3964385E7
202408,기타(지역 미분류),렌터카,683139.0
202408,기타(지역 미분류),면세점,2.3405233E7
202408,기타(지역 미분류),기타관광쇼핑,97102.0
202408,기타(지역 미분류),레저용품쇼핑,1183717.0
202408,기타(지역 미분류),관광유원시설,467689.0
202408,기타(지역 미분류),골프장,1701247.0
202408,기타(지역 미분류),기타레저,363298.0
202408,기타(지역 미분류),문화서비스,1361644.0
202408,기타(지역 미분류),의료관광,1.3411274E7
202408,기타(지역 미분류),뷰티,1480279.0
202408,기타(지역 미분류),일반외식업,1.6768101E7
202408,기타(지역 미분류),제과음료업,3888673.0
202409,서울특별시,관광총소비,6.68403394E8
202409,서울특별시,호텔,8.4774136E7
202409,서울특별시,콘도,65189.0
202409,서울특별시,캠핑장/펜션,179048.0
202409,서울특별시,기타숙박,1.7035938E7
202409,서울특별시,여행업,803055.0
202409,서울특별시,육상운송,1.6487611E7
202409,서울특별시,수상운송,29624.0
202409,서울특별시,항공운송,1658523.0
202409,서울특별시,렌터카,220161.0
202409,서울특별시,면세점,2.9952056E7
202409,서울특별시,기타관광쇼핑,1.2844424E8
202409,서울특별시,레저용품쇼핑,1.3703283E7
202409,서울특별시,대형쇼핑몰,1.26163099E8
202409,서울특별시,카지노,2.6769404E7
202409,서울특별시,관광유원시설,13197.0
202409,서울특별시,골프장,241422.0
202409,서울특별시,기타레저,2522811.0
202409,서울특별시,문화서비스,1270441.0
202409,서울특별시,의료관광,8.9029532E7
202409,서울특별시,뷰티,3.1259184E7
202409,서울특별시,일반외식업,7.936704E7
202409,서울특별시,제과음료업,1.8414397E7
202409,부산광역시,관광총소비,7.0207519E7
202409,부산광역시,호텔,3993852.0
202409,부산광역시,캠핑장/펜션,14078.0
202409,부산광역시,기타숙박,2698428.0
202409,부산광역시,여행업,30533.0
202409,부산광역시,육상운송,435571.0
202409,부산광역시,수상운송,40858.0
202409,부산광역시,항공운송,5073.0
202409,부산광역시,렌터카,15804.0
202409,부산광역시,면세점,2802106.0
202409,부산광역시,기타관광쇼핑,7318360.0
202409,부산광역시,레저용품쇼핑,295799.0
202409,부산광역시,대형쇼핑몰,2.4290607E7
202409,부산광역시,카지노,9820437.0
202409,부산광역시,관광유원시설,236598.0
202409,부산광역시,골프장,36486.0
202409,부산광역시,기타레저,491380.0
202409,부산광역시,문화서비스,48910.0
202409,부산광역시,의료관광,2454591.0
202409,부산광역시,뷰티,1886013.0
202409,부산광역시,일반외식업,1.1567457E7
202409,부산광역시,제과음료업,1724578.0
202409,대구광역시,관광총소비,6035359.0
202409,대구광역시,호텔,559492.0
202409,대구광역시,콘도,110.0
202409,대구광역시,캠핑장/펜션,463.0
202409,대구광역시,기타숙박,306367.0
202409,대구광역시,여행업,6128.0
202409,대구광역시,육상운송,81741.0
202409,대구광역시,항공운송,73631.0
202409,대구광역시,렌터카,9442.0
202409,대구광역시,기타관광쇼핑,1114000.0
202409,대구광역시,레저용품쇼핑,160213.0
202409,대구광역시,대형쇼핑몰,1105339.0
202409,대구광역시,관광유원시설,44645.0
202409,대구광역시,골프장,18322.0
202409,대구광역시,기타레저,107042.0
202409,대구광역시,문화서비스,4330.0
202409,대구광역시,의료관광,654993.0
202409,대구광역시,뷰티,135847.0
202409,대구광역시,일반외식업,1431598.0
202409,대구광역시,제과음료업,221656.0
202409,인천광역시,관광총소비,7.6901528E7
202409,인천광역시,호텔,3.259015E7
202409,인천광역시,캠핑장/펜션,15132.0
202409,인천광역시,기타숙박,889163.0
202409,인천광역시,여행업,37636.0
202409,인천광역시,육상운송,554920.0
202409,인천광역시,수상운송,867.0
202409,인천광역시,항공운송,56224.0
202409,인천광역시,렌터카,606705.0
202409,인천광역시,면세점,2.3945786E7
202409,인천광역시,기타관광쇼핑,4165292.0
202409,인천광역시,레저용품쇼핑,161006.0
202409,인천광역시,대형쇼핑몰,3868754.0
202409,인천광역시,관광유원시설,16293.0
202409,인천광역시,골프장,19839.0
202409,인천광역시,기타레저,154357.0
202409,인천광역시,문화서비스,4518.0
202409,인천광역시,의료관광,1472820.0
202409,인천광역시,뷰티,346742.0
202409,인천광역시,일반외식업,5305985.0
202409,인천광역시,제과음료업,2689337.0
202409,광주광역시,관광총소비,2897337.0
202409,광주광역시,호텔,49929.0
202409,광주광역시,캠핑장/펜션,1330.0
202409,광주광역시,기타숙박,399399.0
202409,광주광역시,여행업,335.0
202409,광주광역시,육상운송,18235.0
202409,광주광역시,렌터카,3550.0
202409,광주광역시,기타관광쇼핑,656769.0
202409,광주광역시,레저용품쇼핑,67795.0
202409,광주광역시,대형쇼핑몰,599840.0
202409,광주광역시,관광유원시설,328.0
202409,광주광역시,골프장,3130.0
202409,광주광역시,기타레저,20666.0
202409,광주광역시,문화서비스,42633.0
202409,광주광역시,의료관광,124850.0
202409,광주광역시,뷰티,41907.0
202409,광주광역시,일반외식업,738216.0
202409,광주광역시,제과음료업,128427.0
202409,대전광역시,관광총소비,4600077.0
202409,대전광역시,호텔,356834.0
202409,대전광역시,캠핑장/펜션,30.0
202409,대전광역시,기타숙박,425882.0
202409,대전광역시,여행업,3230.0
202409,대전광역시,육상운송,1387683.0
202409,대전광역시,수상운송,453.0
202409,대전광역시,렌터카,4582.0
202409,대전광역시,기타관광쇼핑,526112.0
202409,대전광역시,레저용품쇼핑,30144.0
202409,대전광역시,대형쇼핑몰,714813.0
202409,대전광역시,관광유원시설,2471.0
202409,대전광역시,골프장,6741.0
202409,대전광역시,기타레저,41761.0
202409,대전광역시,문화서비스,4212.0
202409,대전광역시,의료관광,188417.0
202409,대전광역시,뷰티,63234.0
202409,대전광역시,일반외식업,702297.0
202409,대전광역시,제과음료업,141182.0
202409,울산광역시,관광총소비,1808767.0
202409,울산광역시,호텔,612161.0
202409,울산광역시,캠핑장/펜션,224.0
202409,울산광역시,기타숙박,75684.0
202409,울산광역시,여행업,453.0
202409,울산광역시,육상운송,27804.0
202409,울산광역시,렌터카,1050.0
202409,울산광역시,기타관광쇼핑,194138.0
202409,울산광역시,레저용품쇼핑,15371.0
202409,울산광역시,대형쇼핑몰,305348.0
202409,울산광역시,관광유원시설,20.0
202409,울산광역시,골프장,6839.0
202409,울산광역시,기타레저,39677.0
202409,울산광역시,문화서비스,1115.0
202409,울산광역시,의료관광,66261.0
202409,울산광역시,뷰티,29772.0
202409,울산광역시,일반외식업,385966.0
202409,울산광역시,제과음료업,46884.0
202409,세종특별자치시,관광총소비,459456.0
202409,세종특별자치시,캠핑장/펜션,184.0
202409,세종특별자치시,기타숙박,60302.0
202409,세종특별자치시,육상운송,7753.0
202409,세종특별자치시,기타관광쇼핑,111652.0
202409,세종특별자치시,레저용품쇼핑,3071.0
202409,세종특별자치시,대형쇼핑몰,16149.0
202409,세종특별자치시,골프장,8170.0
202409,세종특별자치시,기타레저,6083.0
202409,세종특별자치시,문화서비스,148.0
202409,세종특별자치시,의료관광,25823.0
202409,세종특별자치시,뷰티,8249.0
202409,세종특별자치시,일반외식업,189034.0
202409,세종특별자치시,제과음료업,22837.0
202409,경기도,관광총소비,7.2388114E7
202409,경기도,호텔,3648952.0
202409,경기도,콘도,6264.0
202409,경기도,캠핑장/펜션,32570.0
202409,경기도,기타숙박,7406825.0
202409,경기도,여행업,48163.0
202409,경기도,육상운송,2011535.0
202409,경기도,수상운송,16681.0
202409,경기도,렌터카,554744.0
202409,경기도,면세점,3.0
202409,경기도,기타관광쇼핑,1.3793404E7
202409,경기도,레저용품쇼핑,2347806.0
202409,경기도,대형쇼핑몰,1.7069103E7
202409,경기도,관광유원시설,704833.0
202409,경기도,골프장,1199060.0
202409,경기도,기타레저,916554.0
202409,경기도,문화서비스,211268.0
202409,경기도,의료관광,3975916.0
202409,경기도,뷰티,1871159.0
202409,경기도,일반외식업,1.4764608E7
202409,경기도,제과음료업,1808666.0
202409,충청북도,관광총소비,3320626.0
202409,충청북도,호텔,24966.0
202409,충청북도,콘도,2786.0
202409,충청북도,캠핑장/펜션,1442.0
202409,충청북도,기타숙박,289886.0
202409,충청북도,여행업,806.0
202409,충청북도,육상운송,80831.0
202409,충청북도,수상운송,199.0
202409,충청북도,항공운송,15355.0
202409,충청북도,렌터카,10318.0
202409,충청북도,면세점,19518.0
202409,충청북도,기타관광쇼핑,765616.0
202409,충청북도,레저용품쇼핑,155823.0
202409,충청북도,대형쇼핑몰,528337.0
202409,충청북도,관광유원시설,7018.0
202409,충청북도,골프장,63843.0
202409,충청북도,기타레저,39795.0
202409,충청북도,문화서비스,1052.0
202409,충청북도,의료관광,131971.0
202409,충청북도,뷰티,54207.0
202409,충청북도,일반외식업,986241.0
202409,충청북도,제과음료업,140616.0
202409,충청남도,관광총소비,3802147.0
202409,충청남도,호텔,52572.0
202409,충청남도,콘도,44552.0
202409,충청남도,캠핑장/펜션,1806.0
202409,충청남도,기타숙박,522242.0
202409,충청남도,여행업,776.0
202409,충청남도,육상운송,152499.0
202409,충청남도,렌터카,11198.0
202409,충청남도,기타관광쇼핑,1012011.0
202409,충청남도,레저용품쇼핑,44476.0
202409,충청남도,대형쇼핑몰,508117.0
202409,충청남도,관광유원시설,1270.0
202409,충청남도,골프장,45679.0
202409,충청남도,기타레저,63607.0
202409,충청남도,문화서비스,1318.0
202409,충청남도,의료관광,205315.0
202409,충청남도,뷰티,59554.0
202409,충청남도,일반외식업,929238.0
202409,충청남도,제과음료업,145918.0
202409,전라남도,관광총소비,2494097.0
202409,전라남도,호텔,117151.0
202409,전라남도,콘도,12892.0
202409,전라남도,캠핑장/펜션,3413.0
202409,전라남도,기타숙박,479087.0
202409,전라남도,여행업,492.0
202409,전라남도,육상운송,73986.0
202409,전라남도,수상운송,626.0
202409,전라남도,렌터카,18028.0
202409,전라남도,기타관광쇼핑,467050.0
202409,전라남도,레저용품쇼핑,31529.0
202409,전라남도,대형쇼핑몰,375274.0
202409,전라남도,관광유원시설,414.0
202409,전라남도,골프장,39050.0
202409,전라남도,기타레저,45759.0
202409,전라남도,문화서비스,4068.0
202409,전라남도,의료관광,68068.0
202409,전라남도,뷰티,31852.0
202409,전라남도,일반외식업,625230.0
202409,전라남도,제과음료업,100128.0
202409,경상북도,관광총소비,6915271.0
202409,경상북도,호텔,597708.0
202409,경상북도,콘도,8724.0
202409,경상북도,캠핑장/펜션,24515.0
202409,경상북도,기타숙박,395771.0
202409,경상북도,여행업,6770.0
202409,경상북도,육상운송,172563.0
202409,경상북도,수상운송,247.0
202409,경상북도,렌터카,42613.0
202409,경상북도,기타관광쇼핑,1678367.0
202409,경상북도,레저용품쇼핑,107911.0
202409,경상북도,대형쇼핑몰,408228.0
202409,경상북도,관광유원시설,3185.0
202409,경상북도,골프장,253700.0
202409,경상북도,기타레저,95387.0
202409,경상북도,문화서비스,5818.0
202409,경상북도,의료관광,134747.0
202409,경상북도,뷰티,167446.0
202409,경상북도,일반외식업,2473083.0
202409,경상북도,제과음료업,338487.0
202409,경상남도,관광총소비,4819919.0
202409,경상남도,호텔,373962.0
202409,경상남도,콘도,2677.0
202409,경상남도,캠핑장/펜션,3384.0
202409,경상남도,기타숙박,751328.0
202409,경상남도,여행업,10.0
202409,경상남도,육상운송,134952.0
202409,경상남도,수상운송,105.0
202409,경상남도,렌터카,13003.0
202409,경상남도,기타관광쇼핑,629261.0
202409,경상남도,레저용품쇼핑,166854.0
202409,경상남도,대형쇼핑몰,966734.0
202409,경상남도,관광유원시설,2179.0
202409,경상남도,골프장,82768.0
202409,경상남도,기타레저,59918.0
202409,경상남도,문화서비스,2734.0
202409,경상남도,의료관광,225202.0
202409,경상남도,뷰티,63585.0
202409,경상남도,일반외식업,1173807.0
202409,경상남도,제과음료업,167453.0
202409,제주특별자치도,관광총소비,4.0937293E7
202409,제주특별자치도,호텔,2761205.0
202409,제주특별자치도,콘도,1956088.0
202409,제주특별자치도,캠핑장/펜션,15742.0
202409,제주특별자치도,기타숙박,4034631.0
202409,제주특별자치도,여행업,65914.0
202409,제주특별자치도,육상운송,451054.0
202409,제주특별자치도,수상운송,19245.0
202409,제주특별자치도,항공운송,23330.0
202409,제주특별자치도,렌터카,1863941.0
202409,제주특별자치도,면세점,3854236.0
202409,제주특별자치도,기타관광쇼핑,7879939.0
202409,제주특별자치도,레저용품쇼핑,957642.0
202409,제주특별자치도,대형쇼핑몰,2264438.0
202409,제주특별자치도,관광유원시설,67665.0
202409,제주특별자치도,골프장,343614.0
202409,제주특별자치도,기타레저,247817.0
202409,제주특별자치도,문화서비스,289011.0
202409,제주특별자치도,의료관광,1813785.0
202409,제주특별자치도,뷰티,496372.0
202409,제주특별자치도,일반외식업,9437642.0
202409,제주특별자치도,제과음료업,2093981.0
202409,강원특별자치도,관광총소비,4997298.0
202409,강원특별자치도,호텔,206683.0
202409,강원특별자치도,콘도,117925.0
202409,강원특별자치도,캠핑장/펜션,69920.0
202409,강원특별자치도,기타숙박,768484.0
202409,강원특별자치도,여행업,2383.0
202409,강원특별자치도,육상운송,122389.0
202409,강원특별자치도,수상운송,1137.0
202409,강원특별자치도,렌터카,6150.0
202409,강원특별자치도,면세점,353.0
202409,강원특별자치도,기타관광쇼핑,1043349.0
202409,강원특별자치도,레저용품쇼핑,56137.0
202409,강원특별자치도,대형쇼핑몰,522251.0
202409,강원특별자치도,관광유원시설,17038.0
202409,강원특별자치도,골프장,235925.0
202409,강원특별자치도,스키장,997.0
202409,강원특별자치도,기타레저,81559.0
202409,강원특별자치도,문화서비스,5430.0
202409,강원특별자치도,의료관광,135552.0
202409,강원특별자치도,뷰티,41219.0
202409,강원특별자치도,일반외식업,1360318.0
202409,강원특별자치도,제과음료업,202100.0
202409,전북특별자치도,관광총소비,3332128.0
202409,전북특별자치도,호텔,43353.0
202409,전북특별자치도,콘도,1659.0
202409,전북특별자치도,캠핑장/펜션,2117.0
202409,전북특별자치도,기타숙박,466173.0
202409,전북특별자치도,여행업,7825.0
202409,전북특별자치도,육상운송,55409.0
202409,전북특별자치도,수상운송,2106.0
202409,전북특별자치도,렌터카,12993.0
202409,전북특별자치도,기타관광쇼핑,627037.0
202409,전북특별자치도,레저용품쇼핑,60348.0
202409,전북특별자치도,대형쇼핑몰,572477.0
202409,전북특별자치도,관광유원시설,169.0
202409,전북특별자치도,골프장,23337.0
202409,전북특별자치도,기타레저,33818.0
202409,전북특별자치도,문화서비스,3915.0
202409,전북특별자치도,의료관광,149830.0
202409,전북특별자치도,뷰티,68909.0
202409,전북특별자치도,일반외식업,1030720.0
202409,전북특별자치도,제과음료업,169933.0
202409,기타(지역 미분류),관광총소비,2.6278546E8
202409,기타(지역 미분류),호텔,8.2537568E7
202409,기타(지역 미분류),콘도,2903185.0
202409,기타(지역 미분류),캠핑장/펜션,228150.0
202409,기타(지역 미분류),기타숙박,3.234114E7
202409,기타(지역 미분류),여행업,1165785.0
202409,기타(지역 미분류),육상운송,1.7994799E7
202409,기타(지역 미분류),수상운송,7062.0
202409,기타(지역 미분류),항공운송,5.9986622E7
202409,기타(지역 미분류),렌터카,701633.0
202409,기타(지역 미분류),면세점,2.3308295E7
202409,기타(지역 미분류),기타관광쇼핑,135502.0
202409,기타(지역 미분류),레저용품쇼핑,1078197.0
202409,기타(지역 미분류),관광유원시설,305427.0
202409,기타(지역 미분류),골프장,1351278.0
202409,기타(지역 미분류),기타레저,268171.0
202409,기타(지역 미분류),문화서비스,946673.0
202409,기타(지역 미분류),의료관광,1.5255653E7
202409,기타(지역 미분류),뷰티,1481734.0
202409,기타(지역 미분류),일반외식업,1.6512035E7
202409,기타(지역 미분류),제과음료업,4276550.0
202410,서울특별시,관광총소비,8.31822211E8
202410,서울특별시,호텔,1.07041447E8
202410,서울특별시,콘도,154330.0
202410,서울특별시,캠핑장/펜션,205778.0
202410,서울특별시,기타숙박,2.3530974E7
202410,서울특별시,여행업,969605.0
202410,서울특별시,육상운송,2.0449157E7
202410,서울특별시,수상운송,42602.0
202410,서울특별시,항공운송,2185355.0
202410,서울특별시,렌터카,222191.0
202410,서울특별시,면세점,3.3440187E7
202410,서울특별시,기타관광쇼핑,1.60398328E8
202410,서울특별시,레저용품쇼핑,1.5206953E7
202410,서울특별시,대형쇼핑몰,1.68839382E8
202410,서울특별시,카지노,2.9019074E7
202410,서울특별시,관광유원시설,21964.0
202410,서울특별시,골프장,346249.0
202410,서울특별시,기타레저,2541570.0
202410,서울특별시,문화서비스,1693196.0
202410,서울특별시,의료관광,1.07085945E8
202410,서울특별시,뷰티,4.0372131E7
202410,서울특별시,일반외식업,9.5530491E7
202410,서울특별시,제과음료업,2.2525302E7
202410,부산광역시,관광총소비,8.8319632E7
202410,부산광역시,호텔,5913759.0
202410,부산광역시,캠핑장/펜션,15964.0
202410,부산광역시,기타숙박,3492209.0
202410,부산광역시,여행업,25113.0
202410,부산광역시,육상운송,569222.0
202410,부산광역시,수상운송,49908.0
202410,부산광역시,항공운송,6570.0
202410,부산광역시,렌터카,26246.0
202410,부산광역시,면세점,3164831.0
202410,부산광역시,기타관광쇼핑,8648753.0
202410,부산광역시,레저용품쇼핑,463862.0
202410,부산광역시,대형쇼핑몰,3.1404434E7
202410,부산광역시,카지노,9601670.0
202410,부산광역시,관광유원시설,264067.0
202410,부산광역시,골프장,52526.0
202410,부산광역시,기타레저,650942.0
202410,부산광역시,문화서비스,54507.0
202410,부산광역시,의료관광,3345732.0
202410,부산광역시,뷰티,2592322.0
202410,부산광역시,일반외식업,1.5581413E7
202410,부산광역시,제과음료업,2395581.0
202410,대구광역시,관광총소비,6894586.0
202410,대구광역시,호텔,792822.0
202410,대구광역시,콘도,130.0
202410,대구광역시,캠핑장/펜션,1394.0
202410,대구광역시,기타숙박,458836.0
202410,대구광역시,여행업,15391.0
202410,대구광역시,육상운송,100724.0
202410,대구광역시,항공운송,98823.0
202410,대구광역시,렌터카,8155.0
202410,대구광역시,기타관광쇼핑,1203537.0
202410,대구광역시,레저용품쇼핑,226307.0
202410,대구광역시,대형쇼핑몰,1174210.0
202410,대구광역시,관광유원시설,70015.0
202410,대구광역시,골프장,24601.0
202410,대구광역시,기타레저,66273.0
202410,대구광역시,문화서비스,20595.0
202410,대구광역시,의료관광,659975.0
202410,대구광역시,뷰티,125634.0
202410,대구광역시,일반외식업,1581880.0
202410,대구광역시,제과음료업,265284.0
202410,인천광역시,관광총소비,8.284185E7
202410,인천광역시,호텔,3.1373077E7
202410,인천광역시,캠핑장/펜션,14234.0
202410,인천광역시,기타숙박,955489.0
202410,인천광역시,여행업,14698.0
202410,인천광역시,육상운송,640020.0
202410,인천광역시,수상운송,608.0
202410,인천광역시,항공운송,66795.0
202410,인천광역시,렌터카,819463.0
202410,인천광역시,면세점,2.6752981E7
202410,인천광역시,기타관광쇼핑,5652575.0
202410,인천광역시,레저용품쇼핑,237032.0
202410,인천광역시,대형쇼핑몰,4931059.0
202410,인천광역시,관광유원시설,14911.0
202410,인천광역시,골프장,39024.0
202410,인천광역시,기타레저,139707.0
202410,인천광역시,문화서비스,5293.0
202410,인천광역시,의료관광,1784804.0
202410,인천광역시,뷰티,406590.0
202410,인천광역시,일반외식업,5873599.0
202410,인천광역시,제과음료업,3119893.0
202410,광주광역시,관광총소비,3232746.0
202410,광주광역시,호텔,48208.0
202410,광주광역시,캠핑장/펜션,464.0
202410,광주광역시,기타숙박,272766.0
202410,광주광역시,여행업,1400.0
202410,광주광역시,육상운송,20985.0
202410,광주광역시,렌터카,2003.0
202410,광주광역시,기타관광쇼핑,671967.0
202410,광주광역시,레저용품쇼핑,89244.0
202410,광주광역시,대형쇼핑몰,884339.0
202410,광주광역시,관광유원시설,307.0
202410,광주광역시,골프장,3248.0
202410,광주광역시,기타레저,27153.0
202410,광주광역시,문화서비스,39080.0
202410,광주광역시,의료관광,119360.0
202410,광주광역시,뷰티,72398.0
202410,광주광역시,일반외식업,826495.0
202410,광주광역시,제과음료업,153329.0
202410,대전광역시,관광총소비,5843208.0
202410,대전광역시,호텔,482279.0
202410,대전광역시,캠핑장/펜션,88.0
202410,대전광역시,기타숙박,440061.0
202410,대전광역시,육상운송,1989952.0
202410,대전광역시,수상운송,413.0
202410,대전광역시,렌터카,4638.0
202410,대전광역시,기타관광쇼핑,574043.0
202410,대전광역시,레저용품쇼핑,25757.0
202410,대전광역시,대형쇼핑몰,856224.0
202410,대전광역시,관광유원시설,2781.0
202410,대전광역시,골프장,4030.0
202410,대전광역시,기타레저,32449.0
202410,대전광역시,문화서비스,3842.0
202410,대전광역시,의료관광,270778.0
202410,대전광역시,뷰티,89122.0
202410,대전광역시,일반외식업,904795.0
202410,대전광역시,제과음료업,161956.0
202410,울산광역시,관광총소비,2243638.0
202410,울산광역시,호텔,747183.0
202410,울산광역시,캠핑장/펜션,2565.0
202410,울산광역시,기타숙박,97868.0
202410,울산광역시,여행업,680.0
202410,울산광역시,육상운송,29265.0
202410,울산광역시,렌터카,3565.0
202410,울산광역시,기타관광쇼핑,209725.0
202410,울산광역시,레저용품쇼핑,21909.0
202410,울산광역시,대형쇼핑몰,420792.0
202410,울산광역시,관광유원시설,78.0
202410,울산광역시,골프장,8296.0
202410,울산광역시,기타레저,55955.0
202410,울산광역시,문화서비스,597.0
202410,울산광역시,의료관광,99098.0
202410,울산광역시,뷰티,39097.0
202410,울산광역시,일반외식업,456606.0
202410,울산광역시,제과음료업,50358.0
202410,세종특별자치시,관광총소비,644766.0
202410,세종특별자치시,기타숙박,181712.0
202410,세종특별자치시,육상운송,12264.0
202410,세종특별자치시,기타관광쇼핑,113183.0
202410,세종특별자치시,레저용품쇼핑,4935.0
202410,세종특별자치시,대형쇼핑몰,30470.0
202410,세종특별자치시,관광유원시설,38.0
202410,세종특별자치시,골프장,24048.0
202410,세종특별자치시,기타레저,7485.0
202410,세종특별자치시,문화서비스,214.0
202410,세종특별자치시,의료관광,23896.0
202410,세종특별자치시,뷰티,10032.0
202410,세종특별자치시,일반외식업,207834.0
202410,세종특별자치시,제과음료업,28656.0
202410,경기도,관광총소비,8.4078577E7
202410,경기도,호텔,4381457.0
202410,경기도,콘도,30064.0
202410,경기도,캠핑장/펜션,26364.0
202410,경기도,기타숙박,8428352.0
202410,경기도,여행업,63415.0
202410,경기도,육상운송,2237827.0
202410,경기도,수상운송,32023.0
202410,경기도,렌터카,677280.0
202410,경기도,기타관광쇼핑,1.3878993E7
202410,경기도,레저용품쇼핑,3577713.0
202410,경기도,대형쇼핑몰,2.0636093E7
202410,경기도,관광유원시설,925203.0
202410,경기도,골프장,1431184.0
202410,경기도,기타레저,805311.0
202410,경기도,문화서비스,200960.0
202410,경기도,의료관광,5193738.0
202410,경기도,뷰티,2514768.0
202410,경기도,일반외식업,1.6919209E7
202410,경기도,제과음료업,2118623.0
202410,충청북도,관광총소비,3839663.0
202410,충청북도,호텔,47191.0
202410,충청북도,콘도,4777.0
202410,충청북도,캠핑장/펜션,2287.0
202410,충청북도,기타숙박,435391.0
202410,충청북도,여행업,350.0
202410,충청북도,육상운송,94535.0
202410,충청북도,수상운송,732.0
202410,충청북도,항공운송,18509.0
202410,충청북도,렌터카,10472.0
202410,충청북도,면세점,21116.0
202410,충청북도,기타관광쇼핑,867715.0
202410,충청북도,레저용품쇼핑,57044.0
202410,충청북도,대형쇼핑몰,552452.0
202410,충청북도,관광유원시설,7805.0
202410,충청북도,골프장,112095.0
202410,충청북도,기타레저,48598.0
202410,충청북도,문화서비스,910.0
202410,충청북도,의료관광,175400.0
202410,충청북도,뷰티,79827.0
202410,충청북도,일반외식업,1143333.0
202410,충청북도,제과음료업,159123.0
202410,충청남도,관광총소비,4422863.0
202410,충청남도,호텔,93031.0
202410,충청남도,콘도,48501.0
202410,충청남도,캠핑장/펜션,2139.0
202410,충청남도,기타숙박,602794.0
202410,충청남도,여행업,1318.0
202410,충청남도,육상운송,172082.0
202410,충청남도,수상운송,55.0
202410,충청남도,렌터카,12995.0
202410,충청남도,기타관광쇼핑,1244457.0
202410,충청남도,레저용품쇼핑,83213.0
202410,충청남도,대형쇼핑몰,531905.0
202410,충청남도,관광유원시설,834.0
202410,충청남도,골프장,50794.0
202410,충청남도,기타레저,50694.0
202410,충청남도,문화서비스,1513.0
202410,충청남도,의료관광,232369.0
202410,충청남도,뷰티,74567.0
202410,충청남도,일반외식업,1057305.0
202410,충청남도,제과음료업,162298.0
202410,전라남도,관광총소비,3336433.0
202410,전라남도,호텔,174633.0
202410,전라남도,콘도,21360.0
202410,전라남도,캠핑장/펜션,4015.0
202410,전라남도,기타숙박,566111.0
202410,전라남도,여행업,1247.0
202410,전라남도,육상운송,98869.0
202410,전라남도,수상운송,2148.0
202410,전라남도,렌터카,28114.0
202410,전라남도,기타관광쇼핑,713372.0
202410,전라남도,레저용품쇼핑,59210.0
202410,전라남도,대형쇼핑몰,432592.0
202410,전라남도,관광유원시설,851.0
202410,전라남도,골프장,78742.0
202410,전라남도,기타레저,73857.0
202410,전라남도,문화서비스,5539.0
202410,전라남도,의료관광,95805.0
202410,전라남도,뷰티,49956.0
202410,전라남도,일반외식업,807064.0
202410,전라남도,제과음료업,122948.0
202410,경상북도,관광총소비,7921371.0
202410,경상북도,호텔,813734.0
202410,경상북도,콘도,6201.0
202410,경상북도,캠핑장/펜션,36539.0
202410,경상북도,기타숙박,603140.0
202410,경상북도,여행업,2530.0
202410,경상북도,육상운송,207544.0
202410,경상북도,수상운송,108.0
202410,경상북도,렌터카,43759.0
202410,경상북도,기타관광쇼핑,1728621.0
202410,경상북도,레저용품쇼핑,90796.0
202410,경상북도,대형쇼핑몰,301575.0
202410,경상북도,관광유원시설,5041.0
202410,경상북도,골프장,366870.0
202410,경상북도,기타레저,46462.0
202410,경상북도,문화서비스,6379.0
202410,경상북도,의료관광,189455.0
202410,경상북도,뷰티,155629.0
202410,경상북도,일반외식업,2877430.0
202410,경상북도,제과음료업,439559.0
202410,경상남도,관광총소비,6508407.0
202410,경상남도,호텔,530945.0
202410,경상남도,콘도,4867.0
202410,경상남도,캠핑장/펜션,5222.0
202410,경상남도,기타숙박,1059117.0
202410,경상남도,여행업,7124.0
202410,경상남도,육상운송,165106.0
202410,경상남도,수상운송,460.0
202410,경상남도,렌터카,30469.0
202410,경상남도,기타관광쇼핑,708416.0
202410,경상남도,레저용품쇼핑,181054.0
202410,경상남도,대형쇼핑몰,1328166.0
202410,경상남도,관광유원시설,3549.0
202410,경상남도,골프장,214098.0
202410,경상남도,기타레저,51232.0
202410,경상남도,문화서비스,4030.0
202410,경상남도,의료관광,264891.0
202410,경상남도,뷰티,88693.0
202410,경상남도,일반외식업,1673355.0
202410,경상남도,제과음료업,187611.0
202410,제주특별자치도,관광총소비,4.3692411E7
202410,제주특별자치도,호텔,3175949.0
202410,제주특별자치도,콘도,1834994.0
202410,제주특별자치도,캠핑장/펜션,34192.0
202410,제주특별자치도,기타숙박,1370383.0
202410,제주특별자치도,여행업,52654.0
202410,제주특별자치도,육상운송,536225.0
202410,제주특별자치도,수상운송,33287.0
202410,제주특별자치도,항공운송,57446.0
202410,제주특별자치도,렌터카,2364515.0
202410,제주특별자치도,면세점,4100701.0
202410,제주특별자치도,기타관광쇼핑,9672027.0
202410,제주특별자치도,레저용품쇼핑,1035262.0
202410,제주특별자치도,대형쇼핑몰,2665616.0
202410,제주특별자치도,관광유원시설,89962.0
202410,제주특별자치도,골프장,507604.0
202410,제주특별자치도,기타레저,307850.0
202410,제주특별자치도,문화서비스,429146.0
202410,제주특별자치도,의료관광,2153232.0
202410,제주특별자치도,뷰티,460281.0
202410,제주특별자치도,일반외식업,1.0617086E7
202410,제주특별자치도,제과음료업,2194000.0
202410,강원특별자치도,관광총소비,6558105.0
202410,강원특별자치도,호텔,326932.0
202410,강원특별자치도,콘도,162806.0
202410,강원특별자치도,캠핑장/펜션,50040.0
202410,강원특별자치도,기타숙박,704873.0
202410,강원특별자치도,여행업,3138.0
202410,강원특별자치도,육상운송,169015.0
202410,강원특별자치도,수상운송,1510.0
202410,강원특별자치도,렌터카,16830.0
202410,강원특별자치도,기타관광쇼핑,1365852.0
202410,강원특별자치도,레저용품쇼핑,120117.0
202410,강원특별자치도,대형쇼핑몰,546595.0
202410,강원특별자치도,관광유원시설,36394.0
202410,강원특별자치도,골프장,392171.0
202410,강원특별자치도,스키장,2173.0
202410,강원특별자치도,기타레저,120404.0
202410,강원특별자치도,문화서비스,7697.0
202410,강원특별자치도,의료관광,162674.0
202410,강원특별자치도,뷰티,53441.0
202410,강원특별자치도,일반외식업,2005878.0
202410,강원특별자치도,제과음료업,309567.0
202410,전북특별자치도,관광총소비,4236919.0
202410,전북특별자치도,호텔,123236.0
202410,전북특별자치도,콘도,3149.0
202410,전북특별자치도,캠핑장/펜션,2559.0
202410,전북특별자치도,기타숙박,571653.0
202410,전북특별자치도,여행업,3563.0
202410,전북특별자치도,육상운송,91096.0
202410,전북특별자치도,수상운송,60.0
202410,전북특별자치도,렌터카,6778.0
202410,전북특별자치도,기타관광쇼핑,772449.0
202410,전북특별자치도,레저용품쇼핑,83594.0
202410,전북특별자치도,대형쇼핑몰,748636.0
202410,전북특별자치도,관광유원시설,3128.0
202410,전북특별자치도,골프장,39725.0
202410,전북특별자치도,기타레저,36176.0
202410,전북특별자치도,문화서비스,6620.0
202410,전북특별자치도,의료관광,185507.0
202410,전북특별자치도,뷰티,91300.0
202410,전북특별자치도,일반외식업,1242663.0
202410,전북특별자치도,제과음료업,225025.0
202410,기타(지역 미분류),관광총소비,3.0257275E8
202410,기타(지역 미분류),호텔,9.761575E7
202410,기타(지역 미분류),콘도,2993952.0
202410,기타(지역 미분류),캠핑장/펜션,232006.0
202410,기타(지역 미분류),기타숙박,3.7797905E7
202410,기타(지역 미분류),여행업,1458415.0
202410,기타(지역 미분류),육상운송,1.9483812E7
202410,기타(지역 미분류),수상운송,11174.0
202410,기타(지역 미분류),항공운송,6.5243629E7
202410,기타(지역 미분류),렌터카,807896.0
202410,기타(지역 미분류),면세점,2.6219051E7
202410,기타(지역 미분류),기타관광쇼핑,127595.0
202410,기타(지역 미분류),레저용품쇼핑,1597019.0
202410,기타(지역 미분류),관광유원시설,423910.0
202410,기타(지역 미분류),골프장,1663015.0
202410,기타(지역 미분류),기타레저,298229.0
202410,기타(지역 미분류),문화서비스,1011139.0
202410,기타(지역 미분류),의료관광,2.0384172E7
202410,기타(지역 미분류),뷰티,1847915.0
202410,기타(지역 미분류),일반외식업,1.8685091E7
202410,기타(지역 미분류),제과음료업,4671073.0
202411,서울특별시,관광총소비,7.38907586E8
202411,서울특별시,호텔,8.6131067E7
202411,서울특별시,콘도,98523.0
202411,서울특별시,캠핑장/펜션,143933.0
202411,서울특별시,기타숙박,1.8702272E7
202411,서울특별시,여행업,848476.0
202411,서울특별시,육상운송,1.6011528E7
202411,서울특별시,수상운송,25900.0
202411,서울특별시,항공운송,2143887.0
202411,서울특별시,렌터카,118846.0
202411,서울특별시,면세점,2.8992871E7
202411,서울특별시,기타관광쇼핑,1.42687918E8
202411,서울특별시,레저용품쇼핑,1.2603665E7
202411,서울특별시,대형쇼핑몰,1.53625083E8
202411,서울특별시,카지노,3.3536112E7
202411,서울특별시,관광유원시설,13629.0
202411,서울특별시,골프장,266967.0
202411,서울특별시,기타레저,2237969.0
202411,서울특별시,문화서비스,1053839.0
202411,서울특별시,의료관광,1.03387294E8
202411,서울특별시,뷰티,3.5559319E7
202411,서울특별시,일반외식업,8.1698315E7
202411,서울특별시,제과음료업,1.9020175E7
202411,부산광역시,관광총소비,7.390847E7
202411,부산광역시,호텔,4658523.0
202411,부산광역시,캠핑장/펜션,11075.0
202411,부산광역시,기타숙박,3136905.0
202411,부산광역시,여행업,8552.0
202411,부산광역시,육상운송,490367.0
202411,부산광역시,수상운송,40998.0
202411,부산광역시,항공운송,6293.0
202411,부산광역시,렌터카,17765.0
202411,부산광역시,면세점,3362328.0
202411,부산광역시,기타관광쇼핑,8110223.0
202411,부산광역시,레저용품쇼핑,375717.0
202411,부산광역시,대형쇼핑몰,2.5198327E7
202411,부산광역시,카지노,8985350.0
202411,부산광역시,관광유원시설,156146.0
202411,부산광역시,골프장,43401.0
202411,부산광역시,기타레저,411954.0
202411,부산광역시,문화서비스,36713.0
202411,부산광역시,의료관광,3305112.0
202411,부산광역시,뷰티,2331205.0
202411,부산광역시,일반외식업,1.170731E7
202411,부산광역시,제과음료업,1514206.0
202411,대구광역시,관광총소비,6230394.0
202411,대구광역시,호텔,537508.0
202411,대구광역시,콘도,67.0
202411,대구광역시,캠핑장/펜션,516.0
202411,대구광역시,기타숙박,360536.0
202411,대구광역시,여행업,7215.0
202411,대구광역시,육상운송,84610.0
202411,대구광역시,항공운송,92342.0
202411,대구광역시,렌터카,4648.0
202411,대구광역시,기타관광쇼핑,1013239.0
202411,대구광역시,레저용품쇼핑,211592.0
202411,대구광역시,대형쇼핑몰,1161568.0
202411,대구광역시,관광유원시설,62774.0
202411,대구광역시,골프장,19868.0
202411,대구광역시,기타레저,66276.0
202411,대구광역시,문화서비스,8153.0
202411,대구광역시,의료관광,726943.0
202411,대구광역시,뷰티,115849.0
202411,대구광역시,일반외식업,1518150.0
202411,대구광역시,제과음료업,238539.0
202411,인천광역시,관광총소비,8.2197829E7
202411,인천광역시,호텔,3.8006782E7
202411,인천광역시,캠핑장/펜션,14526.0
202411,인천광역시,기타숙박,863331.0
202411,인천광역시,여행업,5894.0
202411,인천광역시,육상운송,549503.0
202411,인천광역시,수상운송,246.0
202411,인천광역시,항공운송,27731.0
202411,인천광역시,렌터카,645302.0
202411,인천광역시,면세점,2.3594476E7
202411,인천광역시,기타관광쇼핑,3905249.0
202411,인천광역시,레저용품쇼핑,135770.0
202411,인천광역시,대형쇼핑몰,4419152.0
202411,인천광역시,관광유원시설,12125.0
202411,인천광역시,골프장,26046.0
202411,인천광역시,기타레저,136382.0
202411,인천광역시,문화서비스,7322.0
202411,인천광역시,의료관광,1556580.0
202411,인천광역시,뷰티,382313.0
202411,인천광역시,일반외식업,5025982.0
202411,인천광역시,제과음료업,2883115.0
202411,광주광역시,관광총소비,3110664.0
202411,광주광역시,호텔,59338.0
202411,광주광역시,캠핑장/펜션,380.0
202411,광주광역시,기타숙박,351235.0
202411,광주광역시,육상운송,22783.0
202411,광주광역시,렌터카,1480.0
202411,광주광역시,기타관광쇼핑,594820.0
202411,광주광역시,레저용품쇼핑,117623.0
202411,광주광역시,대형쇼핑몰,727302.0
202411,광주광역시,관광유원시설,152.0
202411,광주광역시,골프장,2126.0
202411,광주광역시,기타레저,28065.0
202411,광주광역시,문화서비스,38548.0
202411,광주광역시,의료관광,134281.0
202411,광주광역시,뷰티,57263.0
202411,광주광역시,일반외식업,833714.0
202411,광주광역시,제과음료업,141556.0
202411,대전광역시,관광총소비,5060293.0
202411,대전광역시,호텔,428831.0
202411,대전광역시,캠핑장/펜션,98.0
202411,대전광역시,기타숙박,407106.0
202411,대전광역시,여행업,7739.0
202411,대전광역시,육상운송,1403990.0
202411,대전광역시,수상운송,204.0
202411,대전광역시,렌터카,2103.0
202411,대전광역시,기타관광쇼핑,515689.0
202411,대전광역시,레저용품쇼핑,34940.0
202411,대전광역시,대형쇼핑몰,904489.0
202411,대전광역시,관광유원시설,1979.0
202411,대전광역시,골프장,2453.0
202411,대전광역시,기타레저,43598.0
202411,대전광역시,문화서비스,7164.0
202411,대전광역시,의료관광,266689.0
202411,대전광역시,뷰티,75329.0
202411,대전광역시,일반외식업,807940.0
202411,대전광역시,제과음료업,149953.0
202411,울산광역시,관광총소비,2028924.0
202411,울산광역시,호텔,590747.0
202411,울산광역시,캠핑장/펜션,2016.0
202411,울산광역시,기타숙박,93702.0
202411,울산광역시,여행업,542.0
202411,울산광역시,육상운송,25818.0
202411,울산광역시,렌터카,1202.0
202411,울산광역시,기타관광쇼핑,254587.0
202411,울산광역시,레저용품쇼핑,9510.0
202411,울산광역시,대형쇼핑몰,412110.0
202411,울산광역시,골프장,7074.0
202411,울산광역시,기타레저,36682.0
202411,울산광역시,문화서비스,477.0
202411,울산광역시,의료관광,82701.0
202411,울산광역시,뷰티,21979.0
202411,울산광역시,일반외식업,448428.0
202411,울산광역시,제과음료업,41350.0
202411,세종특별자치시,관광총소비,605730.0
202411,세종특별자치시,기타숙박,201638.0
202411,세종특별자치시,육상운송,9041.0
202411,세종특별자치시,기타관광쇼핑,94132.0
202411,세종특별자치시,레저용품쇼핑,1755.0
202411,세종특별자치시,대형쇼핑몰,19198.0
202411,세종특별자치시,골프장,9540.0
202411,세종특별자치시,기타레저,11383.0
202411,세종특별자치시,문화서비스,216.0
202411,세종특별자치시,의료관광,44095.0
202411,세종특별자치시,뷰티,8849.0
202411,세종특별자치시,일반외식업,183852.0
202411,세종특별자치시,제과음료업,22031.0
202411,경기도,관광총소비,8.1652475E7
202411,경기도,호텔,4624306.0
202411,경기도,콘도,29965.0
202411,경기도,캠핑장/펜션,16863.0
202411,경기도,기타숙박,8901935.0
202411,경기도,여행업,72798.0
202411,경기도,육상운송,1984936.0
202411,경기도,수상운송,34873.0
202411,경기도,렌터카,470571.0
202411,경기도,기타관광쇼핑,1.3779389E7
202411,경기도,레저용품쇼핑,4372525.0
202411,경기도,대형쇼핑몰,2.0172809E7
202411,경기도,관광유원시설,647586.0
202411,경기도,골프장,990159.0
202411,경기도,스키장,8.0
202411,경기도,기타레저,845446.0
202411,경기도,문화서비스,197400.0
202411,경기도,의료관광,4863572.0
202411,경기도,뷰티,2160988.0
202411,경기도,일반외식업,1.562606E7
202411,경기도,제과음료업,1860286.0
202411,충청북도,관광총소비,3619242.0
202411,충청북도,호텔,85041.0
202411,충청북도,콘도,572.0
202411,충청북도,캠핑장/펜션,4677.0
202411,충청북도,기타숙박,445663.0
202411,충청북도,여행업,75.0
202411,충청북도,육상운송,84626.0
202411,충청북도,수상운송,231.0
202411,충청북도,항공운송,13359.0
202411,충청북도,렌터카,6824.0
202411,충청북도,면세점,16202.0
202411,충청북도,기타관광쇼핑,757171.0
202411,충청북도,레저용품쇼핑,49869.0
202411,충청북도,대형쇼핑몰,591376.0
202411,충청북도,관광유원시설,6147.0
202411,충청북도,골프장,95068.0
202411,충청북도,기타레저,33490.0
202411,충청북도,문화서비스,567.0
202411,충청북도,의료관광,105756.0
202411,충청북도,뷰티,59193.0
202411,충청북도,일반외식업,1118815.0
202411,충청북도,제과음료업,144521.0
202411,충청남도,관광총소비,3903128.0
202411,충청남도,호텔,49404.0
202411,충청남도,콘도,32919.0
202411,충청남도,캠핑장/펜션,8508.0
202411,충청남도,기타숙박,508057.0
202411,충청남도,여행업,200.0
202411,충청남도,육상운송,158309.0
202411,충청남도,수상운송,26.0
202411,충청남도,렌터카,4931.0
202411,충청남도,기타관광쇼핑,1003486.0
202411,충청남도,레저용품쇼핑,45889.0
202411,충청남도,대형쇼핑몰,546280.0
202411,충청남도,관광유원시설,1176.0
202411,충청남도,골프장,25514.0
202411,충청남도,기타레저,49183.0
202411,충청남도,문화서비스,1227.0
202411,충청남도,의료관광,234250.0
202411,충청남도,뷰티,66013.0
202411,충청남도,일반외식업,1019523.0
202411,충청남도,제과음료업,148233.0
202411,전라남도,관광총소비,2395345.0
202411,전라남도,호텔,144795.0
202411,전라남도,콘도,9414.0
202411,전라남도,캠핑장/펜션,4097.0
202411,전라남도,기타숙박,329906.0
202411,전라남도,여행업,2992.0
202411,전라남도,육상운송,65419.0
202411,전라남도,수상운송,766.0
202411,전라남도,렌터카,25656.0
202411,전라남도,기타관광쇼핑,469175.0
202411,전라남도,레저용품쇼핑,35069.0
202411,전라남도,대형쇼핑몰,407132.0
202411,전라남도,관광유원시설,609.0
202411,전라남도,골프장,45100.0
202411,전라남도,기타레저,37058.0
202411,전라남도,문화서비스,2335.0
202411,전라남도,의료관광,75313.0
202411,전라남도,뷰티,45464.0
202411,전라남도,일반외식업,612301.0
202411,전라남도,제과음료업,82743.0
202411,경상북도,관광총소비,6841032.0
202411,경상북도,호텔,622388.0
202411,경상북도,콘도,5938.0
202411,경상북도,캠핑장/펜션,22658.0
202411,경상북도,기타숙박,414968.0
202411,경상북도,여행업,1250.0
202411,경상북도,육상운송,172888.0
202411,경상북도,수상운송,129.0
202411,경상북도,렌터카,30399.0
202411,경상북도,기타관광쇼핑,1699795.0
202411,경상북도,레저용품쇼핑,87398.0
202411,경상북도,대형쇼핑몰,297714.0
202411,경상북도,관광유원시설,3753.0
202411,경상북도,골프장,234139.0
202411,경상북도,기타레저,55994.0
202411,경상북도,문화서비스,4688.0
202411,경상북도,의료관광,156612.0
202411,경상북도,뷰티,136927.0
202411,경상북도,일반외식업,2547430.0
202411,경상북도,제과음료업,345964.0
202411,경상남도,관광총소비,5792061.0
202411,경상남도,호텔,531037.0
202411,경상남도,콘도,8226.0
202411,경상남도,캠핑장/펜션,1778.0
202411,경상남도,기타숙박,920651.0
202411,경상남도,여행업,12662.0
202411,경상남도,육상운송,138591.0
202411,경상남도,수상운송,157.0
202411,경상남도,렌터카,20443.0
202411,경상남도,기타관광쇼핑,643319.0
202411,경상남도,레저용품쇼핑,151057.0
202411,경상남도,대형쇼핑몰,1299260.0
202411,경상남도,관광유원시설,2244.0
202411,경상남도,골프장,121964.0
202411,경상남도,기타레저,41855.0
202411,경상남도,문화서비스,3715.0
202411,경상남도,의료관광,188903.0
202411,경상남도,뷰티,73419.0
202411,경상남도,일반외식업,1487004.0
202411,경상남도,제과음료업,145777.0
202411,제주특별자치도,관광총소비,2.4548774E7
202411,제주특별자치도,호텔,1413912.0
202411,제주특별자치도,콘도,1358086.0
202411,제주특별자치도,캠핑장/펜션,9701.0
202411,제주특별자치도,기타숙박,763811.0
202411,제주특별자치도,여행업,37471.0
202411,제주특별자치도,육상운송,347338.0
202411,제주특별자치도,수상운송,10243.0
202411,제주특별자치도,항공운송,13126.0
202411,제주특별자치도,렌터카,1354201.0
202411,제주특별자치도,면세점,2131255.0
202411,제주특별자치도,기타관광쇼핑,5719653.0
202411,제주특별자치도,레저용품쇼핑,561728.0
202411,제주특별자치도,대형쇼핑몰,1757067.0
202411,제주특별자치도,관광유원시설,46171.0
202411,제주특별자치도,골프장,184447.0
202411,제주특별자치도,기타레저,195754.0
202411,제주특별자치도,문화서비스,170458.0
202411,제주특별자치도,의료관광,1578979.0
202411,제주특별자치도,뷰티,294685.0
202411,제주특별자치도,일반외식업,5438018.0
202411,제주특별자치도,제과음료업,1162669.0
202411,강원특별자치도,관광총소비,4071134.0
202411,강원특별자치도,호텔,245090.0
202411,강원특별자치도,콘도,116583.0
202411,강원특별자치도,캠핑장/펜션,60404.0
202411,강원특별자치도,기타숙박,438721.0
202411,강원특별자치도,여행업,4804.0
202411,강원특별자치도,육상운송,115785.0
202411,강원특별자치도,수상운송,993.0
202411,강원특별자치도,렌터카,4351.0
202411,강원특별자치도,면세점,159.0
202411,강원특별자치도,기타관광쇼핑,952511.0
202411,강원특별자치도,레저용품쇼핑,63329.0
202411,강원특별자치도,대형쇼핑몰,291885.0
202411,강원특별자치도,관광유원시설,14104.0
202411,강원특별자치도,골프장,178312.0
202411,강원특별자치도,스키장,379.0
202411,강원특별자치도,기타레저,59511.0
202411,강원특별자치도,문화서비스,4341.0
202411,강원특별자치도,의료관광,113995.0
202411,강원특별자치도,뷰티,39204.0
202411,강원특별자치도,일반외식업,1196281.0
202411,강원특별자치도,제과음료업,170393.0
202411,전북특별자치도,관광총소비,3711366.0
202411,전북특별자치도,호텔,37902.0
202411,전북특별자치도,콘도,1326.0
202411,전북특별자치도,캠핑장/펜션,2415.0
202411,전북특별자치도,기타숙박,435976.0
202411,전북특별자치도,여행업,2732.0
202411,전북특별자치도,육상운송,80385.0
202411,전북특별자치도,수상운송,1341.0
202411,전북특별자치도,렌터카,5774.0
202411,전북특별자치도,기타관광쇼핑,710225.0
202411,전북특별자치도,레저용품쇼핑,124651.0
202411,전북특별자치도,대형쇼핑몰,679758.0
202411,전북특별자치도,관광유원시설,220.0
202411,전북특별자치도,골프장,23893.0
202411,전북특별자치도,기타레저,37455.0
202411,전북특별자치도,문화서비스,5763.0
202411,전북특별자치도,의료관광,163901.0
202411,전북특별자치도,뷰티,71963.0
202411,전북특별자치도,일반외식업,1144657.0
202411,전북특별자치도,제과음료업,181029.0
202411,기타(지역 미분류),관광총소비,2.64779104E8
202411,기타(지역 미분류),호텔,8.1550348E7
202411,기타(지역 미분류),콘도,2345383.0
202411,기타(지역 미분류),캠핑장/펜션,133119.0
202411,기타(지역 미분류),기타숙박,3.0437126E7
202411,기타(지역 미분류),여행업,936701.0
202411,기타(지역 미분류),육상운송,1.5707825E7
202411,기타(지역 미분류),수상운송,2437.0
202411,기타(지역 미분류),항공운송,6.2378458E7
202411,기타(지역 미분류),렌터카,720099.0
202411,기타(지역 미분류),면세점,2.5675653E7
202411,기타(지역 미분류),기타관광쇼핑,108462.0
202411,기타(지역 미분류),레저용품쇼핑,1039282.0
202411,기타(지역 미분류),관광유원시설,235469.0
202411,기타(지역 미분류),골프장,1147901.0
202411,기타(지역 미분류),기타레저,256408.0
202411,기타(지역 미분류),문화서비스,862597.0
202411,기타(지역 미분류),의료관광,1.9395331E7
202411,기타(지역 미분류),뷰티,1518701.0
202411,기타(지역 미분류),일반외식업,1.6478882E7
202411,기타(지역 미분류),제과음료업,3848924.0
202412,서울특별시,관광총소비,7.18592801E8
202412,서울특별시,호텔,7.8159726E7
202412,서울특별시,콘도,153714.0
202412,서울특별시,캠핑장/펜션,129071.0
202412,서울특별시,기타숙박,1.636796E7
202412,서울특별시,여행업,640456.0
202412,서울특별시,육상운송,1.4377909E7
202412,서울특별시,수상운송,15779.0
202412,서울특별시,항공운송,2202556.0
202412,서울특별시,렌터카,156157.0
202412,서울특별시,면세점,2.9408419E7
202412,서울특별시,기타관광쇼핑,1.36904696E8
202412,서울특별시,레저용품쇼핑,1.1994476E7
202412,서울특별시,대형쇼핑몰,1.66960166E8
202412,서울특별시,카지노,2.9672014E7
202412,서울특별시,관광유원시설,14121.0
202412,서울특별시,골프장,281993.0
202412,서울특별시,기타레저,2222494.0
202412,서울특별시,문화서비스,1160287.0
202412,서울특별시,의료관광,9.8334932E7
202412,서울특별시,뷰티,3.1328537E7
202412,서울특별시,일반외식업,8.0453043E7
202412,서울특별시,제과음료업,1.7654293E7
202412,부산광역시,관광총소비,6.7707675E7
202412,부산광역시,호텔,2698736.0
202412,부산광역시,캠핑장/펜션,9015.0
202412,부산광역시,기타숙박,2502982.0
202412,부산광역시,여행업,5822.0
202412,부산광역시,육상운송,378332.0
202412,부산광역시,수상운송,37228.0
202412,부산광역시,항공운송,5020.0
202412,부산광역시,렌터카,11881.0
202412,부산광역시,면세점,3386502.0
202412,부산광역시,기타관광쇼핑,6890265.0
202412,부산광역시,레저용품쇼핑,372364.0
202412,부산광역시,대형쇼핑몰,2.6115279E7
202412,부산광역시,카지노,8301100.0
202412,부산광역시,관광유원시설,165636.0
202412,부산광역시,골프장,29191.0
202412,부산광역시,기타레저,355973.0
202412,부산광역시,문화서비스,26799.0
202412,부산광역시,의료관광,3733921.0
202412,부산광역시,뷰티,1812161.0
202412,부산광역시,일반외식업,9637064.0
202412,부산광역시,제과음료업,1232403.0
202412,대구광역시,관광총소비,5906279.0
202412,대구광역시,호텔,417521.0
202412,대구광역시,콘도,36.0
202412,대구광역시,캠핑장/펜션,151.0
202412,대구광역시,기타숙박,278131.0
202412,대구광역시,여행업,24663.0
202412,대구광역시,육상운송,86170.0
202412,대구광역시,항공운송,115131.0
202412,대구광역시,렌터카,11595.0
202412,대구광역시,기타관광쇼핑,934078.0
202412,대구광역시,레저용품쇼핑,207328.0
202412,대구광역시,대형쇼핑몰,1157398.0
202412,대구광역시,관광유원시설,42280.0
202412,대구광역시,골프장,13016.0
202412,대구광역시,기타레저,82203.0
202412,대구광역시,문화서비스,7202.0
202412,대구광역시,의료관광,767322.0
202412,대구광역시,뷰티,155547.0
202412,대구광역시,일반외식업,1343040.0
202412,대구광역시,제과음료업,263468.0
202412,인천광역시,관광총소비,7.7170659E7
202412,인천광역시,호텔,3.4640645E7
202412,인천광역시,캠핑장/펜션,10521.0
202412,인천광역시,기타숙박,587208.0
202412,인천광역시,여행업,28888.0
202412,인천광역시,육상운송,585987.0
202412,인천광역시,수상운송,20.0
202412,인천광역시,항공운송,5322.0
202412,인천광역시,렌터카,616878.0
202412,인천광역시,면세점,2.2381122E7
202412,인천광역시,기타관광쇼핑,3707658.0
202412,인천광역시,레저용품쇼핑,137439.0
202412,인천광역시,대형쇼핑몰,4584024.0
202412,인천광역시,관광유원시설,8903.0
202412,인천광역시,골프장,14294.0
202412,인천광역시,기타레저,123922.0
202412,인천광역시,문화서비스,6038.0
202412,인천광역시,의료관광,1644680.0
202412,인천광역시,뷰티,404750.0
202412,인천광역시,일반외식업,4806612.0
202412,인천광역시,제과음료업,2875746.0
202412,광주광역시,관광총소비,2479525.0
202412,광주광역시,호텔,45586.0
202412,광주광역시,기타숙박,213992.0
202412,광주광역시,육상운송,17180.0
202412,광주광역시,렌터카,768.0
202412,광주광역시,기타관광쇼핑,450102.0
202412,광주광역시,레저용품쇼핑,37133.0
202412,광주광역시,대형쇼핑몰,714318.0
202412,광주광역시,관광유원시설,261.0
202412,광주광역시,골프장,1507.0
202412,광주광역시,기타레저,25547.0
202412,광주광역시,문화서비스,46165.0
202412,광주광역시,의료관광,188854.0
202412,광주광역시,뷰티,66632.0
202412,광주광역시,일반외식업,574813.0
202412,광주광역시,제과음료업,96666.0
202412,대전광역시,관광총소비,4329561.0
202412,대전광역시,호텔,244539.0
202412,대전광역시,캠핑장/펜션,115.0
202412,대전광역시,기타숙박,353503.0
202412,대전광역시,육상운송,1068234.0
202412,대전광역시,렌터카,814.0
202412,대전광역시,기타관광쇼핑,450838.0
202412,대전광역시,레저용품쇼핑,46845.0
202412,대전광역시,대형쇼핑몰,993619.0
202412,대전광역시,관광유원시설,1228.0
202412,대전광역시,골프장,3361.0
202412,대전광역시,기타레저,33504.0
202412,대전광역시,문화서비스,2848.0
202412,대전광역시,의료관광,213283.0
202412,대전광역시,뷰티,69312.0
202412,대전광역시,일반외식업,705767.0
202412,대전광역시,제과음료업,141751.0
202412,울산광역시,관광총소비,1732940.0
202412,울산광역시,호텔,474436.0
202412,울산광역시,캠핑장/펜션,80.0
202412,울산광역시,기타숙박,65281.0
202412,울산광역시,여행업,851.0
202412,울산광역시,육상운송,30500.0
202412,울산광역시,렌터카,1478.0
202412,울산광역시,면세점,1500.0
202412,울산광역시,기타관광쇼핑,241639.0
202412,울산광역시,레저용품쇼핑,13161.0
202412,울산광역시,대형쇼핑몰,406120.0
202412,울산광역시,관광유원시설,31.0
202412,울산광역시,골프장,6354.0
202412,울산광역시,기타레저,9422.0
202412,울산광역시,문화서비스,299.0
202412,울산광역시,의료관광,73518.0
202412,울산광역시,뷰티,23603.0
202412,울산광역시,일반외식업,345648.0
202412,울산광역시,제과음료업,39018.0
202412,세종특별자치시,관광총소비,518324.0
202412,세종특별자치시,캠핑장/펜션,40.0
202412,세종특별자치시,기타숙박,87449.0
202412,세종특별자치시,육상운송,10197.0
202412,세종특별자치시,기타관광쇼핑,107106.0
202412,세종특별자치시,레저용품쇼핑,11943.0
202412,세종특별자치시,대형쇼핑몰,31791.0
202412,세종특별자치시,관광유원시설,8.0
202412,세종특별자치시,골프장,2449.0
202412,세종특별자치시,기타레저,5342.0
202412,세종특별자치시,문화서비스,399.0
202412,세종특별자치시,의료관광,59840.0
202412,세종특별자치시,뷰티,8867.0
202412,세종특별자치시,일반외식업,169643.0
202412,세종특별자치시,제과음료업,23250.0
202412,경기도,관광총소비,7.8063554E7
202412,경기도,호텔,3563372.0
202412,경기도,콘도,33383.0
202412,경기도,캠핑장/펜션,32867.0
202412,경기도,기타숙박,6769134.0
202412,경기도,여행업,88638.0
202412,경기도,육상운송,1851509.0
202412,경기도,수상운송,3433.0
202412,경기도,렌터카,487144.0
202412,경기도,기타관광쇼핑,1.2998399E7
202412,경기도,레저용품쇼핑,4814346.0
202412,경기도,대형쇼핑몰,2.2247391E7
202412,경기도,관광유원시설,698484.0
202412,경기도,골프장,195016.0
202412,경기도,스키장,869.0
202412,경기도,기타레저,909586.0
202412,경기도,문화서비스,189377.0
202412,경기도,의료관광,4687045.0
202412,경기도,뷰티,2584163.0
202412,경기도,일반외식업,1.4178621E7
202412,경기도,제과음료업,1730776.0
202412,충청북도,관광총소비,2936735.0
202412,충청북도,호텔,27613.0
202412,충청북도,콘도,296.0
202412,충청북도,캠핑장/펜션,36249.0
202412,충청북도,기타숙박,349952.0
202412,충청북도,육상운송,70761.0
202412,충청북도,수상운송,19.0
202412,충청북도,항공운송,7691.0
202412,충청북도,렌터카,3938.0
202412,충청북도,면세점,6951.0
202412,충청북도,기타관광쇼핑,650973.0
202412,충청북도,레저용품쇼핑,45173.0
202412,충청북도,대형쇼핑몰,405884.0
202412,충청북도,관광유원시설,1291.0
202412,충청북도,골프장,13227.0
202412,충청북도,기타레저,26675.0
202412,충청북도,문화서비스,511.0
202412,충청북도,의료관광,173287.0
202412,충청북도,뷰티,45928.0
202412,충청북도,일반외식업,952565.0
202412,충청북도,제과음료업,117750.0
202412,충청남도,관광총소비,3798273.0
202412,충청남도,호텔,21478.0
202412,충청남도,콘도,26380.0
202412,충청남도,캠핑장/펜션,477.0
202412,충청남도,기타숙박,575268.0
202412,충청남도,여행업,450.0
202412,충청남도,육상운송,149575.0
202412,충청남도,렌터카,9751.0
202412,충청남도,기타관광쇼핑,951363.0
202412,충청남도,레저용품쇼핑,62066.0
202412,충청남도,대형쇼핑몰,548586.0
202412,충청남도,관광유원시설,2604.0
202412,충청남도,골프장,9070.0
202412,충청남도,기타레저,58592.0
202412,충청남도,문화서비스,1695.0
202412,충청남도,의료관광,221355.0
202412,충청남도,뷰티,61264.0
202412,충청남도,일반외식업,964919.0
202412,충청남도,제과음료업,133381.0
202412,전라남도,관광총소비,1944433.0
202412,전라남도,호텔,76874.0
202412,전라남도,콘도,7421.0
202412,전라남도,캠핑장/펜션,1866.0
202412,전라남도,기타숙박,211515.0
202412,전라남도,여행업,90.0
202412,전라남도,육상운송,56262.0
202412,전라남도,수상운송,93.0
202412,전라남도,렌터카,20798.0
202412,전라남도,면세점,901.0
202412,전라남도,기타관광쇼핑,393388.0
202412,전라남도,레저용품쇼핑,31085.0
202412,전라남도,대형쇼핑몰,392064.0
202412,전라남도,관광유원시설,202.0
202412,전라남도,골프장,26139.0
202412,전라남도,기타레저,29557.0
202412,전라남도,문화서비스,1164.0
202412,전라남도,의료관광,62726.0
202412,전라남도,뷰티,86779.0
202412,전라남도,일반외식업,476572.0
202412,전라남도,제과음료업,68938.0
202412,경상북도,관광총소비,5301059.0
202412,경상북도,호텔,466506.0
202412,경상북도,콘도,7475.0
202412,경상북도,캠핑장/펜션,12833.0
202412,경상북도,기타숙박,319756.0
202412,경상북도,여행업,66929.0
202412,경상북도,육상운송,158524.0
202412,경상북도,렌터카,21454.0
202412,경상북도,기타관광쇼핑,1191058.0
202412,경상북도,레저용품쇼핑,49678.0
202412,경상북도,대형쇼핑몰,366521.0
202412,경상북도,관광유원시설,2232.0
202412,경상북도,골프장,161919.0
202412,경상북도,기타레저,47960.0
202412,경상북도,문화서비스,3989.0
202412,경상북도,의료관광,160006.0
202412,경상북도,뷰티,116130.0
202412,경상북도,일반외식업,1905312.0
202412,경상북도,제과음료업,242775.0
202412,경상남도,관광총소비,5323921.0
202412,경상남도,호텔,451837.0
202412,경상남도,콘도,1018.0
202412,경상남도,캠핑장/펜션,1092.0
202412,경상남도,기타숙박,688509.0
202412,경상남도,육상운송,123300.0
202412,경상남도,수상운송,184.0
202412,경상남도,렌터카,10607.0
202412,경상남도,기타관광쇼핑,583194.0
202412,경상남도,레저용품쇼핑,135434.0
202412,경상남도,대형쇼핑몰,1346169.0
202412,경상남도,관광유원시설,2133.0
202412,경상남도,골프장,55124.0
202412,경상남도,기타레저,33643.0
202412,경상남도,문화서비스,3054.0
202412,경상남도,의료관광,254462.0
202412,경상남도,뷰티,86755.0
202412,경상남도,일반외식업,1421543.0
202412,경상남도,제과음료업,125861.0
202412,제주특별자치도,관광총소비,2.3706012E7
202412,제주특별자치도,호텔,986708.0
202412,제주특별자치도,콘도,805215.0
202412,제주특별자치도,캠핑장/펜션,6587.0
202412,제주특별자치도,기타숙박,597477.0
202412,제주특별자치도,여행업,11001.0
202412,제주특별자치도,육상운송,303567.0
202412,제주특별자치도,수상운송,8073.0
202412,제주특별자치도,항공운송,11686.0
202412,제주특별자치도,렌터카,1239666.0
202412,제주특별자치도,면세점,2021112.0
202412,제주특별자치도,기타관광쇼핑,6482201.0
202412,제주특별자치도,레저용품쇼핑,570520.0
202412,제주특별자치도,대형쇼핑몰,1954955.0
202412,제주특별자치도,관광유원시설,54767.0
202412,제주특별자치도,골프장,114204.0
202412,제주특별자치도,기타레저,144279.0
202412,제주특별자치도,문화서비스,158262.0
202412,제주특별자치도,의료관광,1728496.0
202412,제주특별자치도,뷰티,207178.0
202412,제주특별자치도,일반외식업,5233100.0
202412,제주특별자치도,제과음료업,1066958.0
202412,강원특별자치도,관광총소비,7847636.0
202412,강원특별자치도,호텔,2110034.0
202412,강원특별자치도,콘도,199182.0
202412,강원특별자치도,캠핑장/펜션,94845.0
202412,강원특별자치도,기타숙박,363981.0
202412,강원특별자치도,여행업,1498.0
202412,강원특별자치도,육상운송,119097.0
202412,강원특별자치도,수상운송,288.0
202412,강원특별자치도,렌터카,5179.0
202412,강원특별자치도,면세점,558.0
202412,강원특별자치도,기타관광쇼핑,1157831.0
202412,강원특별자치도,레저용품쇼핑,303177.0
202412,강원특별자치도,대형쇼핑몰,323035.0
202412,강원특별자치도,관광유원시설,36269.0
202412,강원특별자치도,골프장,773995.0
202412,강원특별자치도,스키장,224230.0
202412,강원특별자치도,기타레저,80448.0
202412,강원특별자치도,문화서비스,3839.0
202412,강원특별자치도,의료관광,110422.0
202412,강원특별자치도,뷰티,61474.0
202412,강원특별자치도,일반외식업,1657737.0
202412,강원특별자치도,제과음료업,220518.0
202412,전북특별자치도,관광총소비,3139191.0
202412,전북특별자치도,호텔,23007.0
202412,전북특별자치도,콘도,634.0
202412,전북특별자치도,캠핑장/펜션,573.0
202412,전북특별자치도,기타숙박,376691.0
202412,전북특별자치도,여행업,5880.0
202412,전북특별자치도,육상운송,65728.0
202412,전북특별자치도,수상운송,2963.0
202412,전북특별자치도,렌터카,3630.0
202412,전북특별자치도,기타관광쇼핑,616607.0
202412,전북특별자치도,레저용품쇼핑,90399.0
202412,전북특별자치도,대형쇼핑몰,672957.0
202412,전북특별자치도,관광유원시설,82.0
202412,전북특별자치도,골프장,8737.0
202412,전북특별자치도,기타레저,22944.0
202412,전북특별자치도,문화서비스,3522.0
202412,전북특별자치도,의료관광,122879.0
202412,전북특별자치도,뷰티,74813.0
202412,전북특별자치도,일반외식업,899238.0
202412,전북특별자치도,제과음료업,147907.0
202412,기타(지역 미분류),관광총소비,2.74753144E8
202412,기타(지역 미분류),호텔,8.0592401E7
202412,기타(지역 미분류),콘도,2351261.0
202412,기타(지역 미분류),캠핑장/펜션,106165.0
202412,기타(지역 미분류),기타숙박,2.9522773E7
202412,기타(지역 미분류),여행업,970795.0
202412,기타(지역 미분류),육상운송,1.5629284E7
202412,기타(지역 미분류),수상운송,3244.0
202412,기타(지역 미분류),항공운송,7.7228347E7
202412,기타(지역 미분류),렌터카,559908.0
202412,기타(지역 미분류),면세점,2.5077928E7
202412,기타(지역 미분류),기타관광쇼핑,103640.0
202412,기타(지역 미분류),레저용품쇼핑,1101328.0
202412,기타(지역 미분류),관광유원시설,291973.0
202412,기타(지역 미분류),골프장,1160456.0
202412,기타(지역 미분류),기타레저,283289.0
202412,기타(지역 미분류),문화서비스,949324.0
202412,기타(지역 미분류),의료관광,1.8922023E7
202412,기타(지역 미분류),뷰티,1430052.0
202412,기타(지역 미분류),일반외식업,1.5106744E7
202412,기타(지역 미분류),제과음료업,3362210.0
