기준년월,지자체,KTO업종중분류명,소비액(천원)
202301,서울특별시,관광총소비,2.3370824E8
202301,서울특별시,호텔,2.9905142E7
202301,서울특별시,콘도,98555.0
202301,서울특별시,캠핑장/펜션,69054.0
202301,서울특별시,기타숙박,5610082.0
202301,서울특별시,여행업,282800.0
202301,서울특별시,육상운송,7055520.0
202301,서울특별시,수상운송,12632.0
202301,서울특별시,항공운송,930417.0
202301,서울특별시,렌터카,76121.0
202301,서울특별시,면세점,8271747.0
202301,서울특별시,기타관광쇼핑,3.7349053E7
202301,서울특별시,레저용품쇼핑,3960807.0
202301,서울특별시,대형쇼핑몰,5.5283762E7
202301,서울특별시,카지노,2.5081844E7
202301,서울특별시,관광유원시설,7565.0
202301,서울특별시,골프장,59419.0
202301,서울특별시,기타레저,933774.0
202301,서울특별시,문화서비스,482017.0
202301,서울특별시,의료관광,1.9772411E7
202301,서울특별시,뷰티,8261474.0
202301,서울특별시,일반외식업,2.5343288E7
202301,서울특별시,제과음료업,4860758.0
202301,부산광역시,관광총소비,2.299114E7
202301,부산광역시,호텔,1656357.0
202301,부산광역시,캠핑장/펜션,1846.0
202301,부산광역시,기타숙박,916042.0
202301,부산광역시,여행업,366.0
202301,부산광역시,육상운송,140299.0
202301,부산광역시,수상운송,7894.0
202301,부산광역시,항공운송,12378.0
202301,부산광역시,렌터카,11076.0
202301,부산광역시,면세점,675268.0
202301,부산광역시,기타관광쇼핑,2218249.0
202301,부산광역시,레저용품쇼핑,114109.0
202301,부산광역시,대형쇼핑몰,7624520.0
202301,부산광역시,카지노,5864800.0
202301,부산광역시,관광유원시설,89470.0
202301,부산광역시,골프장,13664.0
202301,부산광역시,기타레저,111127.0
202301,부산광역시,문화서비스,15401.0
202301,부산광역시,의료관광,639923.0
202301,부산광역시,뷰티,680882.0
202301,부산광역시,일반외식업,1917980.0
202301,부산광역시,제과음료업,279489.0
202301,대구광역시,관광총소비,3324034.0
202301,대구광역시,호텔,502798.0
202301,대구광역시,콘도,8.0
202301,대구광역시,캠핑장/펜션,475.0
202301,대구광역시,기타숙박,86580.0
202301,대구광역시,육상운송,37477.0
202301,대구광역시,항공운송,1053.0
202301,대구광역시,렌터카,4159.0
202301,대구광역시,기타관광쇼핑,396454.0
202301,대구광역시,레저용품쇼핑,75465.0
202301,대구광역시,대형쇼핑몰,1054008.0
202301,대구광역시,관광유원시설,17115.0
202301,대구광역시,골프장,3784.0
202301,대구광역시,기타레저,34203.0
202301,대구광역시,문화서비스,3829.0
202301,대구광역시,의료관광,286755.0
202301,대구광역시,뷰티,65171.0
202301,대구광역시,일반외식업,646942.0
202301,대구광역시,제과음료업,107758.0
202301,인천광역시,관광총소비,3.381468E7
202301,인천광역시,호텔,1.4835938E7
202301,인천광역시,캠핑장/펜션,4214.0
202301,인천광역시,기타숙박,397679.0
202301,인천광역시,여행업,2841.0
202301,인천광역시,육상운송,191567.0
202301,인천광역시,렌터카,271385.0
202301,인천광역시,면세점,1.0599536E7
202301,인천광역시,기타관광쇼핑,1313190.0
202301,인천광역시,레저용품쇼핑,58758.0
202301,인천광역시,대형쇼핑몰,2322888.0
202301,인천광역시,관광유원시설,3474.0
202301,인천광역시,골프장,4910.0
202301,인천광역시,기타레저,57252.0
202301,인천광역시,문화서비스,2981.0
202301,인천광역시,의료관광,788168.0
202301,인천광역시,뷰티,120760.0
202301,인천광역시,일반외식업,2062063.0
202301,인천광역시,제과음료업,777078.0
202301,광주광역시,관광총소비,1023445.0
202301,광주광역시,호텔,20322.0
202301,광주광역시,캠핑장/펜션,1003.0
202301,광주광역시,기타숙박,77749.0
202301,광주광역시,육상운송,13738.0
202301,광주광역시,렌터카,2074.0
202301,광주광역시,기타관광쇼핑,161469.0
202301,광주광역시,레저용품쇼핑,30681.0
202301,광주광역시,대형쇼핑몰,375300.0
202301,광주광역시,관광유원시설,544.0
202301,광주광역시,골프장,656.0
202301,광주광역시,기타레저,6802.0
202301,광주광역시,문화서비스,27418.0
202301,광주광역시,의료관광,91559.0
202301,광주광역시,뷰티,23398.0
202301,광주광역시,일반외식업,162664.0
202301,광주광역시,제과음료업,28067.0
202301,대전광역시,관광총소비,1969837.0
202301,대전광역시,호텔,150106.0
202301,대전광역시,캠핑장/펜션,30.0
202301,대전광역시,기타숙박,224487.0
202301,대전광역시,육상운송,619623.0
202301,대전광역시,렌터카,1604.0
202301,대전광역시,기타관광쇼핑,183218.0
202301,대전광역시,레저용품쇼핑,15951.0
202301,대전광역시,대형쇼핑몰,363111.0
202301,대전광역시,관광유원시설,434.0
202301,대전광역시,골프장,1097.0
202301,대전광역시,기타레저,9670.0
202301,대전광역시,문화서비스,4349.0
202301,대전광역시,의료관광,81493.0
202301,대전광역시,뷰티,23317.0
202301,대전광역시,일반외식업,256012.0
202301,대전광역시,제과음료업,35335.0
202301,울산광역시,관광총소비,911997.0
202301,울산광역시,호텔,240392.0
202301,울산광역시,캠핑장/펜션,60.0
202301,울산광역시,기타숙박,58389.0
202301,울산광역시,여행업,406.0
202301,울산광역시,육상운송,20842.0
202301,울산광역시,렌터카,3200.0
202301,울산광역시,기타관광쇼핑,85285.0
202301,울산광역시,레저용품쇼핑,4864.0
202301,울산광역시,대형쇼핑몰,248565.0
202301,울산광역시,관광유원시설,31.0
202301,울산광역시,골프장,8814.0
202301,울산광역시,기타레저,7302.0
202301,울산광역시,문화서비스,325.0
202301,울산광역시,의료관광,47943.0
202301,울산광역시,뷰티,15525.0
202301,울산광역시,일반외식업,155095.0
202301,울산광역시,제과음료업,14958.0
202301,세종특별자치시,관광총소비,172279.0
202301,세종특별자치시,기타숙박,260.0
202301,세종특별자치시,육상운송,5994.0
202301,세종특별자치시,기타관광쇼핑,31787.0
202301,세종특별자치시,레저용품쇼핑,1489.0
202301,세종특별자치시,대형쇼핑몰,38043.0
202301,세종특별자치시,골프장,253.0
202301,세종특별자치시,기타레저,2553.0
202301,세종특별자치시,문화서비스,855.0
202301,세종특별자치시,의료관광,12106.0
202301,세종특별자치시,뷰티,5861.0
202301,세종특별자치시,일반외식업,64741.0
202301,세종특별자치시,제과음료업,8336.0
202301,경기도,관광총소비,3.7203767E7
202301,경기도,호텔,2258089.0
202301,경기도,콘도,1155.0
202301,경기도,캠핑장/펜션,4290.0
202301,경기도,기타숙박,4055553.0
202301,경기도,여행업,27469.0
202301,경기도,육상운송,777589.0
202301,경기도,수상운송,2591.0
202301,경기도,렌터카,247612.0
202301,경기도,기타관광쇼핑,5902287.0
202301,경기도,레저용품쇼핑,1196878.0
202301,경기도,대형쇼핑몰,9738037.0
202301,경기도,관광유원시설,148398.0
202301,경기도,골프장,76013.0
202301,경기도,기타레저,358406.0
202301,경기도,문화서비스,70309.0
202301,경기도,의료관광,2562942.0
202301,경기도,뷰티,1076157.0
202301,경기도,일반외식업,7855701.0
202301,경기도,제과음료업,844290.0
202301,충청북도,관광총소비,1002710.0
202301,충청북도,호텔,6513.0
202301,충청북도,콘도,144.0
202301,충청북도,캠핑장/펜션,491.0
202301,충청북도,기타숙박,238336.0
202301,충청북도,육상운송,52940.0
202301,충청북도,렌터카,352.0
202301,충청북도,면세점,74.0
202301,충청북도,기타관광쇼핑,167553.0
202301,충청북도,레저용품쇼핑,15692.0
202301,충청북도,대형쇼핑몰,221506.0
202301,충청북도,관광유원시설,444.0
202301,충청북도,골프장,975.0
202301,충청북도,기타레저,10996.0
202301,충청북도,문화서비스,858.0
202301,충청북도,의료관광,71871.0
202301,충청북도,뷰티,21907.0
202301,충청북도,일반외식업,165108.0
202301,충청북도,제과음료업,26950.0
202301,충청남도,관광총소비,1819533.0
202301,충청남도,호텔,140193.0
202301,충청남도,콘도,18295.0
202301,충청남도,캠핑장/펜션,1440.0
202301,충청남도,기타숙박,86364.0
202301,충청남도,여행업,450.0
202301,충청남도,육상운송,89526.0
202301,충청남도,렌터카,3784.0
202301,충청남도,기타관광쇼핑,458472.0
202301,충청남도,레저용품쇼핑,36101.0
202301,충청남도,대형쇼핑몰,258414.0
202301,충청남도,관광유원시설,684.0
202301,충청남도,골프장,8836.0
202301,충청남도,기타레저,16274.0
202301,충청남도,문화서비스,1073.0
202301,충청남도,의료관광,212064.0
202301,충청남도,뷰티,39705.0
202301,충청남도,일반외식업,379307.0
202301,충청남도,제과음료업,68552.0
202301,전라남도,관광총소비,1091305.0
202301,전라남도,호텔,38374.0
202301,전라남도,콘도,3696.0
202301,전라남도,캠핑장/펜션,274.0
202301,전라남도,기타숙박,91962.0
202301,전라남도,여행업,99.0
202301,전라남도,육상운송,37393.0
202301,전라남도,수상운송,300.0
202301,전라남도,렌터카,15363.0
202301,전라남도,기타관광쇼핑,185503.0
202301,전라남도,레저용품쇼핑,20159.0
202301,전라남도,대형쇼핑몰,377511.0
202301,전라남도,관광유원시설,126.0
202301,전라남도,골프장,11719.0
202301,전라남도,기타레저,15122.0
202301,전라남도,문화서비스,2272.0
202301,전라남도,의료관광,27224.0
202301,전라남도,뷰티,19299.0
202301,전라남도,일반외식업,212913.0
202301,전라남도,제과음료업,31999.0
202301,경상북도,관광총소비,2248858.0
202301,경상북도,호텔,175310.0
202301,경상북도,콘도,7376.0
202301,경상북도,캠핑장/펜션,7965.0
202301,경상북도,기타숙박,99132.0
202301,경상북도,여행업,561.0
202301,경상북도,육상운송,83377.0
202301,경상북도,수상운송,60.0
202301,경상북도,렌터카,18673.0
202301,경상북도,기타관광쇼핑,451851.0
202301,경상북도,레저용품쇼핑,20485.0
202301,경상북도,대형쇼핑몰,244580.0
202301,경상북도,관광유원시설,1245.0
202301,경상북도,골프장,9364.0
202301,경상북도,기타레저,20426.0
202301,경상북도,문화서비스,1811.0
202301,경상북도,의료관광,90311.0
202301,경상북도,뷰티,125122.0
202301,경상북도,일반외식업,808992.0
202301,경상북도,제과음료업,82216.0
202301,경상남도,관광총소비,2474905.0
202301,경상남도,호텔,170762.0
202301,경상남도,콘도,962.0
202301,경상남도,캠핑장/펜션,1129.0
202301,경상남도,기타숙박,337206.0
202301,경상남도,육상운송,76613.0
202301,경상남도,수상운송,85.0
202301,경상남도,렌터카,12719.0
202301,경상남도,기타관광쇼핑,294975.0
202301,경상남도,레저용품쇼핑,34899.0
202301,경상남도,대형쇼핑몰,702282.0
202301,경상남도,관광유원시설,900.0
202301,경상남도,골프장,59464.0
202301,경상남도,기타레저,23731.0
202301,경상남도,문화서비스,2133.0
202301,경상남도,의료관광,154998.0
202301,경상남도,뷰티,38680.0
202301,경상남도,일반외식업,498790.0
202301,경상남도,제과음료업,64575.0
202301,제주특별자치도,관광총소비,5134017.0
202301,제주특별자치도,호텔,283987.0
202301,제주특별자치도,콘도,151804.0
202301,제주특별자치도,캠핑장/펜션,5461.0
202301,제주특별자치도,기타숙박,568149.0
202301,제주특별자치도,여행업,56194.0
202301,제주특별자치도,육상운송,99994.0
202301,제주특별자치도,수상운송,5174.0
202301,제주특별자치도,항공운송,3802.0
202301,제주특별자치도,렌터카,266610.0
202301,제주특별자치도,면세점,188708.0
202301,제주특별자치도,기타관광쇼핑,1280679.0
202301,제주특별자치도,레저용품쇼핑,129103.0
202301,제주특별자치도,대형쇼핑몰,636009.0
202301,제주특별자치도,관광유원시설,8584.0
202301,제주특별자치도,골프장,33176.0
202301,제주특별자치도,기타레저,81193.0
202301,제주특별자치도,문화서비스,29079.0
202301,제주특별자치도,의료관광,233243.0
202301,제주특별자치도,뷰티,114461.0
202301,제주특별자치도,일반외식업,800581.0
202301,제주특별자치도,제과음료업,158026.0
202301,강원특별자치도,관광총소비,4113672.0
202301,강원특별자치도,호텔,1190519.0
202301,강원특별자치도,콘도,172482.0
202301,강원특별자치도,캠핑장/펜션,8920.0
202301,강원특별자치도,기타숙박,700914.0
202301,강원특별자치도,여행업,1689.0
202301,강원특별자치도,육상운송,78380.0
202301,강원특별자치도,수상운송,1012.0
202301,강원특별자치도,렌터카,5763.0
202301,강원특별자치도,면세점,3260.0
202301,강원특별자치도,기타관광쇼핑,439434.0
202301,강원특별자치도,레저용품쇼핑,180448.0
202301,강원특별자치도,대형쇼핑몰,199734.0
202301,강원특별자치도,관광유원시설,4030.0
202301,강원특별자치도,골프장,304893.0
202301,강원특별자치도,기타레저,21411.0
202301,강원특별자치도,문화서비스,2799.0
202301,강원특별자치도,의료관광,48761.0
202301,강원특별자치도,뷰티,29204.0
202301,강원특별자치도,일반외식업,629239.0
202301,강원특별자치도,제과음료업,90778.0
202301,전북특별자치도,관광총소비,1635433.0
202301,전북특별자치도,호텔,19583.0
202301,전북특별자치도,콘도,1084.0
202301,전북특별자치도,캠핑장/펜션,968.0
202301,전북특별자치도,기타숙박,134522.0
202301,전북특별자치도,육상운송,34647.0
202301,전북특별자치도,렌터카,4602.0
202301,전북특별자치도,기타관광쇼핑,244942.0
202301,전북특별자치도,레저용품쇼핑,38825.0
202301,전북특별자치도,대형쇼핑몰,379895.0
202301,전북특별자치도,관광유원시설,4.0
202301,전북특별자치도,골프장,4526.0
202301,전북특별자치도,기타레저,12511.0
202301,전북특별자치도,문화서비스,34366.0
202301,전북특별자치도,의료관광,98333.0
202301,전북특별자치도,뷰티,54428.0
202301,전북특별자치도,일반외식업,512651.0
202301,전북특별자치도,제과음료업,59545.0
202301,기타(지역 미분류),관광총소비,1.3991727E8
202301,기타(지역 미분류),호텔,4.0748132E7
202301,기타(지역 미분류),콘도,1939018.0
202301,기타(지역 미분류),캠핑장/펜션,163538.0
202301,기타(지역 미분류),기타숙박,1.5554929E7
202301,기타(지역 미분류),여행업,878621.0
202301,기타(지역 미분류),육상운송,4481658.0
202301,기타(지역 미분류),수상운송,487.0
202301,기타(지역 미분류),항공운송,5.0778601E7
202301,기타(지역 미분류),렌터카,273603.0
202301,기타(지역 미분류),면세점,8834812.0
202301,기타(지역 미분류),기타관광쇼핑,29757.0
202301,기타(지역 미분류),레저용품쇼핑,224165.0
202301,기타(지역 미분류),관광유원시설,45589.0
202301,기타(지역 미분류),골프장,992848.0
202301,기타(지역 미분류),기타레저,125135.0
202301,기타(지역 미분류),문화서비스,421454.0
202301,기타(지역 미분류),의료관광,4621025.0
202301,기타(지역 미분류),뷰티,468622.0
202301,기타(지역 미분류),일반외식업,8072903.0
202301,기타(지역 미분류),제과음료업,1262372.0
202302,서울특별시,관광총소비,2.26285291E8
202302,서울특별시,호텔,3.098779E7
202302,서울특별시,콘도,64680.0
202302,서울특별시,캠핑장/펜션,80925.0
202302,서울특별시,기타숙박,5553763.0
202302,서울특별시,여행업,303763.0
202302,서울특별시,육상운송,7133502.0
202302,서울특별시,수상운송,18114.0
202302,서울특별시,항공운송,726892.0
202302,서울특별시,렌터카,61489.0
202302,서울특별시,면세점,8045537.0
202302,서울특별시,기타관광쇼핑,3.5626819E7
202302,서울특별시,레저용품쇼핑,4275295.0
202302,서울특별시,대형쇼핑몰,5.1402279E7
202302,서울특별시,카지노,2.352508E7
202302,서울특별시,관광유원시설,5495.0
202302,서울특별시,골프장,43143.0
202302,서울특별시,기타레저,990837.0
202302,서울특별시,문화서비스,390077.0
202302,서울특별시,의료관광,1.9964484E7
202302,서울특별시,뷰티,8114013.0
202302,서울특별시,일반외식업,2.4230354E7
202302,서울특별시,제과음료업,4740958.0
202302,부산광역시,관광총소비,1.8838599E7
202302,부산광역시,호텔,1584102.0
202302,부산광역시,캠핑장/펜션,4226.0
202302,부산광역시,기타숙박,1023274.0
202302,부산광역시,여행업,2822.0
202302,부산광역시,육상운송,129613.0
202302,부산광역시,수상운송,12007.0
202302,부산광역시,항공운송,6283.0
202302,부산광역시,렌터카,12128.0
202302,부산광역시,면세점,522924.0
202302,부산광역시,기타관광쇼핑,2416689.0
202302,부산광역시,레저용품쇼핑,102976.0
202302,부산광역시,대형쇼핑몰,5999211.0
202302,부산광역시,카지노,3580400.0
202302,부산광역시,관광유원시설,59025.0
202302,부산광역시,골프장,17556.0
202302,부산광역시,기타레저,101066.0
202302,부산광역시,문화서비스,5933.0
202302,부산광역시,의료관광,534880.0
202302,부산광역시,뷰티,599589.0
202302,부산광역시,일반외식업,1866899.0
202302,부산광역시,제과음료업,256997.0
202302,대구광역시,관광총소비,3457497.0
202302,대구광역시,호텔,507862.0
202302,대구광역시,콘도,42.0
202302,대구광역시,캠핑장/펜션,802.0
202302,대구광역시,기타숙박,137875.0
202302,대구광역시,육상운송,37937.0
202302,대구광역시,항공운송,952.0
202302,대구광역시,렌터카,4592.0
202302,대구광역시,기타관광쇼핑,422456.0
202302,대구광역시,레저용품쇼핑,75715.0
202302,대구광역시,대형쇼핑몰,1067231.0
202302,대구광역시,관광유원시설,19049.0
202302,대구광역시,골프장,8126.0
202302,대구광역시,기타레저,34708.0
202302,대구광역시,문화서비스,6883.0
202302,대구광역시,의료관광,266006.0
202302,대구광역시,뷰티,70238.0
202302,대구광역시,일반외식업,676037.0
202302,대구광역시,제과음료업,120987.0
202302,인천광역시,관광총소비,2.8028269E7
202302,인천광역시,호텔,1.1923334E7
202302,인천광역시,캠핑장/펜션,4517.0
202302,인천광역시,기타숙박,450963.0
202302,인천광역시,여행업,4246.0
202302,인천광역시,육상운송,188264.0
202302,인천광역시,수상운송,440.0
202302,인천광역시,항공운송,45.0
202302,인천광역시,렌터카,279204.0
202302,인천광역시,면세점,9047524.0
202302,인천광역시,기타관광쇼핑,1170702.0
202302,인천광역시,레저용품쇼핑,45363.0
202302,인천광역시,대형쇼핑몰,1771122.0
202302,인천광역시,관광유원시설,3237.0
202302,인천광역시,골프장,10004.0
202302,인천광역시,기타레저,56524.0
202302,인천광역시,문화서비스,2066.0
202302,인천광역시,의료관광,586944.0
202302,인천광역시,뷰티,114680.0
202302,인천광역시,일반외식업,1716055.0
202302,인천광역시,제과음료업,653035.0
202302,광주광역시,관광총소비,924454.0
202302,광주광역시,호텔,32091.0
202302,광주광역시,캠핑장/펜션,899.0
202302,광주광역시,기타숙박,84007.0
202302,광주광역시,육상운송,6341.0
202302,광주광역시,렌터카,1474.0
202302,광주광역시,기타관광쇼핑,140125.0
202302,광주광역시,레저용품쇼핑,19565.0
202302,광주광역시,대형쇼핑몰,358266.0
202302,광주광역시,관광유원시설,5.0
202302,광주광역시,골프장,627.0
202302,광주광역시,기타레저,4539.0
202302,광주광역시,문화서비스,18412.0
202302,광주광역시,의료관광,50641.0
202302,광주광역시,뷰티,13152.0
202302,광주광역시,일반외식업,165400.0
202302,광주광역시,제과음료업,28909.0
202302,대전광역시,관광총소비,2253469.0
202302,대전광역시,호텔,425331.0
202302,대전광역시,캠핑장/펜션,30.0
202302,대전광역시,기타숙박,254901.0
202302,대전광역시,육상운송,633737.0
202302,대전광역시,렌터카,3080.0
202302,대전광역시,기타관광쇼핑,157206.0
202302,대전광역시,레저용품쇼핑,4815.0
202302,대전광역시,대형쇼핑몰,358465.0
202302,대전광역시,관광유원시설,635.0
202302,대전광역시,골프장,1848.0
202302,대전광역시,기타레저,12185.0
202302,대전광역시,문화서비스,1181.0
202302,대전광역시,의료관광,86494.0
202302,대전광역시,뷰티,29598.0
202302,대전광역시,일반외식업,244822.0
202302,대전광역시,제과음료업,39141.0
202302,울산광역시,관광총소비,1050118.0
202302,울산광역시,호텔,435901.0
202302,울산광역시,캠핑장/펜션,127.0
202302,울산광역시,기타숙박,72754.0
202302,울산광역시,여행업,317.0
202302,울산광역시,육상운송,19129.0
202302,울산광역시,렌터카,2240.0
202302,울산광역시,기타관광쇼핑,70482.0
202302,울산광역시,레저용품쇼핑,3516.0
202302,울산광역시,대형쇼핑몰,199082.0
202302,울산광역시,골프장,7362.0
202302,울산광역시,기타레저,6383.0
202302,울산광역시,문화서비스,278.0
202302,울산광역시,의료관광,32575.0
202302,울산광역시,뷰티,13879.0
202302,울산광역시,일반외식업,169378.0
202302,울산광역시,제과음료업,16715.0
202302,세종특별자치시,관광총소비,149727.0
202302,세종특별자치시,캠핑장/펜션,229.0
202302,세종특별자치시,기타숙박,2928.0
202302,세종특별자치시,육상운송,5641.0
202302,세종특별자치시,기타관광쇼핑,30214.0
202302,세종특별자치시,레저용품쇼핑,530.0
202302,세종특별자치시,대형쇼핑몰,27259.0
202302,세종특별자치시,골프장,2894.0
202302,세종특별자치시,기타레저,3996.0
202302,세종특별자치시,문화서비스,375.0
202302,세종특별자치시,의료관광,9586.0
202302,세종특별자치시,뷰티,3114.0
202302,세종특별자치시,일반외식업,54792.0
202302,세종특별자치시,제과음료업,8168.0
202302,경기도,관광총소비,3.6467164E7
202302,경기도,호텔,2571712.0
202302,경기도,콘도,2334.0
202302,경기도,캠핑장/펜션,8552.0
202302,경기도,기타숙박,4604644.0
202302,경기도,여행업,27704.0
202302,경기도,육상운송,725904.0
202302,경기도,수상운송,1669.0
202302,경기도,렌터카,219603.0
202302,경기도,기타관광쇼핑,5549035.0
202302,경기도,레저용품쇼핑,1073919.0
202302,경기도,대형쇼핑몰,8111771.0
202302,경기도,관광유원시설,147927.0
202302,경기도,골프장,220026.0
202302,경기도,기타레저,372432.0
202302,경기도,문화서비스,52350.0
202302,경기도,의료관광,2581587.0
202302,경기도,뷰티,1040694.0
202302,경기도,일반외식업,8339147.0
202302,경기도,제과음료업,816154.0
202302,충청북도,관광총소비,1099771.0
202302,충청북도,호텔,7359.0
202302,충청북도,콘도,562.0
202302,충청북도,캠핑장/펜션,2475.0
202302,충청북도,기타숙박,255875.0
202302,충청북도,여행업,1518.0
202302,충청북도,육상운송,42388.0
202302,충청북도,수상운송,34.0
202302,충청북도,렌터카,220.0
202302,충청북도,기타관광쇼핑,298062.0
202302,충청북도,레저용품쇼핑,8780.0
202302,충청북도,대형쇼핑몰,155545.0
202302,충청북도,관광유원시설,2371.0
202302,충청북도,골프장,13149.0
202302,충청북도,기타레저,11482.0
202302,충청북도,문화서비스,208.0
202302,충청북도,의료관광,41467.0
202302,충청북도,뷰티,15540.0
202302,충청북도,일반외식업,219833.0
202302,충청북도,제과음료업,22904.0
202302,충청남도,관광총소비,1722478.0
202302,충청남도,호텔,214667.0
202302,충청남도,콘도,18805.0
202302,충청남도,캠핑장/펜션,579.0
202302,충청남도,기타숙박,131383.0
202302,충청남도,육상운송,72153.0
202302,충청남도,렌터카,21415.0
202302,충청남도,기타관광쇼핑,396721.0
202302,충청남도,레저용품쇼핑,26975.0
202302,충청남도,대형쇼핑몰,218651.0
202302,충청남도,관광유원시설,1402.0
202302,충청남도,골프장,5173.0
202302,충청남도,기타레저,21328.0
202302,충청남도,문화서비스,1354.0
202302,충청남도,의료관광,128053.0
202302,충청남도,뷰티,31103.0
202302,충청남도,일반외식업,374925.0
202302,충청남도,제과음료업,57790.0
202302,전라남도,관광총소비,1178112.0
202302,전라남도,호텔,72714.0
202302,전라남도,콘도,6473.0
202302,전라남도,캠핑장/펜션,6198.0
202302,전라남도,기타숙박,139179.0
202302,전라남도,여행업,68.0
202302,전라남도,육상운송,27600.0
202302,전라남도,수상운송,210.0
202302,전라남도,렌터카,3938.0
202302,전라남도,면세점,1228.0
202302,전라남도,기타관광쇼핑,189751.0
202302,전라남도,레저용품쇼핑,18427.0
202302,전라남도,대형쇼핑몰,282695.0
202302,전라남도,관광유원시설,37.0
202302,전라남도,골프장,13831.0
202302,전라남도,기타레저,10933.0
202302,전라남도,문화서비스,366.0
202302,전라남도,의료관광,25140.0
202302,전라남도,뷰티,159616.0
202302,전라남도,일반외식업,188332.0
202302,전라남도,제과음료업,31377.0
202302,경상북도,관광총소비,2480383.0
202302,경상북도,호텔,234456.0
202302,경상북도,콘도,3590.0
202302,경상북도,캠핑장/펜션,9864.0
202302,경상북도,기타숙박,131098.0
202302,경상북도,여행업,345.0
202302,경상북도,육상운송,79062.0
202302,경상북도,수상운송,30.0
202302,경상북도,렌터카,27102.0
202302,경상북도,기타관광쇼핑,496683.0
202302,경상북도,레저용품쇼핑,33535.0
202302,경상북도,대형쇼핑몰,222303.0
202302,경상북도,관광유원시설,623.0
202302,경상북도,골프장,14208.0
202302,경상북도,기타레저,20076.0
202302,경상북도,문화서비스,2755.0
202302,경상북도,의료관광,101634.0
202302,경상북도,뷰티,102476.0
202302,경상북도,일반외식업,919200.0
202302,경상북도,제과음료업,81344.0
202302,경상남도,관광총소비,2575057.0
202302,경상남도,호텔,315792.0
202302,경상남도,콘도,805.0
202302,경상남도,캠핑장/펜션,360.0
202302,경상남도,기타숙박,380714.0
202302,경상남도,여행업,10.0
202302,경상남도,육상운송,66333.0
202302,경상남도,수상운송,54.0
202302,경상남도,렌터카,13224.0
202302,경상남도,기타관광쇼핑,287245.0
202302,경상남도,레저용품쇼핑,28324.0
202302,경상남도,대형쇼핑몰,593194.0
202302,경상남도,관광유원시설,597.0
202302,경상남도,골프장,19180.0
202302,경상남도,기타레저,17050.0
202302,경상남도,문화서비스,1225.0
202302,경상남도,의료관광,142131.0
202302,경상남도,뷰티,32390.0
202302,경상남도,일반외식업,598798.0
202302,경상남도,제과음료업,77631.0
202302,제주특별자치도,관광총소비,4207318.0
202302,제주특별자치도,호텔,160798.0
202302,제주특별자치도,콘도,96528.0
202302,제주특별자치도,캠핑장/펜션,7176.0
202302,제주특별자치도,기타숙박,590759.0
202302,제주특별자치도,여행업,67395.0
202302,제주특별자치도,육상운송,82692.0
202302,제주특별자치도,수상운송,2803.0
202302,제주특별자치도,항공운송,5897.0
202302,제주특별자치도,렌터카,195438.0
202302,제주특별자치도,면세점,173635.0
202302,제주특별자치도,기타관광쇼핑,1072221.0
202302,제주특별자치도,레저용품쇼핑,93156.0
202302,제주특별자치도,대형쇼핑몰,368519.0
202302,제주특별자치도,관광유원시설,6633.0
202302,제주특별자치도,골프장,53481.0
202302,제주특별자치도,기타레저,55016.0
202302,제주특별자치도,문화서비스,17950.0
202302,제주특별자치도,의료관광,307689.0
202302,제주특별자치도,뷰티,92468.0
202302,제주특별자치도,일반외식업,634508.0
202302,제주특별자치도,제과음료업,122558.0
202302,강원특별자치도,관광총소비,2977486.0
202302,강원특별자치도,호텔,717357.0
202302,강원특별자치도,콘도,224241.0
202302,강원특별자치도,캠핑장/펜션,4921.0
202302,강원특별자치도,기타숙박,537146.0
202302,강원특별자치도,여행업,809.0
202302,강원특별자치도,육상운송,60690.0
202302,강원특별자치도,수상운송,168.0
202302,강원특별자치도,렌터카,1973.0
202302,강원특별자치도,면세점,1148.0
202302,강원특별자치도,기타관광쇼핑,333461.0
202302,강원특별자치도,레저용품쇼핑,95619.0
202302,강원특별자치도,대형쇼핑몰,175939.0
202302,강원특별자치도,관광유원시설,2627.0
202302,강원특별자치도,골프장,168798.0
202302,강원특별자치도,기타레저,20387.0
202302,강원특별자치도,문화서비스,1643.0
202302,강원특별자치도,의료관광,47490.0
202302,강원특별자치도,뷰티,26468.0
202302,강원특별자치도,일반외식업,489607.0
202302,강원특별자치도,제과음료업,66995.0
202302,전북특별자치도,관광총소비,1585141.0
202302,전북특별자치도,호텔,17876.0
202302,전북특별자치도,콘도,297.0
202302,전북특별자치도,캠핑장/펜션,47.0
202302,전북특별자치도,기타숙박,174197.0
202302,전북특별자치도,육상운송,32785.0
202302,전북특별자치도,렌터카,4456.0
202302,전북특별자치도,기타관광쇼핑,235048.0
202302,전북특별자치도,레저용품쇼핑,24641.0
202302,전북특별자치도,대형쇼핑몰,360707.0
202302,전북특별자치도,골프장,5470.0
202302,전북특별자치도,기타레저,8661.0
202302,전북특별자치도,문화서비스,50155.0
202302,전북특별자치도,의료관광,88665.0
202302,전북특별자치도,뷰티,43809.0
202302,전북특별자치도,일반외식업,484301.0
202302,전북특별자치도,제과음료업,54026.0
202302,기타(지역 미분류),관광총소비,1.30856169E8
202302,기타(지역 미분류),호텔,3.7721752E7
202302,기타(지역 미분류),콘도,2088237.0
202302,기타(지역 미분류),캠핑장/펜션,179501.0
202302,기타(지역 미분류),기타숙박,1.4818792E7
202302,기타(지역 미분류),여행업,903424.0
202302,기타(지역 미분류),육상운송,4793567.0
202302,기타(지역 미분류),수상운송,553.0
202302,기타(지역 미분류),항공운송,4.4729555E7
202302,기타(지역 미분류),렌터카,263684.0
202302,기타(지역 미분류),면세점,7381588.0
202302,기타(지역 미분류),기타관광쇼핑,48587.0
202302,기타(지역 미분류),레저용품쇼핑,213580.0
202302,기타(지역 미분류),관광유원시설,44307.0
202302,기타(지역 미분류),골프장,2255162.0
202302,기타(지역 미분류),기타레저,87685.0
202302,기타(지역 미분류),문화서비스,425534.0
202302,기타(지역 미분류),의료관광,5133873.0
202302,기타(지역 미분류),뷰티,482299.0
202302,기타(지역 미분류),일반외식업,8005677.0
202302,기타(지역 미분류),제과음료업,1278812.0
202303,서울특별시,관광총소비,3.61929923E8
202303,서울특별시,호텔,5.3750093E7
202303,서울특별시,콘도,89094.0
202303,서울특별시,캠핑장/펜션,191316.0
202303,서울특별시,기타숙박,1.117748E7
202303,서울특별시,여행업,458089.0
202303,서울특별시,육상운송,1.2252855E7
202303,서울특별시,수상운송,36797.0
202303,서울특별시,항공운송,1091583.0
202303,서울특별시,렌터카,86582.0
202303,서울특별시,면세점,1.2402015E7
202303,서울특별시,기타관광쇼핑,6.2804626E7
202303,서울특별시,레저용품쇼핑,7015032.0
202303,서울특별시,대형쇼핑몰,8.1326112E7
202303,서울특별시,카지노,2.28615E7
202303,서울특별시,관광유원시설,10928.0
202303,서울특별시,골프장,59176.0
202303,서울특별시,기타레저,1706736.0
202303,서울특별시,문화서비스,582926.0
202303,서울특별시,의료관광,3.1207219E7
202303,서울특별시,뷰티,1.3510355E7
202303,서울특별시,일반외식업,4.066406E7
202303,서울특별시,제과음료업,8645350.0
202303,부산광역시,관광총소비,4.0061912E7
202303,부산광역시,호텔,4298933.0
202303,부산광역시,캠핑장/펜션,10442.0
202303,부산광역시,기타숙박,2100422.0
202303,부산광역시,여행업,4309.0
202303,부산광역시,육상운송,272365.0
202303,부산광역시,수상운송,25179.0
202303,부산광역시,항공운송,8424.0
202303,부산광역시,렌터카,23575.0
202303,부산광역시,면세점,1029580.0
202303,부산광역시,기타관광쇼핑,5355149.0
202303,부산광역시,레저용품쇼핑,188280.0
202303,부산광역시,대형쇼핑몰,1.1748991E7
202303,부산광역시,카지노,7492050.0
202303,부산광역시,관광유원시설,107210.0
202303,부산광역시,골프장,16237.0
202303,부산광역시,기타레저,168982.0
202303,부산광역시,문화서비스,13276.0
202303,부산광역시,의료관광,758259.0
202303,부산광역시,뷰티,1404467.0
202303,부산광역시,일반외식업,4422285.0
202303,부산광역시,제과음료업,613496.0
202303,대구광역시,관광총소비,4986814.0
202303,대구광역시,호텔,889789.0
202303,대구광역시,콘도,30.0
202303,대구광역시,캠핑장/펜션,114.0
202303,대구광역시,기타숙박,227181.0
202303,대구광역시,육상운송,53366.0
202303,대구광역시,항공운송,1467.0
202303,대구광역시,렌터카,10197.0
202303,대구광역시,기타관광쇼핑,746729.0
202303,대구광역시,레저용품쇼핑,105677.0
202303,대구광역시,대형쇼핑몰,1219150.0
202303,대구광역시,관광유원시설,45768.0
202303,대구광역시,골프장,8490.0
202303,대구광역시,기타레저,33302.0
202303,대구광역시,문화서비스,3960.0
202303,대구광역시,의료관광,394420.0
202303,대구광역시,뷰티,117721.0
202303,대구광역시,일반외식업,943786.0
202303,대구광역시,제과음료업,185668.0
202303,인천광역시,관광총소비,4.1505934E7
202303,인천광역시,호텔,1.5427162E7
202303,인천광역시,캠핑장/펜션,5479.0
202303,인천광역시,기타숙박,849497.0
202303,인천광역시,여행업,4879.0
202303,인천광역시,육상운송,312126.0
202303,인천광역시,수상운송,3.0
202303,인천광역시,항공운송,468.0
202303,인천광역시,렌터카,393927.0
202303,인천광역시,면세점,1.4788027E7
202303,인천광역시,기타관광쇼핑,1805090.0
202303,인천광역시,레저용품쇼핑,90507.0
202303,인천광역시,대형쇼핑몰,2708742.0
202303,인천광역시,관광유원시설,4973.0
202303,인천광역시,골프장,19463.0
202303,인천광역시,기타레저,100897.0
202303,인천광역시,문화서비스,4242.0
202303,인천광역시,의료관광,899819.0
202303,인천광역시,뷰티,178660.0
202303,인천광역시,일반외식업,2791560.0
202303,인천광역시,제과음료업,1120414.0
202303,광주광역시,관광총소비,1484183.0
202303,광주광역시,호텔,22660.0
202303,광주광역시,캠핑장/펜션,2679.0
202303,광주광역시,기타숙박,177413.0
202303,광주광역시,여행업,800.0
202303,광주광역시,육상운송,14519.0
202303,광주광역시,렌터카,1180.0
202303,광주광역시,기타관광쇼핑,239802.0
202303,광주광역시,레저용품쇼핑,27336.0
202303,광주광역시,대형쇼핑몰,386227.0
202303,광주광역시,관광유원시설,549.0
202303,광주광역시,골프장,4210.0
202303,광주광역시,기타레저,17542.0
202303,광주광역시,문화서비스,21896.0
202303,광주광역시,의료관광,178605.0
202303,광주광역시,뷰티,27092.0
202303,광주광역시,일반외식업,313052.0
202303,광주광역시,제과음료업,48623.0
202303,대전광역시,관광총소비,3420798.0
202303,대전광역시,호텔,270566.0
202303,대전광역시,기타숙박,310299.0
202303,대전광역시,육상운송,1268964.0
202303,대전광역시,렌터카,4141.0
202303,대전광역시,기타관광쇼핑,326979.0
202303,대전광역시,레저용품쇼핑,18626.0
202303,대전광역시,대형쇼핑몰,520166.0
202303,대전광역시,관광유원시설,2623.0
202303,대전광역시,골프장,3696.0
202303,대전광역시,기타레저,28141.0
202303,대전광역시,문화서비스,1009.0
202303,대전광역시,의료관광,106836.0
202303,대전광역시,뷰티,31512.0
202303,대전광역시,일반외식업,440859.0
202303,대전광역시,제과음료업,86380.0
202303,울산광역시,관광총소비,1390711.0
202303,울산광역시,호텔,574362.0
202303,울산광역시,캠핑장/펜션,2390.0
202303,울산광역시,기타숙박,71756.0
202303,울산광역시,여행업,450.0
202303,울산광역시,육상운송,23866.0
202303,울산광역시,렌터카,715.0
202303,울산광역시,기타관광쇼핑,110995.0
202303,울산광역시,레저용품쇼핑,2829.0
202303,울산광역시,대형쇼핑몰,240745.0
202303,울산광역시,관광유원시설,128.0
202303,울산광역시,골프장,5871.0
202303,울산광역시,기타레저,11349.0
202303,울산광역시,문화서비스,248.0
202303,울산광역시,의료관광,67972.0
202303,울산광역시,뷰티,28620.0
202303,울산광역시,일반외식업,226307.0
202303,울산광역시,제과음료업,22110.0
202303,세종특별자치시,관광총소비,246264.0
202303,세종특별자치시,기타숙박,9184.0
202303,세종특별자치시,육상운송,9353.0
202303,세종특별자치시,기타관광쇼핑,53380.0
202303,세종특별자치시,레저용품쇼핑,9696.0
202303,세종특별자치시,대형쇼핑몰,30365.0
202303,세종특별자치시,관광유원시설,113.0
202303,세종특별자치시,골프장,3472.0
202303,세종특별자치시,기타레저,5535.0
202303,세종특별자치시,문화서비스,87.0
202303,세종특별자치시,의료관광,17773.0
202303,세종특별자치시,뷰티,6050.0
202303,세종특별자치시,일반외식업,87311.0
202303,세종특별자치시,제과음료업,13943.0
202303,경기도,관광총소비,5.2532146E7
202303,경기도,호텔,4202401.0
202303,경기도,콘도,4471.0
202303,경기도,캠핑장/펜션,26610.0
202303,경기도,기타숙박,7482432.0
202303,경기도,여행업,79101.0
202303,경기도,육상운송,1055928.0
202303,경기도,수상운송,7385.0
202303,경기도,렌터카,409718.0
202303,경기도,기타관광쇼핑,7597359.0
202303,경기도,레저용품쇼핑,1128950.0
202303,경기도,대형쇼핑몰,1.146245E7
202303,경기도,관광유원시설,344533.0
202303,경기도,골프장,659411.0
202303,경기도,기타레저,481952.0
202303,경기도,문화서비스,84663.0
202303,경기도,의료관광,2940793.0
202303,경기도,뷰티,1440989.0
202303,경기도,일반외식업,1.1820285E7
202303,경기도,제과음료업,1302713.0
202303,충청북도,관광총소비,1773578.0
202303,충청북도,호텔,36100.0
202303,충청북도,콘도,418.0
202303,충청북도,캠핑장/펜션,1834.0
202303,충청북도,기타숙박,482120.0
202303,충청북도,여행업,77.0
202303,충청북도,육상운송,57752.0
202303,충청북도,수상운송,235.0
202303,충청북도,항공운송,112.0
202303,충청북도,렌터카,6873.0
202303,충청북도,기타관광쇼핑,331942.0
202303,충청북도,레저용품쇼핑,21559.0
202303,충청북도,대형쇼핑몰,286882.0
202303,충청북도,관광유원시설,447.0
202303,충청북도,골프장,35171.0
202303,충청북도,기타레저,12427.0
202303,충청북도,문화서비스,870.0
202303,충청북도,의료관광,50072.0
202303,충청북도,뷰티,28968.0
202303,충청북도,일반외식업,381272.0
202303,충청북도,제과음료업,38448.0
202303,충청남도,관광총소비,2800763.0
202303,충청남도,호텔,369797.0
202303,충청남도,콘도,12569.0
202303,충청남도,캠핑장/펜션,6848.0
202303,충청남도,기타숙박,304311.0
202303,충청남도,여행업,1277.0
202303,충청남도,육상운송,105756.0
202303,충청남도,렌터카,9673.0
202303,충청남도,기타관광쇼핑,597313.0
202303,충청남도,레저용품쇼핑,39559.0
202303,충청남도,대형쇼핑몰,431357.0
202303,충청남도,관광유원시설,179.0
202303,충청남도,골프장,26959.0
202303,충청남도,기타레저,33884.0
202303,충청남도,문화서비스,760.0
202303,충청남도,의료관광,151196.0
202303,충청남도,뷰티,38936.0
202303,충청남도,일반외식업,577191.0
202303,충청남도,제과음료업,93198.0
202303,전라남도,관광총소비,1294659.0
202303,전라남도,호텔,90511.0
202303,전라남도,콘도,9465.0
202303,전라남도,캠핑장/펜션,2549.0
202303,전라남도,기타숙박,201529.0
202303,전라남도,여행업,448.0
202303,전라남도,육상운송,45535.0
202303,전라남도,수상운송,166.0
202303,전라남도,렌터카,11726.0
202303,전라남도,면세점,79.0
202303,전라남도,기타관광쇼핑,237809.0
202303,전라남도,레저용품쇼핑,21001.0
202303,전라남도,대형쇼핑몰,223506.0
202303,전라남도,관광유원시설,91.0
202303,전라남도,골프장,32352.0
202303,전라남도,기타레저,24201.0
202303,전라남도,문화서비스,1628.0
202303,전라남도,의료관광,42511.0
202303,전라남도,뷰티,17597.0
202303,전라남도,일반외식업,288176.0
202303,전라남도,제과음료업,43780.0
202303,경상북도,관광총소비,4101466.0
202303,경상북도,호텔,358413.0
202303,경상북도,콘도,8669.0
202303,경상북도,캠핑장/펜션,15148.0
202303,경상북도,기타숙박,189053.0
202303,경상북도,여행업,1077.0
202303,경상북도,육상운송,109789.0
202303,경상북도,수상운송,45.0
202303,경상북도,렌터카,44949.0
202303,경상북도,기타관광쇼핑,866466.0
202303,경상북도,레저용품쇼핑,53706.0
202303,경상북도,대형쇼핑몰,369470.0
202303,경상북도,관광유원시설,1662.0
202303,경상북도,골프장,21939.0
202303,경상북도,기타레저,29531.0
202303,경상북도,문화서비스,2351.0
202303,경상북도,의료관광,102373.0
202303,경상북도,뷰티,135692.0
202303,경상북도,일반외식업,1618241.0
202303,경상북도,제과음료업,172891.0
202303,경상남도,관광총소비,3567529.0
202303,경상남도,호텔,381358.0
202303,경상남도,콘도,1153.0
202303,경상남도,캠핑장/펜션,2065.0
202303,경상남도,기타숙박,568132.0
202303,경상남도,육상운송,99420.0
202303,경상남도,수상운송,183.0
202303,경상남도,렌터카,15400.0
202303,경상남도,기타관광쇼핑,382743.0
202303,경상남도,레저용품쇼핑,138447.0
202303,경상남도,대형쇼핑몰,844224.0
202303,경상남도,관광유원시설,1066.0
202303,경상남도,골프장,33965.0
202303,경상남도,기타레저,30657.0
202303,경상남도,문화서비스,3467.0
202303,경상남도,의료관광,159158.0
202303,경상남도,뷰티,47357.0
202303,경상남도,일반외식업,765191.0
202303,경상남도,제과음료업,93541.0
202303,제주특별자치도,관광총소비,8989166.0
202303,제주특별자치도,호텔,702638.0
202303,제주특별자치도,콘도,293236.0
202303,제주특별자치도,캠핑장/펜션,16499.0
202303,제주특별자치도,기타숙박,900376.0
202303,제주특별자치도,여행업,78502.0
202303,제주특별자치도,육상운송,192809.0
202303,제주특별자치도,수상운송,7742.0
202303,제주특별자치도,항공운송,19570.0
202303,제주특별자치도,렌터카,818398.0
202303,제주특별자치도,면세점,371529.0
202303,제주특별자치도,기타관광쇼핑,1996482.0
202303,제주특별자치도,레저용품쇼핑,227292.0
202303,제주특별자치도,대형쇼핑몰,774118.0
202303,제주특별자치도,관광유원시설,21306.0
202303,제주특별자치도,골프장,90736.0
202303,제주특별자치도,기타레저,109705.0
202303,제주특별자치도,문화서비스,63215.0
202303,제주특별자치도,의료관광,235309.0
202303,제주특별자치도,뷰티,195097.0
202303,제주특별자치도,일반외식업,1538345.0
202303,제주특별자치도,제과음료업,336264.0
202303,강원특별자치도,관광총소비,2987618.0
202303,강원특별자치도,호텔,251477.0
202303,강원특별자치도,콘도,412378.0
202303,강원특별자치도,캠핑장/펜션,7626.0
202303,강원특별자치도,기타숙박,555828.0
202303,강원특별자치도,여행업,2013.0
202303,강원특별자치도,육상운송,84890.0
202303,강원특별자치도,수상운송,630.0
202303,강원특별자치도,렌터카,2592.0
202303,강원특별자치도,면세점,6807.0
202303,강원특별자치도,기타관광쇼핑,455513.0
202303,강원특별자치도,레저용품쇼핑,44020.0
202303,강원특별자치도,대형쇼핑몰,290635.0
202303,강원특별자치도,관광유원시설,5426.0
202303,강원특별자치도,골프장,85114.0
202303,강원특별자치도,기타레저,30797.0
202303,강원특별자치도,문화서비스,4472.0
202303,강원특별자치도,의료관광,60665.0
202303,강원특별자치도,뷰티,25742.0
202303,강원특별자치도,일반외식업,577744.0
202303,강원특별자치도,제과음료업,83249.0
202303,전북특별자치도,관광총소비,2284542.0
202303,전북특별자치도,호텔,52270.0
202303,전북특별자치도,콘도,2952.0
202303,전북특별자치도,캠핑장/펜션,1337.0
202303,전북특별자치도,기타숙박,263329.0
202303,전북특별자치도,육상운송,45573.0
202303,전북특별자치도,렌터카,9976.0
202303,전북특별자치도,기타관광쇼핑,374479.0
202303,전북특별자치도,레저용품쇼핑,54786.0
202303,전북특별자치도,대형쇼핑몰,420748.0
202303,전북특별자치도,골프장,12237.0
202303,전북특별자치도,기타레저,18564.0
202303,전북특별자치도,문화서비스,54515.0
202303,전북특별자치도,의료관광,139387.0
202303,전북특별자치도,뷰티,55076.0
202303,전북특별자치도,일반외식업,679681.0
202303,전북특별자치도,제과음료업,99634.0
202303,기타(지역 미분류),관광총소비,1.6009041E8
202303,기타(지역 미분류),호텔,4.8399018E7
202303,기타(지역 미분류),콘도,1600423.0
202303,기타(지역 미분류),캠핑장/펜션,291926.0
202303,기타(지역 미분류),기타숙박,1.8307226E7
202303,기타(지역 미분류),여행업,1237484.0
202303,기타(지역 미분류),육상운송,7978609.0
202303,기타(지역 미분류),수상운송,1191.0
202303,기타(지역 미분류),항공운송,4.4883834E7
202303,기타(지역 미분류),렌터카,502280.0
202303,기타(지역 미분류),면세점,1.154447E7
202303,기타(지역 미분류),기타관광쇼핑,72646.0
202303,기타(지역 미분류),레저용품쇼핑,357807.0
202303,기타(지역 미분류),관광유원시설,131693.0
202303,기타(지역 미분류),골프장,3161774.0
202303,기타(지역 미분류),기타레저,132458.0
202303,기타(지역 미분류),문화서비스,509052.0
202303,기타(지역 미분류),의료관광,7119619.0
202303,기타(지역 미분류),뷰티,628925.0
202303,기타(지역 미분류),일반외식업,1.1153504E7
202303,기타(지역 미분류),제과음료업,2076473.0
202304,서울특별시,관광총소비,4.85348007E8
202304,서울특별시,호텔,7.1667935E7
202304,서울특별시,콘도,189180.0
202304,서울특별시,캠핑장/펜션,235564.0
202304,서울특별시,기타숙박,1.6135666E7
202304,서울특별시,여행업,642813.0
202304,서울특별시,육상운송,1.4435218E7
202304,서울특별시,수상운송,59382.0
202304,서울특별시,항공운송,1075491.0
202304,서울특별시,렌터카,101346.0
202304,서울특별시,면세점,1.9256795E7
202304,서울특별시,기타관광쇼핑,8.8621715E7
202304,서울특별시,레저용품쇼핑,8430064.0
202304,서울특별시,대형쇼핑몰,1.15324742E8
202304,서울특별시,카지노,2.454886E7
202304,서울특별시,관광유원시설,21856.0
202304,서울특별시,골프장,82589.0
202304,서울특별시,기타레저,1465836.0
202304,서울특별시,문화서비스,943685.0
202304,서울특별시,의료관광,3.9204656E7
202304,서울특별시,뷰티,1.8962773E7
202304,서울특별시,일반외식업,5.2986067E7
202304,서울특별시,제과음료업,1.0955769E7
202304,부산광역시,관광총소비,4.7579192E7
202304,부산광역시,호텔,4942608.0
202304,부산광역시,캠핑장/펜션,21808.0
202304,부산광역시,기타숙박,2456636.0
202304,부산광역시,여행업,13296.0
202304,부산광역시,육상운송,313479.0
202304,부산광역시,수상운송,20290.0
202304,부산광역시,항공운송,13269.0
202304,부산광역시,렌터카,25290.0
202304,부산광역시,면세점,1761874.0
202304,부산광역시,기타관광쇼핑,6461860.0
202304,부산광역시,레저용품쇼핑,168085.0
202304,부산광역시,대형쇼핑몰,1.5765921E7
202304,부산광역시,카지노,6227950.0
202304,부산광역시,관광유원시설,158730.0
202304,부산광역시,골프장,36384.0
202304,부산광역시,기타레저,294973.0
202304,부산광역시,문화서비스,26103.0
202304,부산광역시,의료관광,882748.0
202304,부산광역시,뷰티,1781228.0
202304,부산광역시,일반외식업,5314123.0
202304,부산광역시,제과음료업,892539.0
202304,대구광역시,관광총소비,5728056.0
202304,대구광역시,호텔,990187.0
202304,대구광역시,캠핑장/펜션,1435.0
202304,대구광역시,기타숙박,293207.0
202304,대구광역시,여행업,5.0
202304,대구광역시,육상운송,61541.0
202304,대구광역시,항공운송,18011.0
202304,대구광역시,렌터카,8552.0
202304,대구광역시,기타관광쇼핑,718449.0
202304,대구광역시,레저용품쇼핑,124247.0
202304,대구광역시,대형쇼핑몰,1572629.0
202304,대구광역시,관광유원시설,56866.0
202304,대구광역시,골프장,12408.0
202304,대구광역시,기타레저,29144.0
202304,대구광역시,문화서비스,17560.0
202304,대구광역시,의료관광,419775.0
202304,대구광역시,뷰티,85479.0
202304,대구광역시,일반외식업,1075015.0
202304,대구광역시,제과음료업,243546.0
202304,인천광역시,관광총소비,5.0790716E7
202304,인천광역시,호텔,1.6919324E7
202304,인천광역시,캠핑장/펜션,13695.0
202304,인천광역시,기타숙박,973900.0
202304,인천광역시,여행업,16063.0
202304,인천광역시,육상운송,343071.0
202304,인천광역시,항공운송,134.0
202304,인천광역시,렌터카,639814.0
202304,인천광역시,면세점,2.0377037E7
202304,인천광역시,기타관광쇼핑,2270645.0
202304,인천광역시,레저용품쇼핑,129544.0
202304,인천광역시,대형쇼핑몰,3187646.0
202304,인천광역시,관광유원시설,7478.0
202304,인천광역시,골프장,28669.0
202304,인천광역시,기타레저,101430.0
202304,인천광역시,문화서비스,4616.0
202304,인천광역시,의료관광,1017076.0
202304,인천광역시,뷰티,194653.0
202304,인천광역시,일반외식업,3262866.0
202304,인천광역시,제과음료업,1303054.0
202304,광주광역시,관광총소비,2254508.0
202304,광주광역시,호텔,44797.0
202304,광주광역시,캠핑장/펜션,3180.0
202304,광주광역시,기타숙박,260832.0
202304,광주광역시,육상운송,15468.0
202304,광주광역시,렌터카,13924.0
202304,광주광역시,기타관광쇼핑,330746.0
202304,광주광역시,레저용품쇼핑,59740.0
202304,광주광역시,대형쇼핑몰,719834.0
202304,광주광역시,관광유원시설,259.0
202304,광주광역시,골프장,2123.0
202304,광주광역시,기타레저,13847.0
202304,광주광역시,문화서비스,37412.0
202304,광주광역시,의료관광,106087.0
202304,광주광역시,뷰티,32073.0
202304,광주광역시,일반외식업,537198.0
202304,광주광역시,제과음료업,76988.0
202304,대전광역시,관광총소비,4202995.0
202304,대전광역시,호텔,336629.0
202304,대전광역시,캠핑장/펜션,60.0
202304,대전광역시,기타숙박,352074.0
202304,대전광역시,육상운송,1631533.0
202304,대전광역시,렌터카,1368.0
202304,대전광역시,기타관광쇼핑,361345.0
202304,대전광역시,레저용품쇼핑,19628.0
202304,대전광역시,대형쇼핑몰,672101.0
202304,대전광역시,관광유원시설,2543.0
202304,대전광역시,골프장,4652.0
202304,대전광역시,기타레저,20649.0
202304,대전광역시,문화서비스,2884.0
202304,대전광역시,의료관광,188834.0
202304,대전광역시,뷰티,59165.0
202304,대전광역시,일반외식업,460312.0
202304,대전광역시,제과음료업,89218.0
202304,울산광역시,관광총소비,1350438.0
202304,울산광역시,호텔,505810.0
202304,울산광역시,캠핑장/펜션,210.0
202304,울산광역시,기타숙박,62957.0
202304,울산광역시,여행업,1921.0
202304,울산광역시,육상운송,22334.0
202304,울산광역시,렌터카,3285.0
202304,울산광역시,기타관광쇼핑,109040.0
202304,울산광역시,레저용품쇼핑,6521.0
202304,울산광역시,대형쇼핑몰,301278.0
202304,울산광역시,관광유원시설,24.0
202304,울산광역시,골프장,7576.0
202304,울산광역시,기타레저,3570.0
202304,울산광역시,문화서비스,202.0
202304,울산광역시,의료관광,43461.0
202304,울산광역시,뷰티,28463.0
202304,울산광역시,일반외식업,228269.0
202304,울산광역시,제과음료업,25517.0
202304,세종특별자치시,관광총소비,272094.0
202304,세종특별자치시,기타숙박,7983.0
202304,세종특별자치시,육상운송,8875.0
202304,세종특별자치시,기타관광쇼핑,47582.0
202304,세종특별자치시,레저용품쇼핑,4421.0
202304,세종특별자치시,대형쇼핑몰,41047.0
202304,세종특별자치시,관광유원시설,26.0
202304,세종특별자치시,골프장,10172.0
202304,세종특별자치시,기타레저,4519.0
202304,세종특별자치시,문화서비스,144.0
202304,세종특별자치시,의료관광,34580.0
202304,세종특별자치시,뷰티,7203.0
202304,세종특별자치시,일반외식업,89718.0
202304,세종특별자치시,제과음료업,15823.0
202304,경기도,관광총소비,6.0409126E7
202304,경기도,호텔,4674617.0
202304,경기도,콘도,5999.0
202304,경기도,캠핑장/펜션,18648.0
202304,경기도,기타숙박,7207701.0
202304,경기도,여행업,58692.0
202304,경기도,육상운송,1324248.0
202304,경기도,수상운송,13204.0
202304,경기도,렌터카,527859.0
202304,경기도,기타관광쇼핑,8848033.0
202304,경기도,레저용품쇼핑,1407992.0
202304,경기도,대형쇼핑몰,1.4461764E7
202304,경기도,관광유원시설,557126.0
202304,경기도,골프장,969419.0
202304,경기도,기타레저,512278.0
202304,경기도,문화서비스,180657.0
202304,경기도,의료관광,3388859.0
202304,경기도,뷰티,1623348.0
202304,경기도,일반외식업,1.316453E7
202304,경기도,제과음료업,1464152.0
202304,충청북도,관광총소비,1954586.0
202304,충청북도,호텔,21121.0
202304,충청북도,콘도,2364.0
202304,충청북도,캠핑장/펜션,1707.0
202304,충청북도,기타숙박,498326.0
202304,충청북도,여행업,8.0
202304,충청북도,육상운송,59396.0
202304,충청북도,수상운송,253.0
202304,충청북도,항공운송,10.0
202304,충청북도,렌터카,4161.0
202304,충청북도,기타관광쇼핑,363052.0
202304,충청북도,레저용품쇼핑,25988.0
202304,충청북도,대형쇼핑몰,312604.0
202304,충청북도,관광유원시설,897.0
202304,충청북도,골프장,59338.0
202304,충청북도,기타레저,16944.0
202304,충청북도,문화서비스,918.0
202304,충청북도,의료관광,71430.0
202304,충청북도,뷰티,32076.0
202304,충청북도,일반외식업,430288.0
202304,충청북도,제과음료업,53707.0
202304,충청남도,관광총소비,3178276.0
202304,충청남도,호텔,362300.0
202304,충청남도,콘도,120888.0
202304,충청남도,캠핑장/펜션,18901.0
202304,충청남도,기타숙박,274829.0
202304,충청남도,여행업,192.0
202304,충청남도,육상운송,128870.0
202304,충청남도,렌터카,35400.0
202304,충청남도,기타관광쇼핑,637704.0
202304,충청남도,레저용품쇼핑,62017.0
202304,충청남도,대형쇼핑몰,399023.0
202304,충청남도,관광유원시설,1237.0
202304,충청남도,골프장,34535.0
202304,충청남도,기타레저,25484.0
202304,충청남도,문화서비스,1726.0
202304,충청남도,의료관광,251155.0
202304,충청남도,뷰티,60474.0
202304,충청남도,일반외식업,652458.0
202304,충청남도,제과음료업,111082.0
202304,전라남도,관광총소비,1844993.0
202304,전라남도,호텔,107649.0
202304,전라남도,콘도,10268.0
202304,전라남도,캠핑장/펜션,5532.0
202304,전라남도,기타숙박,252852.0
202304,전라남도,여행업,8900.0
202304,전라남도,육상운송,54340.0
202304,전라남도,수상운송,759.0
202304,전라남도,렌터카,25350.0
202304,전라남도,면세점,235.0
202304,전라남도,기타관광쇼핑,347174.0
202304,전라남도,레저용품쇼핑,23426.0
202304,전라남도,대형쇼핑몰,247903.0
202304,전라남도,관광유원시설,644.0
202304,전라남도,골프장,47070.0
202304,전라남도,기타레저,46044.0
202304,전라남도,문화서비스,4450.0
202304,전라남도,의료관광,42685.0
202304,전라남도,뷰티,60764.0
202304,전라남도,일반외식업,485272.0
202304,전라남도,제과음료업,73678.0
202304,경상북도,관광총소비,4799395.0
202304,경상북도,호텔,582635.0
202304,경상북도,콘도,18063.0
202304,경상북도,캠핑장/펜션,32999.0
202304,경상북도,기타숙박,314091.0
202304,경상북도,여행업,3806.0
202304,경상북도,육상운송,125122.0
202304,경상북도,수상운송,209.0
202304,경상북도,렌터카,41278.0
202304,경상북도,기타관광쇼핑,1006806.0
202304,경상북도,레저용품쇼핑,71601.0
202304,경상북도,대형쇼핑몰,384636.0
202304,경상북도,관광유원시설,4200.0
202304,경상북도,골프장,23691.0
202304,경상북도,기타레저,48540.0
202304,경상북도,문화서비스,3775.0
202304,경상북도,의료관광,156035.0
202304,경상북도,뷰티,138923.0
202304,경상북도,일반외식업,1631363.0
202304,경상북도,제과음료업,211620.0
202304,경상남도,관광총소비,4080123.0
202304,경상남도,호텔,343858.0
202304,경상남도,콘도,2599.0
202304,경상남도,캠핑장/펜션,5567.0
202304,경상남도,기타숙박,591017.0
202304,경상남도,여행업,505.0
202304,경상남도,육상운송,116843.0
202304,경상남도,수상운송,196.0
202304,경상남도,렌터카,10728.0
202304,경상남도,기타관광쇼핑,446399.0
202304,경상남도,레저용품쇼핑,186076.0
202304,경상남도,대형쇼핑몰,961610.0
202304,경상남도,관광유원시설,1418.0
202304,경상남도,골프장,81599.0
202304,경상남도,기타레저,47483.0
202304,경상남도,문화서비스,4173.0
202304,경상남도,의료관광,186858.0
202304,경상남도,뷰티,51150.0
202304,경상남도,일반외식업,937906.0
202304,경상남도,제과음료업,104139.0
202304,제주특별자치도,관광총소비,1.928922E7
202304,제주특별자치도,호텔,2100119.0
202304,제주특별자치도,콘도,708744.0
202304,제주특별자치도,캠핑장/펜션,28900.0
202304,제주특별자치도,기타숙박,1280312.0
202304,제주특별자치도,여행업,177824.0
202304,제주특별자치도,육상운송,298871.0
202304,제주특별자치도,수상운송,21029.0
202304,제주특별자치도,항공운송,29918.0
202304,제주특별자치도,렌터카,1345155.0
202304,제주특별자치도,면세점,1177377.0
202304,제주특별자치도,기타관광쇼핑,4178816.0
202304,제주특별자치도,레저용품쇼핑,677363.0
202304,제주특별자치도,대형쇼핑몰,1262263.0
202304,제주특별자치도,관광유원시설,31589.0
202304,제주특별자치도,골프장,209102.0
202304,제주특별자치도,기타레저,122411.0
202304,제주특별자치도,문화서비스,140338.0
202304,제주특별자치도,의료관광,675045.0
202304,제주특별자치도,뷰티,299002.0
202304,제주특별자치도,일반외식업,3763239.0
202304,제주특별자치도,제과음료업,761804.0
202304,강원특별자치도,관광총소비,3843811.0
202304,강원특별자치도,호텔,270610.0
202304,강원특별자치도,콘도,194354.0
202304,강원특별자치도,캠핑장/펜션,8355.0
202304,강원특별자치도,기타숙박,729421.0
202304,강원특별자치도,여행업,2769.0
202304,강원특별자치도,육상운송,93213.0
202304,강원특별자치도,수상운송,728.0
202304,강원특별자치도,렌터카,6628.0
202304,강원특별자치도,면세점,8813.0
202304,강원특별자치도,기타관광쇼핑,657723.0
202304,강원특별자치도,레저용품쇼핑,41070.0
202304,강원특별자치도,대형쇼핑몰,389595.0
202304,강원특별자치도,관광유원시설,10645.0
202304,강원특별자치도,골프장,154104.0
202304,강원특별자치도,기타레저,65446.0
202304,강원특별자치도,문화서비스,9093.0
202304,강원특별자치도,의료관광,75105.0
202304,강원특별자치도,뷰티,31732.0
202304,강원특별자치도,일반외식업,963490.0
202304,강원특별자치도,제과음료업,130918.0
202304,전북특별자치도,관광총소비,2711337.0
202304,전북특별자치도,호텔,57365.0
202304,전북특별자치도,콘도,11674.0
202304,전북특별자치도,캠핑장/펜션,3061.0
202304,전북특별자치도,기타숙박,313994.0
202304,전북특별자치도,여행업,1415.0
202304,전북특별자치도,육상운송,65375.0
202304,전북특별자치도,렌터카,15352.0
202304,전북특별자치도,기타관광쇼핑,474493.0
202304,전북특별자치도,레저용품쇼핑,45778.0
202304,전북특별자치도,대형쇼핑몰,477762.0
202304,전북특별자치도,관광유원시설,52.0
202304,전북특별자치도,골프장,7821.0
202304,전북특별자치도,기타레저,34300.0
202304,전북특별자치도,문화서비스,51814.0
202304,전북특별자치도,의료관광,126271.0
202304,전북특별자치도,뷰티,59369.0
202304,전북특별자치도,일반외식업,831225.0
202304,전북특별자치도,제과음료업,134216.0
202304,기타(지역 미분류),관광총소비,1.8410067E8
202304,기타(지역 미분류),호텔,5.7593164E7
202304,기타(지역 미분류),콘도,1985040.0
202304,기타(지역 미분류),캠핑장/펜션,399424.0
202304,기타(지역 미분류),기타숙박,2.3335753E7
202304,기타(지역 미분류),여행업,968710.0
202304,기타(지역 미분류),육상운송,1.0235203E7
202304,기타(지역 미분류),수상운송,2982.0
202304,기타(지역 미분류),항공운송,4.6143356E7
202304,기타(지역 미분류),렌터카,474361.0
202304,기타(지역 미분류),면세점,1.5287171E7
202304,기타(지역 미분류),기타관광쇼핑,84300.0
202304,기타(지역 미분류),레저용품쇼핑,491893.0
202304,기타(지역 미분류),관광유원시설,398749.0
202304,기타(지역 미분류),골프장,1826310.0
202304,기타(지역 미분류),기타레저,178151.0
202304,기타(지역 미분류),문화서비스,675500.0
202304,기타(지역 미분류),의료관광,7594495.0
202304,기타(지역 미분류),뷰티,788641.0
202304,기타(지역 미분류),일반외식업,1.3121171E7
202304,기타(지역 미분류),제과음료업,2516295.0
202305,서울특별시,관광총소비,5.0365609E8
202305,서울특별시,호텔,6.9334228E7
202305,서울특별시,콘도,59065.0
202305,서울특별시,캠핑장/펜션,226298.0
202305,서울특별시,기타숙박,1.5030106E7
202305,서울특별시,여행업,632553.0
202305,서울특별시,육상운송,1.3214916E7
202305,서울특별시,수상운송,47519.0
202305,서울특별시,항공운송,1174303.0
202305,서울특별시,렌터카,108003.0
202305,서울특별시,면세점,2.0707957E7
202305,서울특별시,기타관광쇼핑,9.949906E7
202305,서울특별시,레저용품쇼핑,9518152.0
202305,서울특별시,대형쇼핑몰,1.17359272E8
202305,서울특별시,카지노,2.5449675E7
202305,서울특별시,관광유원시설,13875.0
202305,서울특별시,골프장,70511.0
202305,서울특별시,기타레저,1610736.0
202305,서울특별시,문화서비스,919659.0
202305,서울특별시,의료관광,4.5208378E7
202305,서울특별시,뷰티,1.7573153E7
202305,서울특별시,일반외식업,5.4660933E7
202305,서울특별시,제과음료업,1.1237737E7
202305,부산광역시,관광총소비,4.6489328E7
202305,부산광역시,호텔,4022255.0
202305,부산광역시,캠핑장/펜션,21088.0
202305,부산광역시,기타숙박,2765974.0
202305,부산광역시,여행업,16601.0
202305,부산광역시,육상운송,317935.0
202305,부산광역시,수상운송,25978.0
202305,부산광역시,항공운송,9700.0
202305,부산광역시,렌터카,22311.0
202305,부산광역시,면세점,1582744.0
202305,부산광역시,기타관광쇼핑,5646875.0
202305,부산광역시,레저용품쇼핑,151942.0
202305,부산광역시,대형쇼핑몰,1.6643558E7
202305,부산광역시,카지노,5873250.0
202305,부산광역시,관광유원시설,137263.0
202305,부산광역시,골프장,41570.0
202305,부산광역시,기타레저,291115.0
202305,부산광역시,문화서비스,24592.0
202305,부산광역시,의료관광,1032821.0
202305,부산광역시,뷰티,1549615.0
202305,부산광역시,일반외식업,5414240.0
202305,부산광역시,제과음료업,897901.0
202305,대구광역시,관광총소비,5389810.0
202305,대구광역시,호텔,1020872.0
202305,대구광역시,콘도,45.0
202305,대구광역시,캠핑장/펜션,265.0
202305,대구광역시,기타숙박,267881.0
202305,대구광역시,여행업,375.0
202305,대구광역시,육상운송,61956.0
202305,대구광역시,항공운송,43757.0
202305,대구광역시,렌터카,3815.0
202305,대구광역시,기타관광쇼핑,782132.0
202305,대구광역시,레저용품쇼핑,127638.0
202305,대구광역시,대형쇼핑몰,1208374.0
202305,대구광역시,관광유원시설,40892.0
202305,대구광역시,골프장,16147.0
202305,대구광역시,기타레저,36464.0
202305,대구광역시,문화서비스,9460.0
202305,대구광역시,의료관광,407400.0
202305,대구광역시,뷰티,99344.0
202305,대구광역시,일반외식업,1080610.0
202305,대구광역시,제과음료업,182383.0
202305,인천광역시,관광총소비,6.2736389E7
202305,인천광역시,호텔,2.2787405E7
202305,인천광역시,캠핑장/펜션,10914.0
202305,인천광역시,기타숙박,1020525.0
202305,인천광역시,여행업,5884.0
202305,인천광역시,육상운송,429546.0
202305,인천광역시,렌터카,501936.0
202305,인천광역시,면세점,2.4597607E7
202305,인천광역시,기타관광쇼핑,2694946.0
202305,인천광역시,레저용품쇼핑,194444.0
202305,인천광역시,대형쇼핑몰,3756582.0
202305,인천광역시,관광유원시설,9165.0
202305,인천광역시,골프장,24720.0
202305,인천광역시,기타레저,105786.0
202305,인천광역시,문화서비스,7875.0
202305,인천광역시,의료관광,1038629.0
202305,인천광역시,뷰티,240967.0
202305,인천광역시,일반외식업,3873835.0
202305,인천광역시,제과음료업,1435622.0
202305,광주광역시,관광총소비,1758169.0
202305,광주광역시,호텔,20704.0
202305,광주광역시,캠핑장/펜션,3091.0
202305,광주광역시,기타숙박,196282.0
202305,광주광역시,육상운송,13054.0
202305,광주광역시,렌터카,5242.0
202305,광주광역시,기타관광쇼핑,310436.0
202305,광주광역시,레저용품쇼핑,61483.0
202305,광주광역시,대형쇼핑몰,481776.0
202305,광주광역시,관광유원시설,221.0
202305,광주광역시,골프장,1382.0
202305,광주광역시,기타레저,19787.0
202305,광주광역시,문화서비스,49203.0
202305,광주광역시,의료관광,95902.0
202305,광주광역시,뷰티,34350.0
202305,광주광역시,일반외식업,391026.0
202305,광주광역시,제과음료업,74229.0
202305,대전광역시,관광총소비,3855496.0
202305,대전광역시,호텔,361127.0
202305,대전광역시,기타숙박,373147.0
202305,대전광역시,여행업,10.0
202305,대전광역시,육상운송,1374076.0
202305,대전광역시,렌터카,3973.0
202305,대전광역시,기타관광쇼핑,355012.0
202305,대전광역시,레저용품쇼핑,18050.0
202305,대전광역시,대형쇼핑몰,505555.0
202305,대전광역시,관광유원시설,1544.0
202305,대전광역시,골프장,3161.0
202305,대전광역시,기타레저,17809.0
202305,대전광역시,문화서비스,2234.0
202305,대전광역시,의료관광,204097.0
202305,대전광역시,뷰티,49515.0
202305,대전광역시,일반외식업,488195.0
202305,대전광역시,제과음료업,97992.0
202305,울산광역시,관광총소비,1414586.0
202305,울산광역시,호텔,531844.0
202305,울산광역시,캠핑장/펜션,2150.0
202305,울산광역시,기타숙박,55272.0
202305,울산광역시,여행업,443.0
202305,울산광역시,육상운송,24629.0
202305,울산광역시,렌터카,2098.0
202305,울산광역시,면세점,708.0
202305,울산광역시,기타관광쇼핑,133498.0
202305,울산광역시,레저용품쇼핑,3962.0
202305,울산광역시,대형쇼핑몰,259411.0
202305,울산광역시,골프장,12423.0
202305,울산광역시,기타레저,8546.0
202305,울산광역시,문화서비스,751.0
202305,울산광역시,의료관광,90180.0
202305,울산광역시,뷰티,30587.0
202305,울산광역시,일반외식업,230946.0
202305,울산광역시,제과음료업,27138.0
202305,세종특별자치시,관광총소비,287158.0
202305,세종특별자치시,기타숙박,23110.0
202305,세종특별자치시,육상운송,8527.0
202305,세종특별자치시,기타관광쇼핑,53904.0
202305,세종특별자치시,레저용품쇼핑,3941.0
202305,세종특별자치시,대형쇼핑몰,21858.0
202305,세종특별자치시,관광유원시설,90.0
202305,세종특별자치시,골프장,5472.0
202305,세종특별자치시,기타레저,6277.0
202305,세종특별자치시,문화서비스,398.0
202305,세종특별자치시,의료관광,29754.0
202305,세종특별자치시,뷰티,9006.0
202305,세종특별자치시,일반외식업,109230.0
202305,세종특별자치시,제과음료업,15590.0
202305,경기도,관광총소비,6.2662075E7
202305,경기도,호텔,4642061.0
202305,경기도,콘도,3356.0
202305,경기도,캠핑장/펜션,27616.0
202305,경기도,기타숙박,7821131.0
202305,경기도,여행업,61800.0
202305,경기도,육상운송,1340471.0
202305,경기도,수상운송,10376.0
202305,경기도,렌터카,439212.0
202305,경기도,기타관광쇼핑,8735815.0
202305,경기도,레저용품쇼핑,1353006.0
202305,경기도,대형쇼핑몰,1.664315E7
202305,경기도,관광유원시설,490196.0
202305,경기도,골프장,1105644.0
202305,경기도,기타레저,576200.0
202305,경기도,문화서비스,149246.0
202305,경기도,의료관광,3671697.0
202305,경기도,뷰티,1728060.0
202305,경기도,일반외식업,1.2316215E7
202305,경기도,제과음료업,1546820.0
202305,충청북도,관광총소비,1874732.0
202305,충청북도,호텔,19929.0
202305,충청북도,콘도,1134.0
202305,충청북도,캠핑장/펜션,781.0
202305,충청북도,기타숙박,379935.0
202305,충청북도,육상운송,67794.0
202305,충청북도,수상운송,898.0
202305,충청북도,항공운송,46.0
202305,충청북도,렌터카,1357.0
202305,충청북도,기타관광쇼핑,360260.0
202305,충청북도,레저용품쇼핑,42963.0
202305,충청북도,대형쇼핑몰,287979.0
202305,충청북도,관광유원시설,670.0
202305,충청북도,골프장,66694.0
202305,충청북도,기타레저,18147.0
202305,충청북도,문화서비스,506.0
202305,충청북도,의료관광,139435.0
202305,충청북도,뷰티,31890.0
202305,충청북도,일반외식업,395183.0
202305,충청북도,제과음료업,59131.0
202305,충청남도,관광총소비,2852660.0
202305,충청남도,호텔,150274.0
202305,충청남도,콘도,35410.0
202305,충청남도,캠핑장/펜션,1931.0
202305,충청남도,기타숙박,261316.0
202305,충청남도,여행업,4709.0
202305,충청남도,육상운송,119441.0
202305,충청남도,수상운송,96.0
202305,충청남도,렌터카,14073.0
202305,충청남도,기타관광쇼핑,674714.0
202305,충청남도,레저용품쇼핑,38589.0
202305,충청남도,대형쇼핑몰,438354.0
202305,충청남도,관광유원시설,724.0
202305,충청남도,골프장,49976.0
202305,충청남도,기타레저,26451.0
202305,충청남도,문화서비스,3688.0
202305,충청남도,의료관광,187575.0
202305,충청남도,뷰티,60256.0
202305,충청남도,일반외식업,674863.0
202305,충청남도,제과음료업,110220.0
202305,전라남도,관광총소비,2046826.0
202305,전라남도,호텔,199492.0
202305,전라남도,콘도,9468.0
202305,전라남도,캠핑장/펜션,6640.0
202305,전라남도,기타숙박,276504.0
202305,전라남도,여행업,3522.0
202305,전라남도,육상운송,56301.0
202305,전라남도,수상운송,601.0
202305,전라남도,렌터카,17146.0
202305,전라남도,면세점,183.0
202305,전라남도,기타관광쇼핑,353258.0
202305,전라남도,레저용품쇼핑,52674.0
202305,전라남도,대형쇼핑몰,317109.0
202305,전라남도,관광유원시설,628.0
202305,전라남도,골프장,50303.0
202305,전라남도,기타레저,45879.0
202305,전라남도,문화서비스,8585.0
202305,전라남도,의료관광,49642.0
202305,전라남도,뷰티,63678.0
202305,전라남도,일반외식업,454129.0
202305,전라남도,제과음료업,81083.0
202305,경상북도,관광총소비,4786822.0
202305,경상북도,호텔,402757.0
202305,경상북도,콘도,17600.0
202305,경상북도,캠핑장/펜션,32859.0
202305,경상북도,기타숙박,357569.0
202305,경상북도,여행업,4303.0
202305,경상북도,육상운송,126213.0
202305,경상북도,수상운송,236.0
202305,경상북도,렌터카,26187.0
202305,경상북도,기타관광쇼핑,1226295.0
202305,경상북도,레저용품쇼핑,63378.0
202305,경상북도,대형쇼핑몰,355419.0
202305,경상북도,관광유원시설,3225.0
202305,경상북도,골프장,172374.0
202305,경상북도,기타레저,39549.0
202305,경상북도,문화서비스,5278.0
202305,경상북도,의료관광,92036.0
202305,경상북도,뷰티,140339.0
202305,경상북도,일반외식업,1504136.0
202305,경상북도,제과음료업,217068.0
202305,경상남도,관광총소비,4569630.0
202305,경상남도,호텔,340129.0
202305,경상남도,콘도,3646.0
202305,경상남도,캠핑장/펜션,9165.0
202305,경상남도,기타숙박,622965.0
202305,경상남도,육상운송,121452.0
202305,경상남도,수상운송,260.0
202305,경상남도,렌터카,18266.0
202305,경상남도,기타관광쇼핑,469631.0
202305,경상남도,레저용품쇼핑,144807.0
202305,경상남도,대형쇼핑몰,1197107.0
202305,경상남도,관광유원시설,1534.0
202305,경상남도,골프장,157594.0
202305,경상남도,기타레저,42431.0
202305,경상남도,문화서비스,2751.0
202305,경상남도,의료관광,237306.0
202305,경상남도,뷰티,62182.0
202305,경상남도,일반외식업,1036697.0
202305,경상남도,제과음료업,101708.0
202305,제주특별자치도,관광총소비,2.3665631E7
202305,제주특별자치도,호텔,2138505.0
202305,제주특별자치도,콘도,1427272.0
202305,제주특별자치도,캠핑장/펜션,42450.0
202305,제주특별자치도,기타숙박,1599164.0
202305,제주특별자치도,여행업,223179.0
202305,제주특별자치도,육상운송,299649.0
202305,제주특별자치도,수상운송,34057.0
202305,제주특별자치도,항공운송,27826.0
202305,제주특별자치도,렌터카,1339961.0
202305,제주특별자치도,면세점,1945441.0
202305,제주특별자치도,기타관광쇼핑,4693628.0
202305,제주특별자치도,레저용품쇼핑,827731.0
202305,제주특별자치도,대형쇼핑몰,1582605.0
202305,제주특별자치도,관광유원시설,34034.0
202305,제주특별자치도,골프장,283071.0
202305,제주특별자치도,기타레저,195629.0
202305,제주특별자치도,문화서비스,140350.0
202305,제주특별자치도,의료관광,796403.0
202305,제주특별자치도,뷰티,201106.0
202305,제주특별자치도,일반외식업,4812025.0
202305,제주특별자치도,제과음료업,1021544.0
202305,강원특별자치도,관광총소비,3903876.0
202305,강원특별자치도,호텔,196789.0
202305,강원특별자치도,콘도,202705.0
202305,강원특별자치도,캠핑장/펜션,9690.0
202305,강원특별자치도,기타숙박,764222.0
202305,강원특별자치도,여행업,4224.0
202305,강원특별자치도,육상운송,109016.0
202305,강원특별자치도,수상운송,379.0
202305,강원특별자치도,렌터카,15842.0
202305,강원특별자치도,면세점,94.0
202305,강원특별자치도,기타관광쇼핑,640781.0
202305,강원특별자치도,레저용품쇼핑,42873.0
202305,강원특별자치도,대형쇼핑몰,305556.0
202305,강원특별자치도,관광유원시설,22741.0
202305,강원특별자치도,골프장,256208.0
202305,강원특별자치도,기타레저,57586.0
202305,강원특별자치도,문화서비스,7784.0
202305,강원특별자치도,의료관광,110132.0
202305,강원특별자치도,뷰티,43346.0
202305,강원특별자치도,일반외식업,972569.0
202305,강원특별자치도,제과음료업,141341.0
202305,전북특별자치도,관광총소비,2999858.0
202305,전북특별자치도,호텔,104029.0
202305,전북특별자치도,콘도,9741.0
202305,전북특별자치도,캠핑장/펜션,1639.0
202305,전북특별자치도,기타숙박,360959.0
202305,전북특별자치도,여행업,60.0
202305,전북특별자치도,육상운송,70120.0
202305,전북특별자치도,렌터카,12518.0
202305,전북특별자치도,기타관광쇼핑,523057.0
202305,전북특별자치도,레저용품쇼핑,63121.0
202305,전북특별자치도,대형쇼핑몰,549714.0
202305,전북특별자치도,관광유원시설,2555.0
202305,전북특별자치도,골프장,9006.0
202305,전북특별자치도,기타레저,35760.0
202305,전북특별자치도,문화서비스,95462.0
202305,전북특별자치도,의료관광,162225.0
202305,전북특별자치도,뷰티,76464.0
202305,전북특별자치도,일반외식업,789700.0
202305,전북특별자치도,제과음료업,133727.0
202305,기타(지역 미분류),관광총소비,1.87866096E8
202305,기타(지역 미분류),호텔,5.9815091E7
202305,기타(지역 미분류),콘도,2400359.0
202305,기타(지역 미분류),캠핑장/펜션,367810.0
202305,기타(지역 미분류),기타숙박,2.4381878E7
202305,기타(지역 미분류),여행업,921113.0
202305,기타(지역 미분류),육상운송,9743559.0
202305,기타(지역 미분류),수상운송,5086.0
202305,기타(지역 미분류),항공운송,4.3165887E7
202305,기타(지역 미분류),렌터카,522584.0
202305,기타(지역 미분류),면세점,1.7702169E7
202305,기타(지역 미분류),기타관광쇼핑,86615.0
202305,기타(지역 미분류),레저용품쇼핑,516296.0
202305,기타(지역 미분류),관광유원시설,408994.0
202305,기타(지역 미분류),골프장,1929502.0
202305,기타(지역 미분류),기타레저,201695.0
202305,기타(지역 미분류),문화서비스,735265.0
202305,기타(지역 미분류),의료관광,8072293.0
202305,기타(지역 미분류),뷰티,828865.0
202305,기타(지역 미분류),일반외식업,1.3509042E7
202305,기타(지역 미분류),제과음료업,2551992.0
202306,서울특별시,관광총소비,5.14640103E8
202306,서울특별시,호텔,7.0625033E7
202306,서울특별시,콘도,89579.0
202306,서울특별시,캠핑장/펜션,244499.0
202306,서울특별시,기타숙박,1.5267865E7
202306,서울특별시,여행업,669072.0
202306,서울특별시,육상운송,1.4153513E7
202306,서울특별시,수상운송,33654.0
202306,서울특별시,항공운송,1261466.0
202306,서울특별시,렌터카,127231.0
202306,서울특별시,면세점,2.5590749E7
202306,서울특별시,기타관광쇼핑,1.00694233E8
202306,서울특별시,레저용품쇼핑,8291347.0
202306,서울특별시,대형쇼핑몰,1.12620767E8
202306,서울특별시,카지노,2.459149E7
202306,서울특별시,관광유원시설,21648.0
202306,서울특별시,골프장,117087.0
202306,서울특별시,기타레저,1681662.0
202306,서울특별시,문화서비스,1132552.0
202306,서울특별시,의료관광,4.6966616E7
202306,서울특별시,뷰티,1.9423783E7
202306,서울특별시,일반외식업,5.8501631E7
202306,서울특별시,제과음료업,1.2534625E7
202306,부산광역시,관광총소비,5.0128484E7
202306,부산광역시,호텔,4466761.0
202306,부산광역시,캠핑장/펜션,17787.0
202306,부산광역시,기타숙박,2939852.0
202306,부산광역시,여행업,50058.0
202306,부산광역시,육상운송,328315.0
202306,부산광역시,수상운송,26930.0
202306,부산광역시,항공운송,6404.0
202306,부산광역시,렌터카,31847.0
202306,부산광역시,면세점,1560102.0
202306,부산광역시,기타관광쇼핑,6825529.0
202306,부산광역시,레저용품쇼핑,176946.0
202306,부산광역시,대형쇼핑몰,1.7354864E7
202306,부산광역시,카지노,6347521.0
202306,부산광역시,관광유원시설,175042.0
202306,부산광역시,골프장,33047.0
202306,부산광역시,기타레저,348052.0
202306,부산광역시,문화서비스,26647.0
202306,부산광역시,의료관광,1035126.0
202306,부산광역시,뷰티,1585725.0
202306,부산광역시,일반외식업,5865274.0
202306,부산광역시,제과음료업,926656.0
202306,대구광역시,관광총소비,5130067.0
202306,대구광역시,호텔,1106391.0
202306,대구광역시,콘도,23.0
202306,대구광역시,캠핑장/펜션,2313.0
202306,대구광역시,기타숙박,272488.0
202306,대구광역시,육상운송,87655.0
202306,대구광역시,항공운송,24131.0
202306,대구광역시,렌터카,9404.0
202306,대구광역시,기타관광쇼핑,694604.0
202306,대구광역시,레저용품쇼핑,119562.0
202306,대구광역시,대형쇼핑몰,939394.0
202306,대구광역시,관광유원시설,38812.0
202306,대구광역시,골프장,11355.0
202306,대구광역시,기타레저,50147.0
202306,대구광역시,문화서비스,8076.0
202306,대구광역시,의료관광,363949.0
202306,대구광역시,뷰티,100453.0
202306,대구광역시,일반외식업,1011133.0
202306,대구광역시,제과음료업,290176.0
202306,인천광역시,관광총소비,5.5153815E7
202306,인천광역시,호텔,1.7484445E7
202306,인천광역시,캠핑장/펜션,9786.0
202306,인천광역시,기타숙박,950367.0
202306,인천광역시,여행업,19369.0
202306,인천광역시,육상운송,375209.0
202306,인천광역시,수상운송,150.0
202306,인천광역시,항공운송,404.0
202306,인천광역시,렌터카,461614.0
202306,인천광역시,면세점,2.336488E7
202306,인천광역시,기타관광쇼핑,2771346.0
202306,인천광역시,레저용품쇼핑,161878.0
202306,인천광역시,대형쇼핑몰,2955468.0
202306,인천광역시,관광유원시설,12014.0
202306,인천광역시,골프장,31102.0
202306,인천광역시,기타레저,109018.0
202306,인천광역시,문화서비스,6876.0
202306,인천광역시,의료관광,1069558.0
202306,인천광역시,뷰티,230714.0
202306,인천광역시,일반외식업,3636743.0
202306,인천광역시,제과음료업,1502874.0
202306,광주광역시,관광총소비,1650391.0
202306,광주광역시,호텔,31286.0
202306,광주광역시,캠핑장/펜션,1178.0
202306,광주광역시,기타숙박,155223.0
202306,광주광역시,육상운송,15164.0
202306,광주광역시,렌터카,396.0
202306,광주광역시,기타관광쇼핑,280787.0
202306,광주광역시,레저용품쇼핑,40140.0
202306,광주광역시,대형쇼핑몰,497883.0
202306,광주광역시,관광유원시설,351.0
202306,광주광역시,골프장,1333.0
202306,광주광역시,기타레저,17871.0
202306,광주광역시,문화서비스,59877.0
202306,광주광역시,의료관광,89848.0
202306,광주광역시,뷰티,38705.0
202306,광주광역시,일반외식업,357363.0
202306,광주광역시,제과음료업,62986.0
202306,대전광역시,관광총소비,4016989.0
202306,대전광역시,호텔,393367.0
202306,대전광역시,캠핑장/펜션,100.0
202306,대전광역시,기타숙박,320690.0
202306,대전광역시,여행업,14.0
202306,대전광역시,육상운송,1359610.0
202306,대전광역시,렌터카,6560.0
202306,대전광역시,기타관광쇼핑,319638.0
202306,대전광역시,레저용품쇼핑,19439.0
202306,대전광역시,대형쇼핑몰,738179.0
202306,대전광역시,관광유원시설,2354.0
202306,대전광역시,골프장,4605.0
202306,대전광역시,기타레저,30777.0
202306,대전광역시,문화서비스,3396.0
202306,대전광역시,의료관광,171430.0
202306,대전광역시,뷰티,50413.0
202306,대전광역시,일반외식업,502888.0
202306,대전광역시,제과음료업,93529.0
202306,울산광역시,관광총소비,1653260.0
202306,울산광역시,호텔,708474.0
202306,울산광역시,캠핑장/펜션,549.0
202306,울산광역시,기타숙박,93817.0
202306,울산광역시,여행업,2095.0
202306,울산광역시,육상운송,28574.0
202306,울산광역시,렌터카,1470.0
202306,울산광역시,면세점,184.0
202306,울산광역시,기타관광쇼핑,124103.0
202306,울산광역시,레저용품쇼핑,5294.0
202306,울산광역시,대형쇼핑몰,290087.0
202306,울산광역시,관광유원시설,71.0
202306,울산광역시,골프장,11897.0
202306,울산광역시,기타레저,5653.0
202306,울산광역시,문화서비스,372.0
202306,울산광역시,의료관광,76220.0
202306,울산광역시,뷰티,26670.0
202306,울산광역시,일반외식업,246071.0
202306,울산광역시,제과음료업,31658.0
202306,세종특별자치시,관광총소비,280021.0
202306,세종특별자치시,기타숙박,32723.0
202306,세종특별자치시,육상운송,8132.0
202306,세종특별자치시,기타관광쇼핑,45318.0
202306,세종특별자치시,레저용품쇼핑,2947.0
202306,세종특별자치시,대형쇼핑몰,26515.0
202306,세종특별자치시,관광유원시설,32.0
202306,세종특별자치시,골프장,5076.0
202306,세종특별자치시,기타레저,6109.0
202306,세종특별자치시,문화서비스,397.0
202306,세종특별자치시,의료관광,32037.0
202306,세종특별자치시,뷰티,10708.0
202306,세종특별자치시,일반외식업,94725.0
202306,세종특별자치시,제과음료업,15302.0
202306,경기도,관광총소비,6.1340519E7
202306,경기도,호텔,4639152.0
202306,경기도,콘도,5042.0
202306,경기도,캠핑장/펜션,26481.0
202306,경기도,기타숙박,7624928.0
202306,경기도,여행업,73048.0
202306,경기도,육상운송,1492860.0
202306,경기도,수상운송,12100.0
202306,경기도,렌터카,496089.0
202306,경기도,기타관광쇼핑,8515057.0
202306,경기도,레저용품쇼핑,1400731.0
202306,경기도,대형쇼핑몰,1.484185E7
202306,경기도,관광유원시설,714481.0
202306,경기도,골프장,1024332.0
202306,경기도,기타레저,667586.0
202306,경기도,문화서비스,158302.0
202306,경기도,의료관광,3838494.0
202306,경기도,뷰티,1781742.0
202306,경기도,일반외식업,1.2506217E7
202306,경기도,제과음료업,1522027.0
202306,충청북도,관광총소비,1812653.0
202306,충청북도,호텔,33537.0
202306,충청북도,콘도,1402.0
202306,충청북도,캠핑장/펜션,919.0
202306,충청북도,기타숙박,425071.0
202306,충청북도,여행업,6.0
202306,충청북도,육상운송,67437.0
202306,충청북도,수상운송,1061.0
202306,충청북도,항공운송,20.0
202306,충청북도,렌터카,6284.0
202306,충청북도,면세점,1814.0
202306,충청북도,기타관광쇼핑,320537.0
202306,충청북도,레저용품쇼핑,19627.0
202306,충청북도,대형쇼핑몰,289195.0
202306,충청북도,관광유원시설,1771.0
202306,충청북도,골프장,70927.0
202306,충청북도,기타레저,25837.0
202306,충청북도,문화서비스,627.0
202306,충청북도,의료관광,77842.0
202306,충청북도,뷰티,37726.0
202306,충청북도,일반외식업,383633.0
202306,충청북도,제과음료업,47379.0
202306,충청남도,관광총소비,2772807.0
202306,충청남도,호텔,36433.0
202306,충청남도,콘도,61779.0
202306,충청남도,캠핑장/펜션,7507.0
202306,충청남도,기타숙박,285885.0
202306,충청남도,여행업,2308.0
202306,충청남도,육상운송,132403.0
202306,충청남도,수상운송,57.0
202306,충청남도,렌터카,25262.0
202306,충청남도,기타관광쇼핑,661490.0
202306,충청남도,레저용품쇼핑,42343.0
202306,충청남도,대형쇼핑몰,413470.0
202306,충청남도,관광유원시설,1118.0
202306,충청남도,골프장,34901.0
202306,충청남도,기타레저,40473.0
202306,충청남도,문화서비스,3016.0
202306,충청남도,의료관광,184848.0
202306,충청남도,뷰티,49322.0
202306,충청남도,일반외식업,685620.0
202306,충청남도,제과음료업,104573.0
202306,전라남도,관광총소비,1822041.0
202306,전라남도,호텔,120769.0
202306,전라남도,콘도,11947.0
202306,전라남도,캠핑장/펜션,2204.0
202306,전라남도,기타숙박,278856.0
202306,전라남도,여행업,1197.0
202306,전라남도,육상운송,47394.0
202306,전라남도,수상운송,758.0
202306,전라남도,렌터카,13724.0
202306,전라남도,면세점,559.0
202306,전라남도,기타관광쇼핑,327289.0
202306,전라남도,레저용품쇼핑,20373.0
202306,전라남도,대형쇼핑몰,322343.0
202306,전라남도,관광유원시설,704.0
202306,전라남도,골프장,37752.0
202306,전라남도,기타레저,45443.0
202306,전라남도,문화서비스,11092.0
202306,전라남도,의료관광,45742.0
202306,전라남도,뷰티,42866.0
202306,전라남도,일반외식업,422047.0
202306,전라남도,제과음료업,68983.0
202306,경상북도,관광총소비,4928270.0
202306,경상북도,호텔,423975.0
202306,경상북도,콘도,110408.0
202306,경상북도,캠핑장/펜션,28683.0
202306,경상북도,기타숙박,528634.0
202306,경상북도,여행업,1869.0
202306,경상북도,육상운송,120150.0
202306,경상북도,수상운송,319.0
202306,경상북도,렌터카,41735.0
202306,경상북도,기타관광쇼핑,1198405.0
202306,경상북도,레저용품쇼핑,59634.0
202306,경상북도,대형쇼핑몰,275705.0
202306,경상북도,관광유원시설,4821.0
202306,경상북도,골프장,186813.0
202306,경상북도,기타레저,50585.0
202306,경상북도,문화서비스,5315.0
202306,경상북도,의료관광,84486.0
202306,경상북도,뷰티,138918.0
202306,경상북도,일반외식업,1479826.0
202306,경상북도,제과음료업,187989.0
202306,경상남도,관광총소비,3798283.0
202306,경상남도,호텔,369500.0
202306,경상남도,콘도,2261.0
202306,경상남도,캠핑장/펜션,3220.0
202306,경상남도,기타숙박,561686.0
202306,경상남도,여행업,1654.0
202306,경상남도,육상운송,135843.0
202306,경상남도,수상운송,445.0
202306,경상남도,렌터카,29396.0
202306,경상남도,기타관광쇼핑,413533.0
202306,경상남도,레저용품쇼핑,140870.0
202306,경상남도,대형쇼핑몰,732698.0
202306,경상남도,관광유원시설,1617.0
202306,경상남도,골프장,63835.0
202306,경상남도,기타레저,39229.0
202306,경상남도,문화서비스,4629.0
202306,경상남도,의료관광,193851.0
202306,경상남도,뷰티,54009.0
202306,경상남도,일반외식업,956715.0
202306,경상남도,제과음료업,93293.0
202306,제주특별자치도,관광총소비,2.8252544E7
202306,제주특별자치도,호텔,2189392.0
202306,제주특별자치도,콘도,1774554.0
202306,제주특별자치도,캠핑장/펜션,32101.0
202306,제주특별자치도,기타숙박,1488482.0
202306,제주특별자치도,여행업,783795.0
202306,제주특별자치도,육상운송,303726.0
202306,제주특별자치도,수상운송,56047.0
202306,제주특별자치도,항공운송,76433.0
202306,제주특별자치도,렌터카,1220303.0
202306,제주특별자치도,면세점,2285547.0
202306,제주특별자치도,기타관광쇼핑,5449433.0
202306,제주특별자치도,레저용품쇼핑,804860.0
202306,제주특별자치도,대형쇼핑몰,1960890.0
202306,제주특별자치도,관광유원시설,56558.0
202306,제주특별자치도,골프장,313351.0
202306,제주특별자치도,기타레저,201549.0
202306,제주특별자치도,문화서비스,196216.0
202306,제주특별자치도,의료관광,847316.0
202306,제주특별자치도,뷰티,230717.0
202306,제주특별자치도,일반외식업,6510867.0
202306,제주특별자치도,제과음료업,1470407.0
202306,강원특별자치도,관광총소비,3993675.0
202306,강원특별자치도,호텔,217474.0
202306,강원특별자치도,콘도,182759.0
202306,강원특별자치도,캠핑장/펜션,9880.0
202306,강원특별자치도,기타숙박,869589.0
202306,강원특별자치도,여행업,5139.0
202306,강원특별자치도,육상운송,115797.0
202306,강원특별자치도,수상운송,1204.0
202306,강원특별자치도,렌터카,13667.0
202306,강원특별자치도,면세점,104.0
202306,강원특별자치도,기타관광쇼핑,638901.0
202306,강원특별자치도,레저용품쇼핑,84369.0
202306,강원특별자치도,대형쇼핑몰,282554.0
202306,강원특별자치도,관광유원시설,25886.0
202306,강원특별자치도,골프장,215060.0
202306,강원특별자치도,기타레저,67455.0
202306,강원특별자치도,문화서비스,7252.0
202306,강원특별자치도,의료관광,90974.0
202306,강원특별자치도,뷰티,32020.0
202306,강원특별자치도,일반외식업,994716.0
202306,강원특별자치도,제과음료업,138875.0
202306,전북특별자치도,관광총소비,2380585.0
202306,전북특별자치도,호텔,34131.0
202306,전북특별자치도,콘도,5193.0
202306,전북특별자치도,캠핑장/펜션,2046.0
202306,전북특별자치도,기타숙박,186762.0
202306,전북특별자치도,육상운송,55654.0
202306,전북특별자치도,수상운송,45.0
202306,전북특별자치도,렌터카,10710.0
202306,전북특별자치도,기타관광쇼핑,424387.0
202306,전북특별자치도,레저용품쇼핑,58606.0
202306,전북특별자치도,대형쇼핑몰,459309.0
202306,전북특별자치도,관광유원시설,224.0
202306,전북특별자치도,골프장,7331.0
202306,전북특별자치도,기타레저,43035.0
202306,전북특별자치도,문화서비스,43800.0
202306,전북특별자치도,의료관광,141309.0
202306,전북특별자치도,뷰티,59889.0
202306,전북특별자치도,일반외식업,733063.0
202306,전북특별자치도,제과음료업,115091.0
202306,기타(지역 미분류),관광총소비,1.92077586E8
202306,기타(지역 미분류),호텔,6.0580668E7
202306,기타(지역 미분류),콘도,2074313.0
202306,기타(지역 미분류),캠핑장/펜션,280143.0
202306,기타(지역 미분류),기타숙박,2.4122854E7
202306,기타(지역 미분류),여행업,1129016.0
202306,기타(지역 미분류),육상운송,1.0179765E7
202306,기타(지역 미분류),수상운송,7451.0
202306,기타(지역 미분류),항공운송,4.6022732E7
202306,기타(지역 미분류),렌터카,477513.0
202306,기타(지역 미분류),면세점,1.757835E7
202306,기타(지역 미분류),기타관광쇼핑,96007.0
202306,기타(지역 미분류),레저용품쇼핑,543554.0
202306,기타(지역 미분류),관광유원시설,406080.0
202306,기타(지역 미분류),골프장,2156736.0
202306,기타(지역 미분류),기타레저,281963.0
202306,기타(지역 미분류),문화서비스,779161.0
202306,기타(지역 미분류),의료관광,8385783.0
202306,기타(지역 미분류),뷰티,991286.0
202306,기타(지역 미분류),일반외식업,1.3435787E7
202306,기타(지역 미분류),제과음료업,2548424.0
202307,서울특별시,관광총소비,5.12158464E8
202307,서울특별시,호텔,7.0547017E7
202307,서울특별시,콘도,193828.0
202307,서울특별시,캠핑장/펜션,242694.0
202307,서울특별시,기타숙박,1.4318561E7
202307,서울특별시,여행업,692203.0
202307,서울특별시,육상운송,1.2329245E7
202307,서울특별시,수상운송,30986.0
202307,서울특별시,항공운송,1373872.0
202307,서울특별시,렌터카,154647.0
202307,서울특별시,면세점,2.5431346E7
202307,서울특별시,기타관광쇼핑,9.5627506E7
202307,서울특별시,레저용품쇼핑,7868482.0
202307,서울특별시,대형쇼핑몰,1.16786146E8
202307,서울특별시,카지노,3.1196493E7
202307,서울특별시,관광유원시설,17943.0
202307,서울특별시,골프장,98036.0
202307,서울특별시,기타레저,1658765.0
202307,서울특별시,문화서비스,1555699.0
202307,서울특별시,의료관광,4.363374E7
202307,서울특별시,뷰티,1.8092798E7
202307,서울특별시,일반외식업,5.7031223E7
202307,서울특별시,제과음료업,1.3277234E7
202307,부산광역시,관광총소비,4.6276989E7
202307,부산광역시,호텔,3500821.0
202307,부산광역시,캠핑장/펜션,22146.0
202307,부산광역시,기타숙박,2615705.0
202307,부산광역시,여행업,13964.0
202307,부산광역시,육상운송,304971.0
202307,부산광역시,수상운송,20681.0
202307,부산광역시,항공운송,5274.0
202307,부산광역시,렌터카,25511.0
202307,부산광역시,면세점,1589338.0
202307,부산광역시,기타관광쇼핑,6550767.0
202307,부산광역시,레저용품쇼핑,198763.0
202307,부산광역시,대형쇼핑몰,1.6246632E7
202307,부산광역시,카지노,5766100.0
202307,부산광역시,관광유원시설,235206.0
202307,부산광역시,골프장,36333.0
202307,부산광역시,기타레저,307363.0
202307,부산광역시,문화서비스,32564.0
202307,부산광역시,의료관광,930001.0
202307,부산광역시,뷰티,1776267.0
202307,부산광역시,일반외식업,5250765.0
202307,부산광역시,제과음료업,847817.0
202307,대구광역시,관광총소비,5349026.0
202307,대구광역시,호텔,1001685.0
202307,대구광역시,콘도,23.0
202307,대구광역시,캠핑장/펜션,1204.0
202307,대구광역시,기타숙박,320653.0
202307,대구광역시,육상운송,89198.0
202307,대구광역시,항공운송,9322.0
202307,대구광역시,렌터카,6920.0
202307,대구광역시,기타관광쇼핑,641280.0
202307,대구광역시,레저용품쇼핑,134852.0
202307,대구광역시,대형쇼핑몰,906423.0
202307,대구광역시,관광유원시설,46135.0
202307,대구광역시,골프장,9643.0
202307,대구광역시,기타레저,45904.0
202307,대구광역시,문화서비스,10798.0
202307,대구광역시,의료관광,428765.0
202307,대구광역시,뷰티,124148.0
202307,대구광역시,일반외식업,1065016.0
202307,대구광역시,제과음료업,507056.0
202307,인천광역시,관광총소비,5.5320556E7
202307,인천광역시,호텔,1.9908062E7
202307,인천광역시,캠핑장/펜션,12172.0
202307,인천광역시,기타숙박,1302132.0
202307,인천광역시,여행업,14298.0
202307,인천광역시,육상운송,388228.0
202307,인천광역시,수상운송,78.0
202307,인천광역시,렌터카,513411.0
202307,인천광역시,면세점,1.9895002E7
202307,인천광역시,기타관광쇼핑,2845607.0
202307,인천광역시,레저용품쇼핑,122993.0
202307,인천광역시,대형쇼핑몰,3385442.0
202307,인천광역시,관광유원시설,10198.0
202307,인천광역시,골프장,26082.0
202307,인천광역시,기타레저,108526.0
202307,인천광역시,문화서비스,7119.0
202307,인천광역시,의료관광,953332.0
202307,인천광역시,뷰티,233795.0
202307,인천광역시,일반외식업,3913844.0
202307,인천광역시,제과음료업,1680235.0
202307,광주광역시,관광총소비,1571079.0
202307,광주광역시,호텔,36284.0
202307,광주광역시,캠핑장/펜션,2043.0
202307,광주광역시,기타숙박,197581.0
202307,광주광역시,육상운송,14942.0
202307,광주광역시,기타관광쇼핑,234975.0
202307,광주광역시,레저용품쇼핑,41427.0
202307,광주광역시,대형쇼핑몰,542033.0
202307,광주광역시,관광유원시설,688.0
202307,광주광역시,골프장,1468.0
202307,광주광역시,기타레저,17117.0
202307,광주광역시,문화서비스,63959.0
202307,광주광역시,의료관광,112500.0
202307,광주광역시,뷰티,22307.0
202307,광주광역시,일반외식업,237990.0
202307,광주광역시,제과음료업,45763.0
202307,대전광역시,관광총소비,4288864.0
202307,대전광역시,호텔,606386.0
202307,대전광역시,캠핑장/펜션,155.0
202307,대전광역시,기타숙박,408411.0
202307,대전광역시,여행업,113.0
202307,대전광역시,육상운송,1280294.0
202307,대전광역시,렌터카,17640.0
202307,대전광역시,기타관광쇼핑,288415.0
202307,대전광역시,레저용품쇼핑,34609.0
202307,대전광역시,대형쇼핑몰,792006.0
202307,대전광역시,관광유원시설,1909.0
202307,대전광역시,골프장,4547.0
202307,대전광역시,기타레저,22065.0
202307,대전광역시,문화서비스,5065.0
202307,대전광역시,의료관광,238186.0
202307,대전광역시,뷰티,43046.0
202307,대전광역시,일반외식업,471240.0
202307,대전광역시,제과음료업,74776.0
202307,울산광역시,관광총소비,1357464.0
202307,울산광역시,호텔,452412.0
202307,울산광역시,캠핑장/펜션,2076.0
202307,울산광역시,기타숙박,79776.0
202307,울산광역시,여행업,467.0
202307,울산광역시,육상운송,26094.0
202307,울산광역시,렌터카,1261.0
202307,울산광역시,기타관광쇼핑,114317.0
202307,울산광역시,레저용품쇼핑,6599.0
202307,울산광역시,대형쇼핑몰,301266.0
202307,울산광역시,관광유원시설,44.0
202307,울산광역시,골프장,9098.0
202307,울산광역시,기타레저,5872.0
202307,울산광역시,문화서비스,496.0
202307,울산광역시,의료관광,51737.0
202307,울산광역시,뷰티,23872.0
202307,울산광역시,일반외식업,251839.0
202307,울산광역시,제과음료업,30239.0
202307,세종특별자치시,관광총소비,350389.0
202307,세종특별자치시,기타숙박,75142.0
202307,세종특별자치시,여행업,3733.0
202307,세종특별자치시,육상운송,11045.0
202307,세종특별자치시,기타관광쇼핑,35381.0
202307,세종특별자치시,레저용품쇼핑,2719.0
202307,세종특별자치시,대형쇼핑몰,29437.0
202307,세종특별자치시,관광유원시설,239.0
202307,세종특별자치시,골프장,11818.0
202307,세종특별자치시,기타레저,3639.0
202307,세종특별자치시,문화서비스,1001.0
202307,세종특별자치시,의료관광,57650.0
202307,세종특별자치시,뷰티,10712.0
202307,세종특별자치시,일반외식업,93597.0
202307,세종특별자치시,제과음료업,14275.0
202307,경기도,관광총소비,6.0274067E7
202307,경기도,호텔,4213695.0
202307,경기도,콘도,4904.0
202307,경기도,캠핑장/펜션,23512.0
202307,경기도,기타숙박,7524147.0
202307,경기도,여행업,82802.0
202307,경기도,육상운송,1628332.0
202307,경기도,수상운송,10387.0
202307,경기도,렌터카,497015.0
202307,경기도,기타관광쇼핑,8560346.0
202307,경기도,레저용품쇼핑,1382234.0
202307,경기도,대형쇼핑몰,1.5701592E7
202307,경기도,관광유원시설,780175.0
202307,경기도,골프장,870476.0
202307,경기도,기타레저,691171.0
202307,경기도,문화서비스,202791.0
202307,경기도,의료관광,3103652.0
202307,경기도,뷰티,1719390.0
202307,경기도,일반외식업,1.1754284E7
202307,경기도,제과음료업,1523163.0
202307,충청북도,관광총소비,1692100.0
202307,충청북도,호텔,42994.0
202307,충청북도,콘도,1866.0
202307,충청북도,캠핑장/펜션,632.0
202307,충청북도,기타숙박,398392.0
202307,충청북도,여행업,4062.0
202307,충청북도,육상운송,72071.0
202307,충청북도,수상운송,240.0
202307,충청북도,항공운송,186.0
202307,충청북도,렌터카,6855.0
202307,충청북도,면세점,2978.0
202307,충청북도,기타관광쇼핑,286978.0
202307,충청북도,레저용품쇼핑,25239.0
202307,충청북도,대형쇼핑몰,276532.0
202307,충청북도,관광유원시설,2100.0
202307,충청북도,골프장,46945.0
202307,충청북도,기타레저,33226.0
202307,충청북도,문화서비스,1602.0
202307,충청북도,의료관광,60716.0
202307,충청북도,뷰티,36630.0
202307,충청북도,일반외식업,344352.0
202307,충청북도,제과음료업,47504.0
202307,충청남도,관광총소비,3049713.0
202307,충청남도,호텔,99936.0
202307,충청남도,콘도,77503.0
202307,충청남도,캠핑장/펜션,5250.0
202307,충청남도,기타숙박,313544.0
202307,충청남도,여행업,1276.0
202307,충청남도,육상운송,145668.0
202307,충청남도,수상운송,81.0
202307,충청남도,렌터카,41777.0
202307,충청남도,기타관광쇼핑,708902.0
202307,충청남도,레저용품쇼핑,61966.0
202307,충청남도,대형쇼핑몰,446334.0
202307,충청남도,관광유원시설,1275.0
202307,충청남도,골프장,26733.0
202307,충청남도,기타레저,35821.0
202307,충청남도,문화서비스,2460.0
202307,충청남도,의료관광,197198.0
202307,충청남도,뷰티,49164.0
202307,충청남도,일반외식업,721836.0
202307,충청남도,제과음료업,112990.0
202307,전라남도,관광총소비,2290653.0
202307,전라남도,호텔,80416.0
202307,전라남도,콘도,11206.0
202307,전라남도,캠핑장/펜션,4287.0
202307,전라남도,기타숙박,350158.0
202307,전라남도,여행업,1240.0
202307,전라남도,육상운송,49772.0
202307,전라남도,수상운송,1562.0
202307,전라남도,렌터카,18263.0
202307,전라남도,면세점,86.0
202307,전라남도,기타관광쇼핑,383739.0
202307,전라남도,레저용품쇼핑,20567.0
202307,전라남도,대형쇼핑몰,560015.0
202307,전라남도,관광유원시설,15943.0
202307,전라남도,골프장,28902.0
202307,전라남도,기타레저,44678.0
202307,전라남도,문화서비스,38431.0
202307,전라남도,의료관광,45498.0
202307,전라남도,뷰티,64493.0
202307,전라남도,일반외식업,487339.0
202307,전라남도,제과음료업,84056.0
202307,경상북도,관광총소비,4653164.0
202307,경상북도,호텔,383228.0
202307,경상북도,콘도,22353.0
202307,경상북도,캠핑장/펜션,27418.0
202307,경상북도,기타숙박,502382.0
202307,경상북도,여행업,4082.0
202307,경상북도,육상운송,134526.0
202307,경상북도,수상운송,160.0
202307,경상북도,렌터카,36423.0
202307,경상북도,기타관광쇼핑,1082673.0
202307,경상북도,레저용품쇼핑,48554.0
202307,경상북도,대형쇼핑몰,259599.0
202307,경상북도,관광유원시설,5274.0
202307,경상북도,골프장,176321.0
202307,경상북도,기타레저,52243.0
202307,경상북도,문화서비스,6876.0
202307,경상북도,의료관광,128608.0
202307,경상북도,뷰티,134602.0
202307,경상북도,일반외식업,1447416.0
202307,경상북도,제과음료업,200425.0
202307,경상남도,관광총소비,4391441.0
202307,경상남도,호텔,417122.0
202307,경상남도,콘도,5061.0
202307,경상남도,캠핑장/펜션,2842.0
202307,경상남도,기타숙박,696615.0
202307,경상남도,여행업,2610.0
202307,경상남도,육상운송,124352.0
202307,경상남도,수상운송,105.0
202307,경상남도,렌터카,13226.0
202307,경상남도,기타관광쇼핑,443467.0
202307,경상남도,레저용품쇼핑,144940.0
202307,경상남도,대형쇼핑몰,1051979.0
202307,경상남도,관광유원시설,1639.0
202307,경상남도,골프장,46789.0
202307,경상남도,기타레저,36223.0
202307,경상남도,문화서비스,7351.0
202307,경상남도,의료관광,194677.0
202307,경상남도,뷰티,60465.0
202307,경상남도,일반외식업,1034751.0
202307,경상남도,제과음료업,107228.0
202307,제주특별자치도,관광총소비,3.2624623E7
202307,제주특별자치도,호텔,2937798.0
202307,제주특별자치도,콘도,2752268.0
202307,제주특별자치도,캠핑장/펜션,59293.0
202307,제주특별자치도,기타숙박,1300548.0
202307,제주특별자치도,여행업,1077644.0
202307,제주특별자치도,육상운송,260035.0
202307,제주특별자치도,수상운송,101080.0
202307,제주특별자치도,항공운송,43914.0
202307,제주특별자치도,렌터카,953207.0
202307,제주특별자치도,면세점,2270940.0
202307,제주특별자치도,기타관광쇼핑,5939755.0
202307,제주특별자치도,레저용품쇼핑,1108920.0
202307,제주특별자치도,대형쇼핑몰,2313655.0
202307,제주특별자치도,관광유원시설,58937.0
202307,제주특별자치도,골프장,328134.0
202307,제주특별자치도,기타레저,179382.0
202307,제주특별자치도,문화서비스,326743.0
202307,제주특별자치도,의료관광,788213.0
202307,제주특별자치도,뷰티,276553.0
202307,제주특별자치도,일반외식업,7897738.0
202307,제주특별자치도,제과음료업,1649865.0
202307,강원특별자치도,관광총소비,4149105.0
202307,강원특별자치도,호텔,213024.0
202307,강원특별자치도,콘도,134539.0
202307,강원특별자치도,캠핑장/펜션,23698.0
202307,강원특별자치도,기타숙박,863862.0
202307,강원특별자치도,여행업,3987.0
202307,강원특별자치도,육상운송,106158.0
202307,강원특별자치도,수상운송,600.0
202307,강원특별자치도,렌터카,8846.0
202307,강원특별자치도,면세점,562.0
202307,강원특별자치도,기타관광쇼핑,699854.0
202307,강원특별자치도,레저용품쇼핑,54879.0
202307,강원특별자치도,대형쇼핑몰,286469.0
202307,강원특별자치도,관광유원시설,40836.0
202307,강원특별자치도,골프장,251810.0
202307,강원특별자치도,기타레저,88252.0
202307,강원특별자치도,문화서비스,13967.0
202307,강원특별자치도,의료관광,109975.0
202307,강원특별자치도,뷰티,34841.0
202307,강원특별자치도,일반외식업,1062555.0
202307,강원특별자치도,제과음료업,150390.0
202307,전북특별자치도,관광총소비,2558124.0
202307,전북특별자치도,호텔,40646.0
202307,전북특별자치도,콘도,6911.0
202307,전북특별자치도,캠핑장/펜션,4176.0
202307,전북특별자치도,기타숙박,219579.0
202307,전북특별자치도,육상운송,75486.0
202307,전북특별자치도,렌터카,21400.0
202307,전북특별자치도,기타관광쇼핑,495144.0
202307,전북특별자치도,레저용품쇼핑,36142.0
202307,전북특별자치도,대형쇼핑몰,494981.0
202307,전북특별자치도,관광유원시설,871.0
202307,전북특별자치도,골프장,7085.0
202307,전북특별자치도,기타레저,66782.0
202307,전북특별자치도,문화서비스,84041.0
202307,전북특별자치도,의료관광,132047.0
202307,전북특별자치도,뷰티,59293.0
202307,전북특별자치도,일반외식업,695936.0
202307,전북특별자치도,제과음료업,117604.0
202307,기타(지역 미분류),관광총소비,2.07882093E8
202307,기타(지역 미분류),호텔,6.4601402E7
202307,기타(지역 미분류),콘도,2727643.0
202307,기타(지역 미분류),캠핑장/펜션,240703.0
202307,기타(지역 미분류),기타숙박,2.7836346E7
202307,기타(지역 미분류),여행업,1336661.0
202307,기타(지역 미분류),육상운송,9514152.0
202307,기타(지역 미분류),수상운송,13341.0
202307,기타(지역 미분류),항공운송,5.6088824E7
202307,기타(지역 미분류),렌터카,459937.0
202307,기타(지역 미분류),면세점,1.6584956E7
202307,기타(지역 미분류),기타관광쇼핑,76566.0
202307,기타(지역 미분류),레저용품쇼핑,434061.0
202307,기타(지역 미분류),관광유원시설,492517.0
202307,기타(지역 미분류),골프장,2884000.0
202307,기타(지역 미분류),기타레저,275080.0
202307,기타(지역 미분류),문화서비스,867060.0
202307,기타(지역 미분류),의료관광,7400115.0
202307,기타(지역 미분류),뷰티,921114.0
202307,기타(지역 미분류),일반외식업,1.2679652E7
202307,기타(지역 미분류),제과음료업,2447962.0
202308,서울특별시,관광총소비,4.91925277E8
202308,서울특별시,호텔,7.1330988E7
202308,서울특별시,콘도,222681.0
202308,서울특별시,캠핑장/펜션,241791.0
202308,서울특별시,기타숙박,1.3576925E7
202308,서울특별시,여행업,645703.0
202308,서울특별시,육상운송,1.2500482E7
202308,서울특별시,수상운송,40340.0
202308,서울특별시,항공운송,1338232.0
202308,서울특별시,렌터카,174360.0
202308,서울특별시,면세점,2.7672108E7
202308,서울특별시,기타관광쇼핑,8.7920872E7
202308,서울특별시,레저용품쇼핑,8047006.0
202308,서울특별시,대형쇼핑몰,1.14753277E8
202308,서울특별시,카지노,2.3056779E7
202308,서울특별시,관광유원시설,15494.0
202308,서울특별시,골프장,74124.0
202308,서울특별시,기타레저,1680889.0
202308,서울특별시,문화서비스,1535098.0
202308,서울특별시,의료관광,4.3676134E7
202308,서울특별시,뷰티,1.8358217E7
202308,서울특별시,일반외식업,5.3286059E7
202308,서울특별시,제과음료업,1.1777718E7
202308,부산광역시,관광총소비,4.65996E7
202308,부산광역시,호텔,3502845.0
202308,부산광역시,캠핑장/펜션,18309.0
202308,부산광역시,기타숙박,2615075.0
202308,부산광역시,여행업,12934.0
202308,부산광역시,육상운송,296766.0
202308,부산광역시,수상운송,34333.0
202308,부산광역시,항공운송,14749.0
202308,부산광역시,렌터카,23431.0
202308,부산광역시,면세점,1533983.0
202308,부산광역시,기타관광쇼핑,6368721.0
202308,부산광역시,레저용품쇼핑,185034.0
202308,부산광역시,대형쇼핑몰,1.6855615E7
202308,부산광역시,카지노,5671985.0
202308,부산광역시,관광유원시설,215054.0
202308,부산광역시,골프장,30191.0
202308,부산광역시,기타레저,303750.0
202308,부산광역시,문화서비스,24675.0
202308,부산광역시,의료관광,910265.0
202308,부산광역시,뷰티,1966818.0
202308,부산광역시,일반외식업,5162783.0
202308,부산광역시,제과음료업,852282.0
202308,대구광역시,관광총소비,4899858.0
202308,대구광역시,호텔,934727.0
202308,대구광역시,캠핑장/펜션,1739.0
202308,대구광역시,기타숙박,306786.0
202308,대구광역시,여행업,990.0
202308,대구광역시,육상운송,85980.0
202308,대구광역시,항공운송,11832.0
202308,대구광역시,렌터카,2183.0
202308,대구광역시,기타관광쇼핑,702026.0
202308,대구광역시,레저용품쇼핑,150330.0
202308,대구광역시,대형쇼핑몰,964646.0
202308,대구광역시,관광유원시설,32264.0
202308,대구광역시,골프장,9459.0
202308,대구광역시,기타레저,39834.0
202308,대구광역시,문화서비스,4794.0
202308,대구광역시,의료관광,375085.0
202308,대구광역시,뷰티,87217.0
202308,대구광역시,일반외식업,995351.0
202308,대구광역시,제과음료업,194615.0
202308,인천광역시,관광총소비,6.3732625E7
202308,인천광역시,호텔,2.1010036E7
202308,인천광역시,캠핑장/펜션,10202.0
202308,인천광역시,기타숙박,1502112.0
202308,인천광역시,여행업,11622.0
202308,인천광역시,육상운송,408205.0
202308,인천광역시,항공운송,78.0
202308,인천광역시,렌터카,545828.0
202308,인천광역시,면세점,2.5281926E7
202308,인천광역시,기타관광쇼핑,3252861.0
202308,인천광역시,레저용품쇼핑,132200.0
202308,인천광역시,대형쇼핑몰,3740801.0
202308,인천광역시,관광유원시설,12827.0
202308,인천광역시,골프장,20875.0
202308,인천광역시,기타레저,118477.0
202308,인천광역시,문화서비스,4211.0
202308,인천광역시,의료관광,973673.0
202308,인천광역시,뷰티,276152.0
202308,인천광역시,일반외식업,4549490.0
202308,인천광역시,제과음료업,1881049.0
202308,광주광역시,관광총소비,1391048.0
202308,광주광역시,호텔,42860.0
202308,광주광역시,캠핑장/펜션,3894.0
202308,광주광역시,기타숙박,162315.0
202308,광주광역시,육상운송,13444.0
202308,광주광역시,렌터카,665.0
202308,광주광역시,기타관광쇼핑,240416.0
202308,광주광역시,레저용품쇼핑,25827.0
202308,광주광역시,대형쇼핑몰,428781.0
202308,광주광역시,관광유원시설,574.0
202308,광주광역시,골프장,2208.0
202308,광주광역시,기타레저,14713.0
202308,광주광역시,문화서비스,43356.0
202308,광주광역시,의료관광,95743.0
202308,광주광역시,뷰티,26685.0
202308,광주광역시,일반외식업,247000.0
202308,광주광역시,제과음료업,42566.0
202308,대전광역시,관광총소비,4115415.0
202308,대전광역시,호텔,517901.0
202308,대전광역시,기타숙박,485272.0
202308,대전광역시,육상운송,1287881.0
202308,대전광역시,수상운송,2.0
202308,대전광역시,렌터카,17323.0
202308,대전광역시,기타관광쇼핑,277884.0
202308,대전광역시,레저용품쇼핑,16756.0
202308,대전광역시,대형쇼핑몰,772708.0
202308,대전광역시,관광유원시설,982.0
202308,대전광역시,골프장,2431.0
202308,대전광역시,기타레저,25184.0
202308,대전광역시,문화서비스,2296.0
202308,대전광역시,의료관광,157461.0
202308,대전광역시,뷰티,53063.0
202308,대전광역시,일반외식업,417045.0
202308,대전광역시,제과음료업,81226.0
202308,울산광역시,관광총소비,1264808.0
202308,울산광역시,호텔,346825.0
202308,울산광역시,캠핑장/펜션,829.0
202308,울산광역시,기타숙박,70436.0
202308,울산광역시,여행업,417.0
202308,울산광역시,육상운송,20913.0
202308,울산광역시,렌터카,2163.0
202308,울산광역시,기타관광쇼핑,118653.0
202308,울산광역시,레저용품쇼핑,4861.0
202308,울산광역시,대형쇼핑몰,322695.0
202308,울산광역시,관광유원시설,25.0
202308,울산광역시,골프장,3936.0
202308,울산광역시,기타레저,4058.0
202308,울산광역시,문화서비스,647.0
202308,울산광역시,의료관광,62776.0
202308,울산광역시,뷰티,23319.0
202308,울산광역시,일반외식업,250605.0
202308,울산광역시,제과음료업,31649.0
202308,세종특별자치시,관광총소비,338844.0
202308,세종특별자치시,기타숙박,108842.0
202308,세종특별자치시,육상운송,11258.0
202308,세종특별자치시,기타관광쇼핑,43461.0
202308,세종특별자치시,레저용품쇼핑,1102.0
202308,세종특별자치시,대형쇼핑몰,25546.0
202308,세종특별자치시,관광유원시설,7.0
202308,세종특별자치시,골프장,9260.0
202308,세종특별자치시,기타레저,2706.0
202308,세종특별자치시,문화서비스,303.0
202308,세종특별자치시,의료관광,16880.0
202308,세종특별자치시,뷰티,8383.0
202308,세종특별자치시,일반외식업,96678.0
202308,세종특별자치시,제과음료업,14419.0
202308,경기도,관광총소비,5.8333968E7
202308,경기도,호텔,4127003.0
202308,경기도,콘도,2675.0
202308,경기도,캠핑장/펜션,53238.0
202308,경기도,기타숙박,8007411.0
202308,경기도,여행업,59466.0
202308,경기도,육상운송,1605785.0
202308,경기도,수상운송,10328.0
202308,경기도,렌터카,495476.0
202308,경기도,면세점,430.0
202308,경기도,기타관광쇼핑,8087228.0
202308,경기도,레저용품쇼핑,1692670.0
202308,경기도,대형쇼핑몰,1.4975811E7
202308,경기도,관광유원시설,679095.0
202308,경기도,골프장,768415.0
202308,경기도,기타레저,546524.0
202308,경기도,문화서비스,122668.0
202308,경기도,의료관광,3069217.0
202308,경기도,뷰티,1527163.0
202308,경기도,일반외식업,1.1073938E7
202308,경기도,제과음료업,1429427.0
202308,충청북도,관광총소비,1708172.0
202308,충청북도,호텔,47582.0
202308,충청북도,콘도,8131.0
202308,충청북도,캠핑장/펜션,2934.0
202308,충청북도,기타숙박,394122.0
202308,충청북도,여행업,4.0
202308,충청북도,육상운송,73654.0
202308,충청북도,수상운송,175.0
202308,충청북도,항공운송,498.0
202308,충청북도,렌터카,3871.0
202308,충청북도,면세점,4436.0
202308,충청북도,기타관광쇼핑,287107.0
202308,충청북도,레저용품쇼핑,24547.0
202308,충청북도,대형쇼핑몰,287582.0
202308,충청북도,관광유원시설,1691.0
202308,충청북도,골프장,37513.0
202308,충청북도,기타레저,27225.0
202308,충청북도,문화서비스,767.0
202308,충청북도,의료관광,67877.0
202308,충청북도,뷰티,35851.0
202308,충청북도,일반외식업,350299.0
202308,충청북도,제과음료업,52308.0
202308,충청남도,관광총소비,3050221.0
202308,충청남도,호텔,77647.0
202308,충청남도,콘도,49307.0
202308,충청남도,캠핑장/펜션,9014.0
202308,충청남도,기타숙박,359946.0
202308,충청남도,여행업,456.0
202308,충청남도,육상운송,133752.0
202308,충청남도,수상운송,54.0
202308,충청남도,렌터카,52313.0
202308,충청남도,기타관광쇼핑,756153.0
202308,충청남도,레저용품쇼핑,55512.0
202308,충청남도,대형쇼핑몰,412627.0
202308,충청남도,관광유원시설,2394.0
202308,충청남도,골프장,48215.0
202308,충청남도,기타레저,32431.0
202308,충청남도,문화서비스,1583.0
202308,충청남도,의료관광,184774.0
202308,충청남도,뷰티,39916.0
202308,충청남도,일반외식업,723153.0
202308,충청남도,제과음료업,110974.0
202308,전라남도,관광총소비,2040293.0
202308,전라남도,호텔,81706.0
202308,전라남도,콘도,8477.0
202308,전라남도,캠핑장/펜션,5014.0
202308,전라남도,기타숙박,523832.0
202308,전라남도,여행업,446.0
202308,전라남도,육상운송,54772.0
202308,전라남도,수상운송,716.0
202308,전라남도,렌터카,16739.0
202308,전라남도,면세점,766.0
202308,전라남도,기타관광쇼핑,284942.0
202308,전라남도,레저용품쇼핑,18416.0
202308,전라남도,대형쇼핑몰,422404.0
202308,전라남도,관광유원시설,753.0
202308,전라남도,골프장,24027.0
202308,전라남도,기타레저,34598.0
202308,전라남도,문화서비스,63059.0
202308,전라남도,의료관광,24012.0
202308,전라남도,뷰티,33411.0
202308,전라남도,일반외식업,378464.0
202308,전라남도,제과음료업,63738.0
202308,경상북도,관광총소비,4777642.0
202308,경상북도,호텔,355908.0
202308,경상북도,콘도,11642.0
202308,경상북도,캠핑장/펜션,44127.0
202308,경상북도,기타숙박,545069.0
202308,경상북도,여행업,7898.0
202308,경상북도,육상운송,133565.0
202308,경상북도,수상운송,375.0
202308,경상북도,렌터카,42230.0
202308,경상북도,기타관광쇼핑,1093376.0
202308,경상북도,레저용품쇼핑,53036.0
202308,경상북도,대형쇼핑몰,294215.0
202308,경상북도,관광유원시설,2792.0
202308,경상북도,골프장,144059.0
202308,경상북도,기타레저,41692.0
202308,경상북도,문화서비스,5009.0
202308,경상북도,의료관광,90107.0
202308,경상북도,뷰티,154721.0
202308,경상북도,일반외식업,1554606.0
202308,경상북도,제과음료업,203215.0
202308,경상남도,관광총소비,3752114.0
202308,경상남도,호텔,344700.0
202308,경상남도,콘도,1812.0
202308,경상남도,캠핑장/펜션,5738.0
202308,경상남도,기타숙박,570447.0
202308,경상남도,여행업,22.0
202308,경상남도,육상운송,112545.0
202308,경상남도,수상운송,205.0
202308,경상남도,렌터카,19929.0
202308,경상남도,기타관광쇼핑,447701.0
202308,경상남도,레저용품쇼핑,132204.0
202308,경상남도,대형쇼핑몰,776884.0
202308,경상남도,관광유원시설,1111.0
202308,경상남도,골프장,58958.0
202308,경상남도,기타레저,56678.0
202308,경상남도,문화서비스,5727.0
202308,경상남도,의료관광,160907.0
202308,경상남도,뷰티,52492.0
202308,경상남도,일반외식업,904808.0
202308,경상남도,제과음료업,99247.0
202308,제주특별자치도,관광총소비,3.5496006E7
202308,제주특별자치도,호텔,3167918.0
202308,제주특별자치도,콘도,2413110.0
202308,제주특별자치도,캠핑장/펜션,50579.0
202308,제주특별자치도,기타숙박,1574310.0
202308,제주특별자치도,여행업,1089026.0
202308,제주특별자치도,육상운송,277891.0
202308,제주특별자치도,수상운송,77733.0
202308,제주특별자치도,항공운송,40038.0
202308,제주특별자치도,렌터카,976069.0
202308,제주특별자치도,면세점,2669736.0
202308,제주특별자치도,기타관광쇼핑,6970762.0
202308,제주특별자치도,레저용품쇼핑,1163863.0
202308,제주특별자치도,대형쇼핑몰,2721412.0
202308,제주특별자치도,관광유원시설,58035.0
202308,제주특별자치도,골프장,458258.0
202308,제주특별자치도,기타레저,187077.0
202308,제주특별자치도,문화서비스,357297.0
202308,제주특별자치도,의료관광,826097.0
202308,제주특별자치도,뷰티,459273.0
202308,제주특별자치도,일반외식업,8467594.0
202308,제주특별자치도,제과음료업,1489929.0
202308,강원특별자치도,관광총소비,4880398.0
202308,강원특별자치도,호텔,275734.0
202308,강원특별자치도,콘도,150934.0
202308,강원특별자치도,캠핑장/펜션,18188.0
202308,강원특별자치도,기타숙박,1760748.0
202308,강원특별자치도,여행업,5969.0
202308,강원특별자치도,육상운송,115016.0
202308,강원특별자치도,수상운송,1114.0
202308,강원특별자치도,렌터카,11687.0
202308,강원특별자치도,면세점,173.0
202308,강원특별자치도,기타관광쇼핑,641564.0
202308,강원특별자치도,레저용품쇼핑,71833.0
202308,강원특별자치도,대형쇼핑몰,324612.0
202308,강원특별자치도,관광유원시설,54284.0
202308,강원특별자치도,골프장,182852.0
202308,강원특별자치도,기타레저,115426.0
202308,강원특별자치도,문화서비스,4466.0
202308,강원특별자치도,의료관광,95661.0
202308,강원특별자치도,뷰티,34623.0
202308,강원특별자치도,일반외식업,879024.0
202308,강원특별자치도,제과음료업,136491.0
202308,전북특별자치도,관광총소비,3354701.0
202308,전북특별자치도,호텔,51374.0
202308,전북특별자치도,콘도,7701.0
202308,전북특별자치도,캠핑장/펜션,5690.0
202308,전북특별자치도,기타숙박,342671.0
202308,전북특별자치도,육상운송,83967.0
202308,전북특별자치도,렌터카,11332.0
202308,전북특별자치도,기타관광쇼핑,1064616.0
202308,전북특별자치도,레저용품쇼핑,42346.0
202308,전북특별자치도,대형쇼핑몰,524447.0
202308,전북특별자치도,관광유원시설,917.0
202308,전북특별자치도,골프장,6248.0
202308,전북특별자치도,기타레저,33011.0
202308,전북특별자치도,문화서비스,61649.0
202308,전북특별자치도,의료관광,129550.0
202308,전북특별자치도,뷰티,52933.0
202308,전북특별자치도,일반외식업,789203.0
202308,전북특별자치도,제과음료업,147046.0
202308,기타(지역 미분류),관광총소비,2.18108054E8
202308,기타(지역 미분류),호텔,7.0026276E7
202308,기타(지역 미분류),콘도,4280397.0
202308,기타(지역 미분류),캠핑장/펜션,289741.0
202308,기타(지역 미분류),기타숙박,3.4021179E7
202308,기타(지역 미분류),여행업,1225382.0
202308,기타(지역 미분류),육상운송,1.0153063E7
202308,기타(지역 미분류),수상운송,13395.0
202308,기타(지역 미분류),항공운송,5.41223E7
202308,기타(지역 미분류),렌터카,430117.0
202308,기타(지역 미분류),면세점,1.4889135E7
202308,기타(지역 미분류),기타관광쇼핑,74602.0
202308,기타(지역 미분류),레저용품쇼핑,481740.0
202308,기타(지역 미분류),관광유원시설,624999.0
202308,기타(지역 미분류),골프장,3215961.0
202308,기타(지역 미분류),기타레저,336799.0
202308,기타(지역 미분류),문화서비스,766230.0
202308,기타(지역 미분류),의료관광,7276410.0
202308,기타(지역 미분류),뷰티,830527.0
202308,기타(지역 미분류),일반외식업,1.242513E7
202308,기타(지역 미분류),제과음료업,2624670.0
202309,서울특별시,관광총소비,5.3686296E8
202309,서울특별시,호텔,8.0032463E7
202309,서울특별시,콘도,135050.0
202309,서울특별시,캠핑장/펜션,243007.0
202309,서울특별시,기타숙박,1.594809E7
202309,서울특별시,여행업,686028.0
202309,서울특별시,육상운송,1.4476287E7
202309,서울특별시,수상운송,41065.0
202309,서울특별시,항공운송,1230826.0
202309,서울특별시,렌터카,278455.0
202309,서울특별시,면세점,2.8810791E7
202309,서울특별시,기타관광쇼핑,9.757333E7
202309,서울특별시,레저용품쇼핑,8619757.0
202309,서울특별시,대형쇼핑몰,1.17240496E8
202309,서울특별시,카지노,2.5529166E7
202309,서울특별시,관광유원시설,14273.0
202309,서울특별시,골프장,81631.0
202309,서울특별시,기타레저,1864485.0
202309,서울특별시,문화서비스,1100824.0
202309,서울특별시,의료관광,4.7506658E7
202309,서울특별시,뷰티,1.9732614E7
202309,서울특별시,일반외식업,6.2425328E7
202309,서울특별시,제과음료업,1.3292338E7
202309,부산광역시,관광총소비,5.2571095E7
202309,부산광역시,호텔,4296404.0
202309,부산광역시,캠핑장/펜션,24600.0
202309,부산광역시,기타숙박,2877347.0
202309,부산광역시,여행업,11836.0
202309,부산광역시,육상운송,329297.0
202309,부산광역시,수상운송,39061.0
202309,부산광역시,항공운송,2288.0
202309,부산광역시,렌터카,23018.0
202309,부산광역시,면세점,1759662.0
202309,부산광역시,기타관광쇼핑,6335025.0
202309,부산광역시,레저용품쇼핑,208068.0
202309,부산광역시,대형쇼핑몰,1.8926611E7
202309,부산광역시,카지노,7056150.0
202309,부산광역시,관광유원시설,164325.0
202309,부산광역시,골프장,22666.0
202309,부산광역시,기타레저,274708.0
202309,부산광역시,문화서비스,21423.0
202309,부산광역시,의료관광,1037376.0
202309,부산광역시,뷰티,1982965.0
202309,부산광역시,일반외식업,6186942.0
202309,부산광역시,제과음료업,991321.0
202309,대구광역시,관광총소비,5850350.0
202309,대구광역시,호텔,914934.0
202309,대구광역시,콘도,8.0
202309,대구광역시,캠핑장/펜션,4117.0
202309,대구광역시,기타숙박,269614.0
202309,대구광역시,여행업,299.0
202309,대구광역시,육상운송,71215.0
202309,대구광역시,항공운송,14136.0
202309,대구광역시,렌터카,3486.0
202309,대구광역시,기타관광쇼핑,1054718.0
202309,대구광역시,레저용품쇼핑,225677.0
202309,대구광역시,대형쇼핑몰,1185327.0
202309,대구광역시,관광유원시설,42811.0
202309,대구광역시,골프장,12308.0
202309,대구광역시,기타레저,52769.0
202309,대구광역시,문화서비스,3286.0
202309,대구광역시,의료관광,475039.0
202309,대구광역시,뷰티,94688.0
202309,대구광역시,일반외식업,1179099.0
202309,대구광역시,제과음료업,246818.0
202309,인천광역시,관광총소비,5.9288125E7
202309,인천광역시,호텔,2.1193857E7
202309,인천광역시,캠핑장/펜션,13712.0
202309,인천광역시,기타숙박,716079.0
202309,인천광역시,여행업,9483.0
202309,인천광역시,육상운송,420846.0
202309,인천광역시,수상운송,63.0
202309,인천광역시,렌터카,509638.0
202309,인천광역시,면세점,2.3013067E7
202309,인천광역시,기타관광쇼핑,2914024.0
202309,인천광역시,레저용품쇼핑,144843.0
202309,인천광역시,대형쇼핑몰,3125877.0
202309,인천광역시,관광유원시설,12988.0
202309,인천광역시,골프장,46556.0
202309,인천광역시,기타레저,106452.0
202309,인천광역시,문화서비스,2964.0
202309,인천광역시,의료관광,866033.0
202309,인천광역시,뷰티,224442.0
202309,인천광역시,일반외식업,4343993.0
202309,인천광역시,제과음료업,1623206.0
202309,광주광역시,관광총소비,2410439.0
202309,광주광역시,호텔,55018.0
202309,광주광역시,캠핑장/펜션,4501.0
202309,광주광역시,기타숙박,218681.0
202309,광주광역시,육상운송,16062.0
202309,광주광역시,렌터카,1070.0
202309,광주광역시,기타관광쇼핑,441326.0
202309,광주광역시,레저용품쇼핑,65518.0
202309,광주광역시,대형쇼핑몰,807218.0
202309,광주광역시,관광유원시설,342.0
202309,광주광역시,골프장,2206.0
202309,광주광역시,기타레저,18482.0
202309,광주광역시,문화서비스,28318.0
202309,광주광역시,의료관광,80603.0
202309,광주광역시,뷰티,29905.0
202309,광주광역시,일반외식업,552070.0
202309,광주광역시,제과음료업,89118.0
202309,대전광역시,관광총소비,4412305.0
202309,대전광역시,호텔,462112.0
202309,대전광역시,캠핑장/펜션,190.0
202309,대전광역시,기타숙박,408636.0
202309,대전광역시,여행업,1390.0
202309,대전광역시,육상운송,1328504.0
202309,대전광역시,수상운송,24.0
202309,대전광역시,렌터카,14932.0
202309,대전광역시,기타관광쇼핑,425867.0
202309,대전광역시,레저용품쇼핑,20805.0
202309,대전광역시,대형쇼핑몰,788890.0
202309,대전광역시,관광유원시설,1923.0
202309,대전광역시,골프장,3102.0
202309,대전광역시,기타레저,26074.0
202309,대전광역시,문화서비스,2430.0
202309,대전광역시,의료관광,195730.0
202309,대전광역시,뷰티,42508.0
202309,대전광역시,일반외식업,575528.0
202309,대전광역시,제과음료업,113659.0
202309,울산광역시,관광총소비,1613092.0
202309,울산광역시,호텔,601418.0
202309,울산광역시,캠핑장/펜션,60.0
202309,울산광역시,기타숙박,65796.0
202309,울산광역시,여행업,506.0
202309,울산광역시,육상운송,30578.0
202309,울산광역시,렌터카,3169.0
202309,울산광역시,기타관광쇼핑,150871.0
202309,울산광역시,레저용품쇼핑,12421.0
202309,울산광역시,대형쇼핑몰,272134.0
202309,울산광역시,관광유원시설,8.0
202309,울산광역시,골프장,6050.0
202309,울산광역시,기타레저,10331.0
202309,울산광역시,문화서비스,34.0
202309,울산광역시,의료관광,69955.0
202309,울산광역시,뷰티,27573.0
202309,울산광역시,일반외식업,331747.0
202309,울산광역시,제과음료업,30440.0
202309,세종특별자치시,관광총소비,393162.0
202309,세종특별자치시,기타숙박,79828.0
202309,세종특별자치시,육상운송,9214.0
202309,세종특별자치시,기타관광쇼핑,84289.0
202309,세종특별자치시,레저용품쇼핑,5329.0
202309,세종특별자치시,대형쇼핑몰,25123.0
202309,세종특별자치시,관광유원시설,56.0
202309,세종특별자치시,골프장,5478.0
202309,세종특별자치시,기타레저,6135.0
202309,세종특별자치시,문화서비스,297.0
202309,세종특별자치시,의료관광,26564.0
202309,세종특별자치시,뷰티,8015.0
202309,세종특별자치시,일반외식업,122696.0
202309,세종특별자치시,제과음료업,20138.0
202309,경기도,관광총소비,6.2191569E7
202309,경기도,호텔,4781853.0
202309,경기도,콘도,5963.0
202309,경기도,캠핑장/펜션,19103.0
202309,경기도,기타숙박,7904559.0
202309,경기도,여행업,59037.0
202309,경기도,육상운송,1744305.0
202309,경기도,수상운송,12476.0
202309,경기도,렌터카,436203.0
202309,경기도,면세점,245.0
202309,경기도,기타관광쇼핑,9175750.0
202309,경기도,레저용품쇼핑,1979688.0
202309,경기도,대형쇼핑몰,1.5054488E7
202309,경기도,관광유원시설,547858.0
202309,경기도,골프장,934090.0
202309,경기도,기타레저,593885.0
202309,경기도,문화서비스,120390.0
202309,경기도,의료관광,3137462.0
202309,경기도,뷰티,1569516.0
202309,경기도,일반외식업,1.2628685E7
202309,경기도,제과음료업,1486011.0
202309,충청북도,관광총소비,2448533.0
202309,충청북도,호텔,66258.0
202309,충청북도,콘도,469.0
202309,충청북도,캠핑장/펜션,1024.0
202309,충청북도,기타숙박,349690.0
202309,충청북도,여행업,10.0
202309,충청북도,육상운송,68825.0
202309,충청북도,수상운송,1011.0
202309,충청북도,항공운송,1549.0
202309,충청북도,렌터카,1005.0
202309,충청북도,면세점,2969.0
202309,충청북도,기타관광쇼핑,482841.0
202309,충청북도,레저용품쇼핑,49816.0
202309,충청북도,대형쇼핑몰,449032.0
202309,충청북도,관광유원시설,802.0
202309,충청북도,골프장,70416.0
202309,충청북도,기타레저,23026.0
202309,충청북도,문화서비스,527.0
202309,충청북도,의료관광,97873.0
202309,충청북도,뷰티,40414.0
202309,충청북도,일반외식업,670186.0
202309,충청북도,제과음료업,70789.0
202309,충청남도,관광총소비,3207321.0
202309,충청남도,호텔,123557.0
202309,충청남도,콘도,38440.0
202309,충청남도,캠핑장/펜션,2217.0
202309,충청남도,기타숙박,275359.0
202309,충청남도,여행업,184.0
202309,충청남도,육상운송,122550.0
202309,충청남도,수상운송,94.0
202309,충청남도,렌터카,28763.0
202309,충청남도,기타관광쇼핑,878886.0
202309,충청남도,레저용품쇼핑,40911.0
202309,충청남도,대형쇼핑몰,483744.0
202309,충청남도,관광유원시설,1583.0
202309,충청남도,골프장,32101.0
202309,충청남도,기타레저,33999.0
202309,충청남도,문화서비스,1153.0
202309,충청남도,의료관광,234070.0
202309,충청남도,뷰티,48210.0
202309,충청남도,일반외식업,741685.0
202309,충청남도,제과음료업,119815.0
202309,전라남도,관광총소비,1890011.0
202309,전라남도,호텔,82371.0
202309,전라남도,콘도,9860.0
202309,전라남도,캠핑장/펜션,3080.0
202309,전라남도,기타숙박,324615.0
202309,전라남도,여행업,9077.0
202309,전라남도,육상운송,59098.0
202309,전라남도,수상운송,1422.0
202309,전라남도,렌터카,24396.0
202309,전라남도,면세점,119.0
202309,전라남도,기타관광쇼핑,365131.0
202309,전라남도,레저용품쇼핑,28969.0
202309,전라남도,대형쇼핑몰,327894.0
202309,전라남도,관광유원시설,922.0
202309,전라남도,골프장,44531.0
202309,전라남도,기타레저,45019.0
202309,전라남도,문화서비스,22251.0
202309,전라남도,의료관광,27932.0
202309,전라남도,뷰티,34537.0
202309,전라남도,일반외식업,408549.0
202309,전라남도,제과음료업,70238.0
202309,경상북도,관광총소비,4856693.0
202309,경상북도,호텔,597533.0
202309,경상북도,콘도,12564.0
202309,경상북도,캠핑장/펜션,20390.0
202309,경상북도,기타숙박,391803.0
202309,경상북도,여행업,3324.0
202309,경상북도,육상운송,128030.0
202309,경상북도,수상운송,108.0
202309,경상북도,렌터카,21299.0
202309,경상북도,기타관광쇼핑,1104960.0
202309,경상북도,레저용품쇼핑,40827.0
202309,경상북도,대형쇼핑몰,267540.0
202309,경상북도,관광유원시설,3379.0
202309,경상북도,골프장,185952.0
202309,경상북도,기타레저,43552.0
202309,경상북도,문화서비스,9997.0
202309,경상북도,의료관광,95341.0
202309,경상북도,뷰티,112579.0
202309,경상북도,일반외식업,1590620.0
202309,경상북도,제과음료업,226893.0
202309,경상남도,관광총소비,5061853.0
202309,경상남도,호텔,530267.0
202309,경상남도,콘도,5206.0
202309,경상남도,캠핑장/펜션,2028.0
202309,경상남도,기타숙박,791841.0
202309,경상남도,여행업,3700.0
202309,경상남도,육상운송,122360.0
202309,경상남도,수상운송,131.0
202309,경상남도,렌터카,18492.0
202309,경상남도,기타관광쇼핑,577890.0
202309,경상남도,레저용품쇼핑,191666.0
202309,경상남도,대형쇼핑몰,1075417.0
202309,경상남도,관광유원시설,1265.0
202309,경상남도,골프장,229896.0
202309,경상남도,기타레저,88132.0
202309,경상남도,문화서비스,3885.0
202309,경상남도,의료관광,155972.0
202309,경상남도,뷰티,79885.0
202309,경상남도,일반외식업,1067639.0
202309,경상남도,제과음료업,116181.0
202309,제주특별자치도,관광총소비,2.8748851E7
202309,제주특별자치도,호텔,2058807.0
202309,제주특별자치도,콘도,1446765.0
202309,제주특별자치도,캠핑장/펜션,30534.0
202309,제주특별자치도,기타숙박,1247100.0
202309,제주특별자치도,여행업,1005153.0
202309,제주특별자치도,육상운송,333138.0
202309,제주특별자치도,수상운송,51192.0
202309,제주특별자치도,항공운송,58310.0
202309,제주특별자치도,렌터카,1198882.0
202309,제주특별자치도,면세점,2492771.0
202309,제주특별자치도,기타관광쇼핑,5715409.0
202309,제주특별자치도,레저용품쇼핑,814647.0
202309,제주특별자치도,대형쇼핑몰,1869456.0
202309,제주특별자치도,관광유원시설,43223.0
202309,제주특별자치도,골프장,411088.0
202309,제주특별자치도,기타레저,176647.0
202309,제주특별자치도,문화서비스,175553.0
202309,제주특별자치도,의료관광,764669.0
202309,제주특별자치도,뷰티,395429.0
202309,제주특별자치도,일반외식업,7059436.0
202309,제주특별자치도,제과음료업,1400642.0
202309,강원특별자치도,관광총소비,4174091.0
202309,강원특별자치도,호텔,267918.0
202309,강원특별자치도,콘도,131880.0
202309,강원특별자치도,캠핑장/펜션,38876.0
202309,강원특별자치도,기타숙박,812113.0
202309,강원특별자치도,여행업,4451.0
202309,강원특별자치도,육상운송,112847.0
202309,강원특별자치도,수상운송,496.0
202309,강원특별자치도,렌터카,12897.0
202309,강원특별자치도,면세점,124.0
202309,강원특별자치도,기타관광쇼핑,736791.0
202309,강원특별자치도,레저용품쇼핑,31815.0
202309,강원특별자치도,대형쇼핑몰,320701.0
202309,강원특별자치도,관광유원시설,51530.0
202309,강원특별자치도,골프장,176530.0
202309,강원특별자치도,기타레저,67396.0
202309,강원특별자치도,문화서비스,4991.0
202309,강원특별자치도,의료관광,79438.0
202309,강원특별자치도,뷰티,48541.0
202309,강원특별자치도,일반외식업,1121174.0
202309,강원특별자치도,제과음료업,153583.0
202309,전북특별자치도,관광총소비,3032216.0
202309,전북특별자치도,호텔,79145.0
202309,전북특별자치도,콘도,1650.0
202309,전북특별자치도,캠핑장/펜션,763.0
202309,전북특별자치도,기타숙박,296186.0
202309,전북특별자치도,여행업,6.0
202309,전북특별자치도,육상운송,60140.0
202309,전북특별자치도,수상운송,426.0
202309,전북특별자치도,렌터카,8523.0
202309,전북특별자치도,기타관광쇼핑,560656.0
202309,전북특별자치도,레저용품쇼핑,60985.0
202309,전북특별자치도,대형쇼핑몰,576776.0
202309,전북특별자치도,관광유원시설,44.0
202309,전북특별자치도,골프장,10847.0
202309,전북특별자치도,기타레저,34760.0
202309,전북특별자치도,문화서비스,40000.0
202309,전북특별자치도,의료관광,144215.0
202309,전북특별자치도,뷰티,98125.0
202309,전북특별자치도,일반외식업,923822.0
202309,전북특별자치도,제과음료업,135145.0
202309,기타(지역 미분류),관광총소비,2.09136131E8
202309,기타(지역 미분류),호텔,6.4902198E7
202309,기타(지역 미분류),콘도,2355383.0
202309,기타(지역 미분류),캠핑장/펜션,398834.0
202309,기타(지역 미분류),기타숙박,2.6990737E7
202309,기타(지역 미분류),여행업,1242291.0
202309,기타(지역 미분류),육상운송,1.2475533E7
202309,기타(지역 미분류),수상운송,6379.0
202309,기타(지역 미분류),항공운송,5.1963577E7
202309,기타(지역 미분류),렌터카,536332.0
202309,기타(지역 미분류),면세점,1.5933408E7
202309,기타(지역 미분류),기타관광쇼핑,83281.0
202309,기타(지역 미분류),레저용품쇼핑,681404.0
202309,기타(지역 미분류),관광유원시설,387132.0
202309,기타(지역 미분류),골프장,4343249.0
202309,기타(지역 미분류),기타레저,221095.0
202309,기타(지역 미분류),문화서비스,558268.0
202309,기타(지역 미분류),의료관광,8012541.0
202309,기타(지역 미분류),뷰티,971304.0
202309,기타(지역 미분류),일반외식업,1.4076813E7
202309,기타(지역 미분류),제과음료업,2996373.0
202310,서울특별시,관광총소비,6.38481636E8
202310,서울특별시,호텔,9.4976042E7
202310,서울특별시,콘도,103354.0
202310,서울특별시,캠핑장/펜션,281643.0
202310,서울특별시,기타숙박,1.9630175E7
202310,서울특별시,여행업,871246.0
202310,서울특별시,육상운송,1.7772605E7
202310,서울특별시,수상운송,48133.0
202310,서울특별시,항공운송,1351390.0
202310,서울특별시,렌터카,138567.0
202310,서울특별시,면세점,2.9900048E7
202310,서울특별시,기타관광쇼핑,1.21873712E8
202310,서울특별시,레저용품쇼핑,1.1127905E7
202310,서울특별시,대형쇼핑몰,1.44745124E8
202310,서울특별시,카지노,2.3885563E7
202310,서울특별시,관광유원시설,19481.0
202310,서울특별시,골프장,180494.0
202310,서울특별시,기타레저,2022759.0
202310,서울특별시,문화서비스,1377305.0
202310,서울특별시,의료관광,5.6735898E7
202310,서울특별시,뷰티,2.3799777E7
202310,서울특별시,일반외식업,7.1846552E7
202310,서울특별시,제과음료업,1.5793864E7
202310,부산광역시,관광총소비,7.011311E7
202310,부산광역시,호텔,5591441.0
202310,부산광역시,캠핑장/펜션,31537.0
202310,부산광역시,기타숙박,3954761.0
202310,부산광역시,여행업,6664.0
202310,부산광역시,육상운송,450424.0
202310,부산광역시,수상운송,39135.0
202310,부산광역시,항공운송,4416.0
202310,부산광역시,렌터카,24877.0
202310,부산광역시,면세점,2147177.0
202310,부산광역시,기타관광쇼핑,8474561.0
202310,부산광역시,레저용품쇼핑,293654.0
202310,부산광역시,대형쇼핑몰,2.5437186E7
202310,부산광역시,카지노,8695979.0
202310,부산광역시,관광유원시설,213214.0
202310,부산광역시,골프장,30030.0
202310,부산광역시,기타레저,455340.0
202310,부산광역시,문화서비스,49170.0
202310,부산광역시,의료관광,1255624.0
202310,부산광역시,뷰티,2346618.0
202310,부산광역시,일반외식업,9139463.0
202310,부산광역시,제과음료업,1471840.0
202310,대구광역시,관광총소비,6541396.0
202310,대구광역시,호텔,912248.0
202310,대구광역시,캠핑장/펜션,4157.0
202310,대구광역시,기타숙박,301186.0
202310,대구광역시,육상운송,85240.0
202310,대구광역시,항공운송,17641.0
202310,대구광역시,렌터카,7520.0
202310,대구광역시,기타관광쇼핑,1372319.0
202310,대구광역시,레저용품쇼핑,164468.0
202310,대구광역시,대형쇼핑몰,1310055.0
202310,대구광역시,관광유원시설,68161.0
202310,대구광역시,골프장,12969.0
202310,대구광역시,기타레저,56555.0
202310,대구광역시,문화서비스,2525.0
202310,대구광역시,의료관광,576255.0
202310,대구광역시,뷰티,109882.0
202310,대구광역시,일반외식업,1237641.0
202310,대구광역시,제과음료업,302574.0
202310,인천광역시,관광총소비,5.7810544E7
202310,인천광역시,호텔,1.7865094E7
202310,인천광역시,캠핑장/펜션,15504.0
202310,인천광역시,기타숙박,920533.0
202310,인천광역시,여행업,13601.0
202310,인천광역시,육상운송,476762.0
202310,인천광역시,항공운송,258.0
202310,인천광역시,렌터카,649022.0
202310,인천광역시,면세점,2.2504495E7
202310,인천광역시,기타관광쇼핑,3225521.0
202310,인천광역시,레저용품쇼핑,181242.0
202310,인천광역시,대형쇼핑몰,3866709.0
202310,인천광역시,관광유원시설,11499.0
202310,인천광역시,골프장,31944.0
202310,인천광역시,기타레저,96782.0
202310,인천광역시,문화서비스,9325.0
202310,인천광역시,의료관광,1143714.0
202310,인천광역시,뷰티,272705.0
202310,인천광역시,일반외식업,4688490.0
202310,인천광역시,제과음료업,1837344.0
202310,광주광역시,관광총소비,3075259.0
202310,광주광역시,호텔,79475.0
202310,광주광역시,캠핑장/펜션,5451.0
202310,광주광역시,기타숙박,295987.0
202310,광주광역시,육상운송,19681.0
202310,광주광역시,렌터카,8207.0
202310,광주광역시,기타관광쇼핑,520825.0
202310,광주광역시,레저용품쇼핑,87210.0
202310,광주광역시,대형쇼핑몰,957051.0
202310,광주광역시,관광유원시설,1599.0
202310,광주광역시,골프장,1012.0
202310,광주광역시,기타레저,28545.0
202310,광주광역시,문화서비스,32994.0
202310,광주광역시,의료관광,143735.0
202310,광주광역시,뷰티,45305.0
202310,광주광역시,일반외식업,729554.0
202310,광주광역시,제과음료업,118629.0
202310,대전광역시,관광총소비,4842514.0
202310,대전광역시,호텔,414748.0
202310,대전광역시,캠핑장/펜션,220.0
202310,대전광역시,기타숙박,365585.0
202310,대전광역시,여행업,22368.0
202310,대전광역시,육상운송,1604281.0
202310,대전광역시,렌터카,10776.0
202310,대전광역시,기타관광쇼핑,422380.0
202310,대전광역시,레저용품쇼핑,31824.0
202310,대전광역시,대형쇼핑몰,809241.0
202310,대전광역시,관광유원시설,1522.0
202310,대전광역시,골프장,15868.0
202310,대전광역시,기타레저,32664.0
202310,대전광역시,문화서비스,1800.0
202310,대전광역시,의료관광,254369.0
202310,대전광역시,뷰티,65964.0
202310,대전광역시,일반외식업,655394.0
202310,대전광역시,제과음료업,133511.0
202310,울산광역시,관광총소비,1698915.0
202310,울산광역시,호텔,651731.0
202310,울산광역시,캠핑장/펜션,944.0
202310,울산광역시,기타숙박,59978.0
202310,울산광역시,여행업,370.0
202310,울산광역시,육상운송,30007.0
202310,울산광역시,렌터카,210.0
202310,울산광역시,기타관광쇼핑,162892.0
202310,울산광역시,레저용품쇼핑,9223.0
202310,울산광역시,대형쇼핑몰,361428.0
202310,울산광역시,관광유원시설,139.0
202310,울산광역시,골프장,19056.0
202310,울산광역시,기타레저,7528.0
202310,울산광역시,문화서비스,1339.0
202310,울산광역시,의료관광,49871.0
202310,울산광역시,뷰티,18773.0
202310,울산광역시,일반외식업,294015.0
202310,울산광역시,제과음료업,31410.0
202310,세종특별자치시,관광총소비,533949.0
202310,세종특별자치시,기타숙박,149197.0
202310,세종특별자치시,육상운송,12040.0
202310,세종특별자치시,기타관광쇼핑,88409.0
202310,세종특별자치시,레저용품쇼핑,5336.0
202310,세종특별자치시,대형쇼핑몰,37000.0
202310,세종특별자치시,관광유원시설,78.0
202310,세종특별자치시,골프장,5248.0
202310,세종특별자치시,기타레저,4027.0
202310,세종특별자치시,문화서비스,234.0
202310,세종특별자치시,의료관광,45549.0
202310,세종특별자치시,뷰티,8642.0
202310,세종특별자치시,일반외식업,152838.0
202310,세종특별자치시,제과음료업,25350.0
202310,경기도,관광총소비,7.2121485E7
202310,경기도,호텔,5532961.0
202310,경기도,콘도,7178.0
202310,경기도,캠핑장/펜션,29842.0
202310,경기도,기타숙박,7683777.0
202310,경기도,여행업,60417.0
202310,경기도,육상운송,1949465.0
202310,경기도,수상운송,25108.0
202310,경기도,렌터카,563510.0
202310,경기도,기타관광쇼핑,1.0670463E7
202310,경기도,레저용품쇼핑,2437456.0
202310,경기도,대형쇼핑몰,1.8553215E7
202310,경기도,관광유원시설,725048.0
202310,경기도,골프장,1246939.0
202310,경기도,기타레저,549369.0
202310,경기도,문화서비스,117548.0
202310,경기도,의료관광,3827340.0
202310,경기도,뷰티,2436617.0
202310,경기도,일반외식업,1.3997963E7
202310,경기도,제과음료업,1707269.0
202310,충청북도,관광총소비,2718217.0
202310,충청북도,호텔,55401.0
202310,충청북도,콘도,9440.0
202310,충청북도,캠핑장/펜션,2480.0
202310,충청북도,기타숙박,472662.0
202310,충청북도,육상운송,84982.0
202310,충청북도,수상운송,824.0
202310,충청북도,항공운송,1673.0
202310,충청북도,렌터카,12987.0
202310,충청북도,면세점,6374.0
202310,충청북도,기타관광쇼핑,489961.0
202310,충청북도,레저용품쇼핑,48217.0
202310,충청북도,대형쇼핑몰,437426.0
202310,충청북도,관광유원시설,1544.0
202310,충청북도,골프장,107153.0
202310,충청북도,기타레저,46529.0
202310,충청북도,문화서비스,654.0
202310,충청북도,의료관광,101622.0
202310,충청북도,뷰티,60763.0
202310,충청북도,일반외식업,689645.0
202310,충청북도,제과음료업,87880.0
202310,충청남도,관광총소비,3490512.0
202310,충청남도,호텔,79162.0
202310,충청남도,콘도,61791.0
202310,충청남도,캠핑장/펜션,2174.0
202310,충청남도,기타숙박,352604.0
202310,충청남도,여행업,346.0
202310,충청남도,육상운송,148785.0
202310,충청남도,렌터카,18165.0
202310,충청남도,기타관광쇼핑,862616.0
202310,충청남도,레저용품쇼핑,85126.0
202310,충청남도,대형쇼핑몰,583389.0
202310,충청남도,관광유원시설,1998.0
202310,충청남도,골프장,37460.0
202310,충청남도,기타레저,32806.0
202310,충청남도,문화서비스,3079.0
202310,충청남도,의료관광,199697.0
202310,충청남도,뷰티,54750.0
202310,충청남도,일반외식업,828195.0
202310,충청남도,제과음료업,138370.0
202310,전라남도,관광총소비,2651451.0
202310,전라남도,호텔,115195.0
202310,전라남도,콘도,13653.0
202310,전라남도,캠핑장/펜션,8181.0
202310,전라남도,기타숙박,551010.0
202310,전라남도,여행업,649.0
202310,전라남도,육상운송,95515.0
202310,전라남도,수상운송,864.0
202310,전라남도,렌터카,36072.0
202310,전라남도,면세점,1861.0
202310,전라남도,기타관광쇼핑,464692.0
202310,전라남도,레저용품쇼핑,41521.0
202310,전라남도,대형쇼핑몰,338043.0
202310,전라남도,관광유원시설,1366.0
202310,전라남도,골프장,74212.0
202310,전라남도,기타레저,63259.0
202310,전라남도,문화서비스,27026.0
202310,전라남도,의료관광,58153.0
202310,전라남도,뷰티,47931.0
202310,전라남도,일반외식업,611551.0
202310,전라남도,제과음료업,100697.0
202310,경상북도,관광총소비,5717662.0
202310,경상북도,호텔,662393.0
202310,경상북도,콘도,22205.0
202310,경상북도,캠핑장/펜션,42154.0
202310,경상북도,기타숙박,493498.0
202310,경상북도,여행업,11104.0
202310,경상북도,육상운송,155138.0
202310,경상북도,수상운송,397.0
202310,경상북도,렌터카,38567.0
202310,경상북도,기타관광쇼핑,1194836.0
202310,경상북도,레저용품쇼핑,125005.0
202310,경상북도,대형쇼핑몰,269750.0
202310,경상북도,관광유원시설,3314.0
202310,경상북도,골프장,255579.0
202310,경상북도,기타레저,55170.0
202310,경상북도,문화서비스,3913.0
202310,경상북도,의료관광,112218.0
202310,경상북도,뷰티,131327.0
202310,경상북도,일반외식업,1853030.0
202310,경상북도,제과음료업,288065.0
202310,경상남도,관광총소비,5639847.0
202310,경상남도,호텔,426292.0
202310,경상남도,콘도,7519.0
202310,경상남도,캠핑장/펜션,7203.0
202310,경상남도,기타숙박,850232.0
202310,경상남도,여행업,19.0
202310,경상남도,육상운송,138222.0
202310,경상남도,수상운송,350.0
202310,경상남도,렌터카,24635.0
202310,경상남도,기타관광쇼핑,623260.0
202310,경상남도,레저용품쇼핑,270451.0
202310,경상남도,대형쇼핑몰,1415606.0
202310,경상남도,관광유원시설,2838.0
202310,경상남도,골프장,99964.0
202310,경상남도,기타레저,84953.0
202310,경상남도,문화서비스,4176.0
202310,경상남도,의료관광,187071.0
202310,경상남도,뷰티,75458.0
202310,경상남도,일반외식업,1271099.0
202310,경상남도,제과음료업,150499.0
202310,제주특별자치도,관광총소비,3.3292608E7
202310,제주특별자치도,호텔,2697891.0
202310,제주특별자치도,콘도,1758316.0
202310,제주특별자치도,캠핑장/펜션,36357.0
202310,제주특별자치도,기타숙박,1703803.0
202310,제주특별자치도,여행업,546759.0
202310,제주특별자치도,육상운송,389081.0
202310,제주특별자치도,수상운송,56960.0
202310,제주특별자치도,항공운송,44100.0
202310,제주특별자치도,렌터카,1475367.0
202310,제주특별자치도,면세점,2726359.0
202310,제주특별자치도,기타관광쇼핑,6457511.0
202310,제주특별자치도,레저용품쇼핑,1063889.0
202310,제주특별자치도,대형쇼핑몰,2364120.0
202310,제주특별자치도,관광유원시설,55405.0
202310,제주특별자치도,골프장,433289.0
202310,제주특별자치도,기타레저,215585.0
202310,제주특별자치도,문화서비스,193713.0
202310,제주특별자치도,의료관광,972993.0
202310,제주특별자치도,뷰티,443522.0
202310,제주특별자치도,일반외식업,8116231.0
202310,제주특별자치도,제과음료업,1541355.0
202310,강원특별자치도,관광총소비,5348099.0
202310,강원특별자치도,호텔,304608.0
202310,강원특별자치도,콘도,149172.0
202310,강원특별자치도,캠핑장/펜션,15632.0
202310,강원특별자치도,기타숙박,1140032.0
202310,강원특별자치도,여행업,22805.0
202310,강원특별자치도,육상운송,143852.0
202310,강원특별자치도,수상운송,498.0
202310,강원특별자치도,렌터카,15957.0
202310,강원특별자치도,면세점,508.0
202310,강원특별자치도,기타관광쇼핑,964865.0
202310,강원특별자치도,레저용품쇼핑,80559.0
202310,강원특별자치도,대형쇼핑몰,335395.0
202310,강원특별자치도,관광유원시설,44393.0
202310,강원특별자치도,골프장,281334.0
202310,강원특별자치도,기타레저,87629.0
202310,강원특별자치도,문화서비스,10025.0
202310,강원특별자치도,의료관광,92782.0
202310,강원특별자치도,뷰티,46699.0
202310,강원특별자치도,일반외식업,1406977.0
202310,강원특별자치도,제과음료업,204378.0
202310,전북특별자치도,관광총소비,3500022.0
202310,전북특별자치도,호텔,106409.0
202310,전북특별자치도,콘도,3398.0
202310,전북특별자치도,캠핑장/펜션,2645.0
202310,전북특별자치도,기타숙박,364397.0
202310,전북특별자치도,여행업,2214.0
202310,전북특별자치도,육상운송,85487.0
202310,전북특별자치도,수상운송,60.0
202310,전북특별자치도,렌터카,6336.0
202310,전북특별자치도,기타관광쇼핑,642777.0
202310,전북특별자치도,레저용품쇼핑,73723.0
202310,전북특별자치도,대형쇼핑몰,636989.0
202310,전북특별자치도,관광유원시설,58.0
202310,전북특별자치도,골프장,9834.0
202310,전북특별자치도,기타레저,42969.0
202310,전북특별자치도,문화서비스,70895.0
202310,전북특별자치도,의료관광,156995.0
202310,전북특별자치도,뷰티,70279.0
202310,전북특별자치도,일반외식업,1046863.0
202310,전북특별자치도,제과음료업,177695.0
202310,기타(지역 미분류),관광총소비,2.39566716E8
202310,기타(지역 미분류),호텔,7.6034575E7
202310,기타(지역 미분류),콘도,3129504.0
202310,기타(지역 미분류),캠핑장/펜션,344227.0
202310,기타(지역 미분류),기타숙박,3.1735919E7
202310,기타(지역 미분류),여행업,1123076.0
202310,기타(지역 미분류),육상운송,1.411227E7
202310,기타(지역 미분류),수상운송,7088.0
202310,기타(지역 미분류),항공운송,5.6533497E7
202310,기타(지역 미분류),렌터카,573434.0
202310,기타(지역 미분류),면세점,1.7916469E7
202310,기타(지역 미분류),기타관광쇼핑,111672.0
202310,기타(지역 미분류),레저용품쇼핑,915739.0
202310,기타(지역 미분류),관광유원시설,577517.0
202310,기타(지역 미분류),골프장,4444015.0
202310,기타(지역 미분류),기타레저,293010.0
202310,기타(지역 미분류),문화서비스,673209.0
202310,기타(지역 미분류),의료관광,1.0575778E7
202310,기타(지역 미분류),뷰티,1089004.0
202310,기타(지역 미분류),일반외식업,1.5809472E7
202310,기타(지역 미분류),제과음료업,3567239.0
202311,서울특별시,관광총소비,5.75515873E8
202311,서울특별시,호텔,7.8603551E7
202311,서울특별시,콘도,125603.0
202311,서울특별시,캠핑장/펜션,233105.0
202311,서울특별시,기타숙박,1.6199034E7
202311,서울특별시,여행업,692543.0
202311,서울특별시,육상운송,1.7191469E7
202311,서울특별시,수상운송,19880.0
202311,서울특별시,항공운송,1292826.0
202311,서울특별시,렌터카,125378.0
202311,서울특별시,면세점,2.571337E7
202311,서울특별시,기타관광쇼핑,1.07246628E8
202311,서울특별시,레저용품쇼핑,9057139.0
202311,서울특별시,대형쇼핑몰,1.30679746E8
202311,서울특별시,카지노,2.8926338E7
202311,서울특별시,관광유원시설,9432.0
202311,서울특별시,골프장,170632.0
202311,서울특별시,기타레저,2165278.0
202311,서울특별시,문화서비스,1058129.0
202311,서울특별시,의료관광,5.6134204E7
202311,서울특별시,뷰티,2.1458646E7
202311,서울특별시,일반외식업,6.4399868E7
202311,서울특별시,제과음료업,1.4013074E7
202311,부산광역시,관광총소비,5.6823617E7
202311,부산광역시,호텔,4349617.0
202311,부산광역시,캠핑장/펜션,14415.0
202311,부산광역시,기타숙박,2618787.0
202311,부산광역시,여행업,4308.0
202311,부산광역시,육상운송,374586.0
202311,부산광역시,수상운송,30533.0
202311,부산광역시,항공운송,3276.0
202311,부산광역시,렌터카,16002.0
202311,부산광역시,면세점,2074558.0
202311,부산광역시,기타관광쇼핑,6347376.0
202311,부산광역시,레저용품쇼핑,231338.0
202311,부산광역시,대형쇼핑몰,2.0440762E7
202311,부산광역시,카지노,8111403.0
202311,부산광역시,관광유원시설,137797.0
202311,부산광역시,골프장,30741.0
202311,부산광역시,기타레저,293618.0
202311,부산광역시,문화서비스,30071.0
202311,부산광역시,의료관광,1303438.0
202311,부산광역시,뷰티,2211328.0
202311,부산광역시,일반외식업,7143987.0
202311,부산광역시,제과음료업,1055676.0
202311,대구광역시,관광총소비,5320172.0
202311,대구광역시,호텔,587228.0
202311,대구광역시,콘도,9.0
202311,대구광역시,캠핑장/펜션,1269.0
202311,대구광역시,기타숙박,387756.0
202311,대구광역시,여행업,20967.0
202311,대구광역시,육상운송,73330.0
202311,대구광역시,항공운송,9244.0
202311,대구광역시,렌터카,1955.0
202311,대구광역시,기타관광쇼핑,1096373.0
202311,대구광역시,레저용품쇼핑,140292.0
202311,대구광역시,대형쇼핑몰,987034.0
202311,대구광역시,관광유원시설,49022.0
202311,대구광역시,골프장,9760.0
202311,대구광역시,기타레저,42777.0
202311,대구광역시,문화서비스,5083.0
202311,대구광역시,의료관광,439470.0
202311,대구광역시,뷰티,116329.0
202311,대구광역시,일반외식업,1098116.0
202311,대구광역시,제과음료업,254159.0
202311,인천광역시,관광총소비,5.6445892E7
202311,인천광역시,호텔,2.0805725E7
202311,인천광역시,캠핑장/펜션,8818.0
202311,인천광역시,기타숙박,745328.0
202311,인천광역시,여행업,29735.0
202311,인천광역시,육상운송,470410.0
202311,인천광역시,수상운송,36.0
202311,인천광역시,항공운송,12628.0
202311,인천광역시,렌터카,479842.0
202311,인천광역시,면세점,2.0328139E7
202311,인천광역시,기타관광쇼핑,2717689.0
202311,인천광역시,레저용품쇼핑,132135.0
202311,인천광역시,대형쇼핑몰,3292390.0
202311,인천광역시,관광유원시설,9897.0
202311,인천광역시,골프장,20653.0
202311,인천광역시,기타레저,105947.0
202311,인천광역시,문화서비스,3609.0
202311,인천광역시,의료관광,1145099.0
202311,인천광역시,뷰티,253237.0
202311,인천광역시,일반외식업,4145595.0
202311,인천광역시,제과음료업,1738982.0
202311,광주광역시,관광총소비,2658521.0
202311,광주광역시,호텔,44115.0
202311,광주광역시,캠핑장/펜션,3286.0
202311,광주광역시,기타숙박,240563.0
202311,광주광역시,육상운송,16456.0
202311,광주광역시,기타관광쇼핑,432035.0
202311,광주광역시,레저용품쇼핑,68250.0
202311,광주광역시,대형쇼핑몰,800961.0
202311,광주광역시,관광유원시설,1220.0
202311,광주광역시,골프장,1493.0
202311,광주광역시,기타레저,26918.0
202311,광주광역시,문화서비스,28460.0
202311,광주광역시,의료관광,126901.0
202311,광주광역시,뷰티,43755.0
202311,광주광역시,일반외식업,702340.0
202311,광주광역시,제과음료업,121768.0
202311,대전광역시,관광총소비,4068911.0
202311,대전광역시,호텔,400730.0
202311,대전광역시,캠핑장/펜션,80.0
202311,대전광역시,기타숙박,278718.0
202311,대전광역시,여행업,14.0
202311,대전광역시,육상운송,1291897.0
202311,대전광역시,렌터카,8694.0
202311,대전광역시,기타관광쇼핑,374230.0
202311,대전광역시,레저용품쇼핑,22861.0
202311,대전광역시,대형쇼핑몰,707352.0
202311,대전광역시,관광유원시설,1305.0
202311,대전광역시,골프장,1460.0
202311,대전광역시,기타레저,24767.0
202311,대전광역시,문화서비스,3199.0
202311,대전광역시,의료관광,173976.0
202311,대전광역시,뷰티,42444.0
202311,대전광역시,일반외식업,625187.0
202311,대전광역시,제과음료업,111997.0
202311,울산광역시,관광총소비,1716607.0
202311,울산광역시,호텔,750632.0
202311,울산광역시,캠핑장/펜션,20.0
202311,울산광역시,기타숙박,72898.0
202311,울산광역시,여행업,477.0
202311,울산광역시,육상운송,24156.0
202311,울산광역시,렌터카,470.0
202311,울산광역시,기타관광쇼핑,118904.0
202311,울산광역시,레저용품쇼핑,6592.0
202311,울산광역시,대형쇼핑몰,284202.0
202311,울산광역시,관광유원시설,34.0
202311,울산광역시,골프장,7101.0
202311,울산광역시,기타레저,8054.0
202311,울산광역시,문화서비스,7927.0
202311,울산광역시,의료관광,60360.0
202311,울산광역시,뷰티,27998.0
202311,울산광역시,일반외식업,317971.0
202311,울산광역시,제과음료업,28810.0
202311,세종특별자치시,관광총소비,376860.0
202311,세종특별자치시,기타숙박,83746.0
202311,세종특별자치시,육상운송,11840.0
202311,세종특별자치시,기타관광쇼핑,70253.0
202311,세종특별자치시,레저용품쇼핑,5398.0
202311,세종특별자치시,대형쇼핑몰,24409.0
202311,세종특별자치시,관광유원시설,167.0
202311,세종특별자치시,골프장,6743.0
202311,세종특별자치시,기타레저,4033.0
202311,세종특별자치시,문화서비스,586.0
202311,세종특별자치시,의료관광,21038.0
202311,세종특별자치시,뷰티,4905.0
202311,세종특별자치시,일반외식업,122626.0
202311,세종특별자치시,제과음료업,21115.0
202311,경기도,관광총소비,6.7513029E7
202311,경기도,호텔,5334149.0
202311,경기도,콘도,2822.0
202311,경기도,캠핑장/펜션,40608.0
202311,경기도,기타숙박,7992982.0
202311,경기도,여행업,62806.0
202311,경기도,육상운송,1731360.0
202311,경기도,수상운송,20954.0
202311,경기도,렌터카,425794.0
202311,경기도,면세점,1815.0
202311,경기도,기타관광쇼핑,1.0126915E7
202311,경기도,레저용품쇼핑,3082039.0
202311,경기도,대형쇼핑몰,1.6744148E7
202311,경기도,관광유원시설,541050.0
202311,경기도,골프장,712795.0
202311,경기도,기타레저,545418.0
202311,경기도,문화서비스,106296.0
202311,경기도,의료관광,3678874.0
202311,경기도,뷰티,2026960.0
202311,경기도,일반외식업,1.2883403E7
202311,경기도,제과음료업,1451842.0
202311,충청북도,관광총소비,2516351.0
202311,충청북도,호텔,79029.0
202311,충청북도,콘도,882.0
202311,충청북도,캠핑장/펜션,578.0
202311,충청북도,기타숙박,496559.0
202311,충청북도,육상운송,63104.0
202311,충청북도,수상운송,456.0
202311,충청북도,항공운송,1194.0
202311,충청북도,렌터카,4179.0
202311,충청북도,면세점,4588.0
202311,충청북도,기타관광쇼핑,433763.0
202311,충청북도,레저용품쇼핑,37255.0
202311,충청북도,대형쇼핑몰,419533.0
202311,충청북도,관광유원시설,557.0
202311,충청북도,골프장,64931.0
202311,충청북도,기타레저,19544.0
202311,충청북도,문화서비스,463.0
202311,충청북도,의료관광,135619.0
202311,충청북도,뷰티,30600.0
202311,충청북도,일반외식업,644303.0
202311,충청북도,제과음료업,79215.0
202311,충청남도,관광총소비,3184071.0
202311,충청남도,호텔,61793.0
202311,충청남도,콘도,15921.0
202311,충청남도,캠핑장/펜션,1081.0
202311,충청남도,기타숙박,385079.0
202311,충청남도,여행업,566.0
202311,충청남도,육상운송,128768.0
202311,충청남도,렌터카,12219.0
202311,충청남도,기타관광쇼핑,762494.0
202311,충청남도,레저용품쇼핑,66591.0
202311,충청남도,대형쇼핑몰,509898.0
202311,충청남도,관광유원시설,723.0
202311,충청남도,골프장,27085.0
202311,충청남도,기타레저,28627.0
202311,충청남도,문화서비스,1246.0
202311,충청남도,의료관광,267877.0
202311,충청남도,뷰티,46042.0
202311,충청남도,일반외식업,759039.0
202311,충청남도,제과음료업,109023.0
202311,전라남도,관광총소비,2286695.0
202311,전라남도,호텔,125272.0
202311,전라남도,콘도,3199.0
202311,전라남도,캠핑장/펜션,2339.0
202311,전라남도,기타숙박,609052.0
202311,전라남도,여행업,858.0
202311,전라남도,육상운송,48998.0
202311,전라남도,수상운송,935.0
202311,전라남도,렌터카,67001.0
202311,전라남도,면세점,238.0
202311,전라남도,기타관광쇼핑,365694.0
202311,전라남도,레저용품쇼핑,23578.0
202311,전라남도,대형쇼핑몰,320595.0
202311,전라남도,관광유원시설,600.0
202311,전라남도,골프장,35934.0
202311,전라남도,기타레저,32329.0
202311,전라남도,문화서비스,6784.0
202311,전라남도,의료관광,42322.0
202311,전라남도,뷰티,42880.0
202311,전라남도,일반외식업,484354.0
202311,전라남도,제과음료업,73732.0
202311,경상북도,관광총소비,4681022.0
202311,경상북도,호텔,610789.0
202311,경상북도,콘도,12043.0
202311,경상북도,캠핑장/펜션,23408.0
202311,경상북도,기타숙박,477403.0
202311,경상북도,여행업,853.0
202311,경상북도,육상운송,132518.0
202311,경상북도,수상운송,83.0
202311,경상북도,렌터카,34482.0
202311,경상북도,기타관광쇼핑,909426.0
202311,경상북도,레저용품쇼핑,49290.0
202311,경상북도,대형쇼핑몰,366850.0
202311,경상북도,관광유원시설,1430.0
202311,경상북도,골프장,185761.0
202311,경상북도,기타레저,45185.0
202311,경상북도,문화서비스,4315.0
202311,경상북도,의료관광,108230.0
202311,경상북도,뷰티,99576.0
202311,경상북도,일반외식업,1402126.0
202311,경상북도,제과음료업,217254.0
202311,경상남도,관광총소비,4718711.0
202311,경상남도,호텔,342455.0
202311,경상남도,콘도,2590.0
202311,경상남도,캠핑장/펜션,5179.0
202311,경상남도,기타숙박,906837.0
202311,경상남도,여행업,1488.0
202311,경상남도,육상운송,132605.0
202311,경상남도,수상운송,179.0
202311,경상남도,렌터카,11284.0
202311,경상남도,기타관광쇼핑,503943.0
202311,경상남도,레저용품쇼핑,196383.0
202311,경상남도,대형쇼핑몰,1027191.0
202311,경상남도,관광유원시설,1888.0
202311,경상남도,골프장,63708.0
202311,경상남도,기타레저,58213.0
202311,경상남도,문화서비스,1526.0
202311,경상남도,의료관광,168259.0
202311,경상남도,뷰티,74339.0
202311,경상남도,일반외식업,1111765.0
202311,경상남도,제과음료업,108878.0
202311,제주특별자치도,관광총소비,1.9798105E7
202311,제주특별자치도,호텔,1644436.0
202311,제주특별자치도,콘도,930366.0
202311,제주특별자치도,캠핑장/펜션,23722.0
202311,제주특별자치도,기타숙박,867430.0
202311,제주특별자치도,여행업,31911.0
202311,제주특별자치도,육상운송,276235.0
202311,제주특별자치도,수상운송,35626.0
202311,제주특별자치도,항공운송,29351.0
202311,제주특별자치도,렌터카,1016756.0
202311,제주특별자치도,면세점,1610275.0
202311,제주특별자치도,기타관광쇼핑,4047770.0
202311,제주특별자치도,레저용품쇼핑,504488.0
202311,제주특별자치도,대형쇼핑몰,1646800.0
202311,제주특별자치도,관광유원시설,38579.0
202311,제주특별자치도,골프장,222683.0
202311,제주특별자치도,기타레저,137399.0
202311,제주특별자치도,문화서비스,92498.0
202311,제주특별자치도,의료관광,650844.0
202311,제주특별자치도,뷰티,429182.0
202311,제주특별자치도,일반외식업,4691913.0
202311,제주특별자치도,제과음료업,869843.0
202311,강원특별자치도,관광총소비,3296736.0
202311,강원특별자치도,호텔,252433.0
202311,강원특별자치도,콘도,139141.0
202311,강원특별자치도,캠핑장/펜션,5286.0
202311,강원특별자치도,기타숙박,537467.0
202311,강원특별자치도,여행업,3873.0
202311,강원특별자치도,육상운송,99737.0
202311,강원특별자치도,수상운송,745.0
202311,강원특별자치도,렌터카,1887.0
202311,강원특별자치도,면세점,1465.0
202311,강원특별자치도,기타관광쇼핑,714997.0
202311,강원특별자치도,레저용품쇼핑,57841.0
202311,강원특별자치도,대형쇼핑몰,224230.0
202311,강원특별자치도,관광유원시설,9275.0
202311,강원특별자치도,골프장,131689.0
202311,강원특별자치도,기타레저,38835.0
202311,강원특별자치도,문화서비스,3180.0
202311,강원특별자치도,의료관광,87451.0
202311,강원특별자치도,뷰티,30090.0
202311,강원특별자치도,일반외식업,843083.0
202311,강원특별자치도,제과음료업,114030.0
202311,전북특별자치도,관광총소비,3075591.0
202311,전북특별자치도,호텔,62011.0
202311,전북특별자치도,콘도,1927.0
202311,전북특별자치도,캠핑장/펜션,651.0
202311,전북특별자치도,기타숙박,359134.0
202311,전북특별자치도,여행업,56.0
202311,전북특별자치도,육상운송,67840.0
202311,전북특별자치도,수상운송,1125.0
202311,전북특별자치도,렌터카,4956.0
202311,전북특별자치도,기타관광쇼핑,511561.0
202311,전북특별자치도,레저용품쇼핑,57146.0
202311,전북특별자치도,대형쇼핑몰,616448.0
202311,전북특별자치도,관광유원시설,28.0
202311,전북특별자치도,골프장,11440.0
202311,전북특별자치도,기타레저,40627.0
202311,전북특별자치도,문화서비스,51450.0
202311,전북특별자치도,의료관광,176352.0
202311,전북특별자치도,뷰티,63047.0
202311,전북특별자치도,일반외식업,904982.0
202311,전북특별자치도,제과음료업,144809.0
202311,기타(지역 미분류),관광총소비,2.05671299E8
202311,기타(지역 미분류),호텔,6.3520812E7
202311,기타(지역 미분류),콘도,1548038.0
202311,기타(지역 미분류),캠핑장/펜션,295361.0
202311,기타(지역 미분류),기타숙박,2.5807026E7
202311,기타(지역 미분류),여행업,926358.0
202311,기타(지역 미분류),육상운송,1.2034504E7
202311,기타(지역 미분류),수상운송,3588.0
202311,기타(지역 미분류),항공운송,5.1936885E7
202311,기타(지역 미분류),렌터카,444974.0
202311,기타(지역 미분류),면세점,1.6272317E7
202311,기타(지역 미분류),기타관광쇼핑,78762.0
202311,기타(지역 미분류),레저용품쇼핑,798034.0
202311,기타(지역 미분류),관광유원시설,295794.0
202311,기타(지역 미분류),골프장,3134491.0
202311,기타(지역 미분류),기타레저,173308.0
202311,기타(지역 미분류),문화서비스,657030.0
202311,기타(지역 미분류),의료관광,1.0098834E7
202311,기타(지역 미분류),뷰티,977338.0
202311,기타(지역 미분류),일반외식업,1.3570638E7
202311,기타(지역 미분류),제과음료업,3097206.0
202312,서울특별시,관광총소비,5.6587883E8
202312,서울특별시,호텔,6.9680269E7
202312,서울특별시,콘도,154883.0
202312,서울특별시,캠핑장/펜션,247620.0
202312,서울특별시,기타숙박,1.4653464E7
202312,서울특별시,여행업,567952.0
202312,서울특별시,육상운송,1.5279756E7
202312,서울특별시,수상운송,9734.0
202312,서울특별시,항공운송,1317475.0
202312,서울특별시,렌터카,124287.0
202312,서울특별시,면세점,2.749372E7
202312,서울특별시,기타관광쇼핑,1.05549203E8
202312,서울특별시,레저용품쇼핑,8615715.0
202312,서울특별시,대형쇼핑몰,1.41615915E8
202312,서울특별시,카지노,2.9447168E7
202312,서울특별시,관광유원시설,11535.0
202312,서울특별시,골프장,295655.0
202312,서울특별시,기타레저,1640401.0
202312,서울특별시,문화서비스,883442.0
202312,서울특별시,의료관광,5.0849874E7
202312,서울특별시,뷰티,2.1106746E7
202312,서울특별시,일반외식업,6.3776572E7
202312,서울특별시,제과음료업,1.2557445E7
202312,부산광역시,관광총소비,4.5566977E7
202312,부산광역시,호텔,2348461.0
202312,부산광역시,캠핑장/펜션,9156.0
202312,부산광역시,기타숙박,1916706.0
202312,부산광역시,여행업,3699.0
202312,부산광역시,육상운송,266347.0
202312,부산광역시,수상운송,28242.0
202312,부산광역시,항공운송,1823.0
202312,부산광역시,렌터카,14046.0
202312,부산광역시,면세점,1488408.0
202312,부산광역시,기타관광쇼핑,4875818.0
202312,부산광역시,레저용품쇼핑,223040.0
202312,부산광역시,대형쇼핑몰,1.6886732E7
202312,부산광역시,카지노,8147464.0
202312,부산광역시,관광유원시설,129084.0
202312,부산광역시,골프장,24260.0
202312,부산광역시,기타레저,236752.0
202312,부산광역시,문화서비스,15896.0
202312,부산광역시,의료관광,1104414.0
202312,부산광역시,뷰티,1951674.0
202312,부산광역시,일반외식업,5097436.0
202312,부산광역시,제과음료업,797521.0
202312,대구광역시,관광총소비,4901117.0
202312,대구광역시,호텔,600984.0
202312,대구광역시,캠핑장/펜션,677.0
202312,대구광역시,기타숙박,258193.0
202312,대구광역시,여행업,26134.0
202312,대구광역시,육상운송,65992.0
202312,대구광역시,항공운송,21736.0
202312,대구광역시,렌터카,6108.0
202312,대구광역시,기타관광쇼핑,752588.0
202312,대구광역시,레저용품쇼핑,151418.0
202312,대구광역시,대형쇼핑몰,1150324.0
202312,대구광역시,관광유원시설,38597.0
202312,대구광역시,골프장,7758.0
202312,대구광역시,기타레저,44909.0
202312,대구광역시,문화서비스,3403.0
202312,대구광역시,의료관광,383589.0
202312,대구광역시,뷰티,82010.0
202312,대구광역시,일반외식업,1111250.0
202312,대구광역시,제과음료업,195446.0
202312,인천광역시,관광총소비,5.4625347E7
202312,인천광역시,호텔,2.0103927E7
202312,인천광역시,캠핑장/펜션,9479.0
202312,인천광역시,기타숙박,554305.0
202312,인천광역시,여행업,8075.0
202312,인천광역시,육상운송,399590.0
202312,인천광역시,항공운송,40867.0
202312,인천광역시,렌터카,485770.0
202312,인천광역시,면세점,2.0213761E7
202312,인천광역시,기타관광쇼핑,2529208.0
202312,인천광역시,레저용품쇼핑,92032.0
202312,인천광역시,대형쇼핑몰,3003000.0
202312,인천광역시,관광유원시설,5698.0
202312,인천광역시,골프장,8833.0
202312,인천광역시,기타레저,95308.0
202312,인천광역시,문화서비스,4429.0
202312,인천광역시,의료관광,1036285.0
202312,인천광역시,뷰티,248753.0
202312,인천광역시,일반외식업,4055646.0
202312,인천광역시,제과음료업,1730380.0
202312,광주광역시,관광총소비,2185424.0
202312,광주광역시,호텔,33687.0
202312,광주광역시,캠핑장/펜션,547.0
202312,광주광역시,기타숙박,140086.0
202312,광주광역시,여행업,3678.0
202312,광주광역시,육상운송,10047.0
202312,광주광역시,렌터카,5835.0
202312,광주광역시,기타관광쇼핑,339050.0
202312,광주광역시,레저용품쇼핑,43001.0
202312,광주광역시,대형쇼핑몰,729811.0
202312,광주광역시,관광유원시설,347.0
202312,광주광역시,골프장,911.0
202312,광주광역시,기타레저,26980.0
202312,광주광역시,문화서비스,31355.0
202312,광주광역시,의료관광,105554.0
202312,광주광역시,뷰티,37747.0
202312,광주광역시,일반외식업,586419.0
202312,광주광역시,제과음료업,90367.0
202312,대전광역시,관광총소비,3550379.0
202312,대전광역시,호텔,221107.0
202312,대전광역시,캠핑장/펜션,35.0
202312,대전광역시,기타숙박,325531.0
202312,대전광역시,육상운송,928145.0
202312,대전광역시,렌터카,5938.0
202312,대전광역시,기타관광쇼핑,342713.0
202312,대전광역시,레저용품쇼핑,16739.0
202312,대전광역시,대형쇼핑몰,799663.0
202312,대전광역시,관광유원시설,497.0
202312,대전광역시,골프장,1096.0
202312,대전광역시,기타레저,19756.0
202312,대전광역시,문화서비스,1632.0
202312,대전광역시,의료관광,204858.0
202312,대전광역시,뷰티,38514.0
202312,대전광역시,일반외식업,550004.0
202312,대전광역시,제과음료업,94149.0
202312,울산광역시,관광총소비,1482835.0
202312,울산광역시,호텔,521834.0
202312,울산광역시,캠핑장/펜션,193.0
202312,울산광역시,기타숙박,67879.0
202312,울산광역시,여행업,654.0
202312,울산광역시,육상운송,24589.0
202312,울산광역시,렌터카,1210.0
202312,울산광역시,면세점,3386.0
202312,울산광역시,기타관광쇼핑,134499.0
202312,울산광역시,레저용품쇼핑,10074.0
202312,울산광역시,대형쇼핑몰,321986.0
202312,울산광역시,관광유원시설,9.0
202312,울산광역시,골프장,2595.0
202312,울산광역시,기타레저,5958.0
202312,울산광역시,문화서비스,276.0
202312,울산광역시,의료관광,63920.0
202312,울산광역시,뷰티,37323.0
202312,울산광역시,일반외식업,259294.0
202312,울산광역시,제과음료업,27155.0
202312,세종특별자치시,관광총소비,373675.0
202312,세종특별자치시,기타숙박,59444.0
202312,세종특별자치시,육상운송,9983.0
202312,세종특별자치시,기타관광쇼핑,76249.0
202312,세종특별자치시,레저용품쇼핑,5110.0
202312,세종특별자치시,대형쇼핑몰,24299.0
202312,세종특별자치시,골프장,2495.0
202312,세종특별자치시,기타레저,5153.0
202312,세종특별자치시,문화서비스,640.0
202312,세종특별자치시,의료관광,21955.0
202312,세종특별자치시,뷰티,10746.0
202312,세종특별자치시,일반외식업,137287.0
202312,세종특별자치시,제과음료업,20315.0
202312,경기도,관광총소비,6.2825984E7
202312,경기도,호텔,4323878.0
202312,경기도,콘도,7125.0
202312,경기도,캠핑장/펜션,6860.0
202312,경기도,기타숙박,6904510.0
202312,경기도,여행업,57224.0
202312,경기도,육상운송,1671974.0
202312,경기도,수상운송,4861.0
202312,경기도,렌터카,404240.0
202312,경기도,면세점,1932.0
202312,경기도,기타관광쇼핑,9148154.0
202312,경기도,레저용품쇼핑,2945898.0
202312,경기도,대형쇼핑몰,1.6642109E7
202312,경기도,관광유원시설,551925.0
202312,경기도,골프장,188382.0
202312,경기도,기타레저,625669.0
202312,경기도,문화서비스,132816.0
202312,경기도,의료관광,3564004.0
202312,경기도,뷰티,2103649.0
202312,경기도,일반외식업,1.216867E7
202312,경기도,제과음료업,1372103.0
202312,충청북도,관광총소비,2053803.0
202312,충청북도,호텔,101502.0
202312,충청북도,콘도,800.0
202312,충청북도,캠핑장/펜션,180.0
202312,충청북도,기타숙박,418903.0
202312,충청북도,육상운송,60412.0
202312,충청북도,항공운송,1383.0
202312,충청북도,렌터카,1902.0
202312,충청북도,면세점,3591.0
202312,충청북도,기타관광쇼핑,420355.0
202312,충청북도,레저용품쇼핑,24197.0
202312,충청북도,대형쇼핑몰,314304.0
202312,충청북도,관광유원시설,668.0
202312,충청북도,골프장,10255.0
202312,충청북도,기타레저,16340.0
202312,충청북도,문화서비스,699.0
202312,충청북도,의료관광,88793.0
202312,충청북도,뷰티,29452.0
202312,충청북도,일반외식업,503054.0
202312,충청북도,제과음료업,57014.0
202312,충청남도,관광총소비,2804303.0
202312,충청남도,호텔,36115.0
202312,충청남도,콘도,24140.0
202312,충청남도,캠핑장/펜션,1827.0
202312,충청남도,기타숙박,328519.0
202312,충청남도,여행업,30.0
202312,충청남도,육상운송,117466.0
202312,충청남도,렌터카,10382.0
202312,충청남도,기타관광쇼핑,726820.0
202312,충청남도,레저용품쇼핑,60353.0
202312,충청남도,대형쇼핑몰,451807.0
202312,충청남도,관광유원시설,772.0
202312,충청남도,골프장,5855.0
202312,충청남도,기타레저,31621.0
202312,충청남도,문화서비스,1316.0
202312,충청남도,의료관광,222183.0
202312,충청남도,뷰티,56863.0
202312,충청남도,일반외식업,629836.0
202312,충청남도,제과음료업,98397.0
202312,전라남도,관광총소비,1612720.0
202312,전라남도,호텔,65967.0
202312,전라남도,콘도,12177.0
202312,전라남도,캠핑장/펜션,704.0
202312,전라남도,기타숙박,289436.0
202312,전라남도,여행업,20.0
202312,전라남도,육상운송,41085.0
202312,전라남도,수상운송,399.0
202312,전라남도,렌터카,12433.0
202312,전라남도,면세점,766.0
202312,전라남도,기타관광쇼핑,295177.0
202312,전라남도,레저용품쇼핑,24265.0
202312,전라남도,대형쇼핑몰,368916.0
202312,전라남도,관광유원시설,788.0
202312,전라남도,골프장,11261.0
202312,전라남도,기타레저,24248.0
202312,전라남도,문화서비스,9607.0
202312,전라남도,의료관광,26246.0
202312,전라남도,뷰티,44423.0
202312,전라남도,일반외식업,329224.0
202312,전라남도,제과음료업,55579.0
202312,경상북도,관광총소비,3574830.0
202312,경상북도,호텔,277822.0
202312,경상북도,콘도,5181.0
202312,경상북도,캠핑장/펜션,22667.0
202312,경상북도,기타숙박,280774.0
202312,경상북도,여행업,80.0
202312,경상북도,육상운송,106519.0
202312,경상북도,수상운송,222.0
202312,경상북도,렌터카,36662.0
202312,경상북도,기타관광쇼핑,712437.0
202312,경상북도,레저용품쇼핑,46722.0
202312,경상북도,대형쇼핑몰,313029.0
202312,경상북도,관광유원시설,1820.0
202312,경상북도,골프장,144473.0
202312,경상북도,기타레저,31072.0
202312,경상북도,문화서비스,15788.0
202312,경상북도,의료관광,114306.0
202312,경상북도,뷰티,92531.0
202312,경상북도,일반외식업,1213223.0
202312,경상북도,제과음료업,159499.0
202312,경상남도,관광총소비,4225840.0
202312,경상남도,호텔,385908.0
202312,경상남도,콘도,1658.0
202312,경상남도,캠핑장/펜션,1396.0
202312,경상남도,기타숙박,609167.0
202312,경상남도,여행업,2250.0
202312,경상남도,육상운송,113082.0
202312,경상남도,수상운송,74.0
202312,경상남도,렌터카,19879.0
202312,경상남도,기타관광쇼핑,446810.0
202312,경상남도,레저용품쇼핑,143500.0
202312,경상남도,대형쇼핑몰,916584.0
202312,경상남도,관광유원시설,1422.0
202312,경상남도,골프장,38080.0
202312,경상남도,기타레저,80096.0
202312,경상남도,문화서비스,2598.0
202312,경상남도,의료관광,341123.0
202312,경상남도,뷰티,65683.0
202312,경상남도,일반외식업,950570.0
202312,경상남도,제과음료업,105959.0
202312,제주특별자치도,관광총소비,1.8204129E7
202312,제주특별자치도,호텔,1286445.0
202312,제주특별자치도,콘도,906955.0
202312,제주특별자치도,캠핑장/펜션,18027.0
202312,제주특별자치도,기타숙박,767020.0
202312,제주특별자치도,여행업,43493.0
202312,제주특별자치도,육상운송,214914.0
202312,제주특별자치도,수상운송,29617.0
202312,제주특별자치도,항공운송,17651.0
202312,제주특별자치도,렌터카,1022460.0
202312,제주특별자치도,면세점,1308481.0
202312,제주특별자치도,기타관광쇼핑,4067276.0
202312,제주특별자치도,레저용품쇼핑,494157.0
202312,제주특별자치도,대형쇼핑몰,1366715.0
202312,제주특별자치도,관광유원시설,40654.0
202312,제주특별자치도,골프장,85454.0
202312,제주특별자치도,기타레저,78780.0
202312,제주특별자치도,문화서비스,91491.0
202312,제주특별자치도,의료관광,863756.0
202312,제주특별자치도,뷰티,290733.0
202312,제주특별자치도,일반외식업,4438520.0
202312,제주특별자치도,제과음료업,771531.0
202312,강원특별자치도,관광총소비,7132841.0
202312,강원특별자치도,호텔,2357436.0
202312,강원특별자치도,콘도,121642.0
202312,강원특별자치도,캠핑장/펜션,129389.0
202312,강원특별자치도,기타숙박,651626.0
202312,강원특별자치도,여행업,4312.0
202312,강원특별자치도,육상운송,111657.0
202312,강원특별자치도,수상운송,335.0
202312,강원특별자치도,렌터카,3832.0
202312,강원특별자치도,면세점,2978.0
202312,강원특별자치도,기타관광쇼핑,955192.0
202312,강원특별자치도,레저용품쇼핑,304205.0
202312,강원특별자치도,대형쇼핑몰,228255.0
202312,강원특별자치도,관광유원시설,9002.0
202312,강원특별자치도,골프장,646698.0
202312,강원특별자치도,기타레저,75882.0
202312,강원특별자치도,문화서비스,4515.0
202312,강원특별자치도,의료관광,91009.0
202312,강원특별자치도,뷰티,32635.0
202312,강원특별자치도,일반외식업,1239500.0
202312,강원특별자치도,제과음료업,162738.0
202312,전북특별자치도,관광총소비,2798659.0
202312,전북특별자치도,호텔,62119.0
202312,전북특별자치도,콘도,1715.0
202312,전북특별자치도,캠핑장/펜션,16000.0
202312,전북특별자치도,기타숙박,282320.0
202312,전북특별자치도,여행업,440.0
202312,전북특별자치도,육상운송,46841.0
202312,전북특별자치도,수상운송,122.0
202312,전북특별자치도,렌터카,3580.0
202312,전북특별자치도,기타관광쇼핑,401892.0
202312,전북특별자치도,레저용품쇼핑,51832.0
202312,전북특별자치도,대형쇼핑몰,710688.0
202312,전북특별자치도,골프장,5637.0
202312,전북특별자치도,기타레저,69260.0
202312,전북특별자치도,문화서비스,37402.0
202312,전북특별자치도,의료관광,120172.0
202312,전북특별자치도,뷰티,58559.0
202312,전북특별자치도,일반외식업,822670.0
202312,전북특별자치도,제과음료업,107412.0
202312,기타(지역 미분류),관광총소비,2.04672892E8
202312,기타(지역 미분류),호텔,6.8814038E7
202312,기타(지역 미분류),콘도,1971500.0
202312,기타(지역 미분류),캠핑장/펜션,527295.0
202312,기타(지역 미분류),기타숙박,2.659658E7
202312,기타(지역 미분류),여행업,923582.0
202312,기타(지역 미분류),육상운송,1.1815392E7
202312,기타(지역 미분류),수상운송,1199.0
202312,기타(지역 미분류),항공운송,4.7430696E7
202312,기타(지역 미분류),렌터카,404718.0
202312,기타(지역 미분류),면세점,1.7624067E7
202312,기타(지역 미분류),기타관광쇼핑,58732.0
202312,기타(지역 미분류),레저용품쇼핑,749975.0
202312,기타(지역 미분류),관광유원시설,256579.0
202312,기타(지역 미분류),골프장,1039653.0
202312,기타(지역 미분류),기타레저,170231.0
202312,기타(지역 미분류),문화서비스,825234.0
202312,기타(지역 미분류),의료관광,8753371.0
202312,기타(지역 미분류),뷰티,987732.0
202312,기타(지역 미분류),일반외식업,1.296814E7
202312,기타(지역 미분류),제과음료업,2754180.0
